final_cluster_id,week,complaint_count
-1,2015-03-16,172
-1,2015-03-23,385
-1,2015-03-30,368
-1,2015-04-06,381
-1,2015-04-13,327
-1,2015-04-20,419
-1,2015-04-27,425
-1,2015-05-04,345
-1,2015-05-11,426
-1,2015-05-18,407
-1,2015-05-25,364
-1,2015-06-01,403
-1,2015-06-08,383
-1,2015-06-15,384
-1,2015-06-22,418
-1,2015-06-29,367
-1,2015-07-06,520
-1,2015-07-13,487
-1,2015-07-20,451
-1,2015-07-27,453
-1,2015-08-03,463
-1,2015-08-10,396
-1,2015-08-17,438
-1,2015-08-24,466
-1,2015-08-31,400
-1,2015-09-07,379
-1,2015-09-14,386
-1,2015-09-21,437
-1,2015-09-28,372
-1,2015-10-05,387
-1,2015-10-12,370
-1,2015-10-19,438
-1,2015-10-26,381
-1,2015-11-02,389
-1,2015-11-09,373
-1,2015-11-16,346
-1,2015-11-23,262
-1,2015-11-30,368
-1,2015-12-07,351
-1,2015-12-14,370
-1,2015-12-21,270
-1,2015-12-28,304
-1,2016-01-04,379
-1,2016-01-11,381
-1,2016-01-18,409
-1,2016-01-25,408
-1,2016-02-01,404
-1,2016-02-08,396
-1,2016-02-15,388
-1,2016-02-22,374
-1,2016-02-29,373
-1,2016-03-07,404
-1,2016-03-14,449
-1,2016-03-21,416
-1,2016-03-28,423
-1,2016-04-04,437
-1,2016-04-11,449
-1,2016-04-18,410
-1,2016-04-25,376
-1,2016-05-02,415
-1,2016-05-09,443
-1,2016-05-16,391
-1,2016-05-23,414
-1,2016-05-30,374
-1,2016-06-06,437
-1,2016-06-13,374
-1,2016-06-20,409
-1,2016-06-27,413
-1,2016-07-04,401
-1,2016-07-11,393
-1,2016-07-18,406
-1,2016-07-25,458
-1,2016-08-01,416
-1,2016-08-08,497
-1,2016-08-15,444
-1,2016-08-22,416
-1,2016-08-29,394
-1,2016-09-05,422
-1,2016-09-12,496
-1,2016-09-19,542
-1,2016-09-26,523
-1,2016-10-03,493
-1,2016-10-10,515
-1,2016-10-17,452
-1,2016-10-24,451
-1,2016-10-31,487
-1,2016-11-07,428
-1,2016-11-14,415
-1,2016-11-21,299
-1,2016-11-28,438
-1,2016-12-05,433
-1,2016-12-12,425
-1,2016-12-19,375
-1,2016-12-26,345
-1,2017-01-02,442
-1,2017-01-09,454
-1,2017-01-16,633
-1,2017-01-23,558
-1,2017-01-30,508
-1,2017-02-06,537
-1,2017-02-13,499
-1,2017-02-20,427
-1,2017-02-27,428
-1,2017-03-06,491
-1,2017-03-13,539
-1,2017-03-20,568
-1,2017-03-27,539
-1,2017-04-03,567
-1,2017-04-10,550
-1,2017-04-17,566
-1,2017-04-24,912
-1,2017-05-01,822
-1,2017-05-08,703
-1,2017-05-15,309
-1,2017-05-22,127
-1,2017-05-29,133
-1,2017-06-05,60
-1,2017-06-12,57
-1,2017-06-19,20
-1,2017-06-26,10
-1,2017-07-03,41
-1,2017-07-10,24
-1,2017-07-17,4
-1.0,2015-03-16,44
-1.0,2015-03-23,105
-1.0,2015-03-30,83
-1.0,2015-04-06,75
-1.0,2015-04-13,96
-1.0,2015-04-20,109
-1.0,2015-04-27,94
-1.0,2015-05-04,83
-1.0,2015-05-11,103
-1.0,2015-05-18,122
-1.0,2015-05-25,96
-1.0,2015-06-01,108
-1.0,2015-06-08,121
-1.0,2015-06-15,112
-1.0,2015-06-22,122
-1.0,2015-06-29,95
-1.0,2015-07-06,121
-1.0,2015-07-13,97
-1.0,2015-07-20,102
-1.0,2015-07-27,112
-1.0,2015-08-03,114
-1.0,2015-08-10,123
-1.0,2015-08-17,120
-1.0,2015-08-24,131
-1.0,2015-08-31,84
-1.0,2015-09-07,95
-1.0,2015-09-14,107
-1.0,2015-09-21,123
-1.0,2015-09-28,103
-1.0,2015-10-05,85
-1.0,2015-10-12,102
-1.0,2015-10-19,101
-1.0,2015-10-26,97
-1.0,2015-11-02,90
-1.0,2015-11-09,95
-1.0,2015-11-16,90
-1.0,2015-11-23,60
-1.0,2015-11-30,104
-1.0,2015-12-07,101
-1.0,2015-12-14,85
-1.0,2015-12-21,76
-1.0,2015-12-28,99
-1.0,2016-01-04,108
-1.0,2016-01-11,124
-1.0,2016-01-18,116
-1.0,2016-01-25,104
-1.0,2016-02-01,111
-1.0,2016-02-08,90
-1.0,2016-02-15,112
-1.0,2016-02-22,100
-1.0,2016-02-29,114
-1.0,2016-03-07,112
-1.0,2016-03-14,128
-1.0,2016-03-21,101
-1.0,2016-03-28,86
-1.0,2016-04-04,110
-1.0,2016-04-11,150
-1.0,2016-04-18,96
-1.0,2016-04-25,114
-1.0,2016-05-02,112
-1.0,2016-05-09,116
-1.0,2016-05-16,100
-1.0,2016-05-23,115
-1.0,2016-05-30,91
-1.0,2016-06-06,113
-1.0,2016-06-13,102
-1.0,2016-06-20,128
-1.0,2016-06-27,121
-1.0,2016-07-04,108
-1.0,2016-07-11,95
-1.0,2016-07-18,116
-1.0,2016-07-25,131
-1.0,2016-08-01,113
-1.0,2016-08-08,126
-1.0,2016-08-15,135
-1.0,2016-08-22,113
-1.0,2016-08-29,126
-1.0,2016-09-05,120
-1.0,2016-09-12,137
-1.0,2016-09-19,142
-1.0,2016-09-26,141
-1.0,2016-10-03,145
-1.0,2016-10-10,133
-1.0,2016-10-17,137
-1.0,2016-10-24,117
-1.0,2016-10-31,131
-1.0,2016-11-07,94
-1.0,2016-11-14,121
-1.0,2016-11-21,97
-1.0,2016-11-28,107
-1.0,2016-12-05,131
-1.0,2016-12-12,121
-1.0,2016-12-19,119
-1.0,2016-12-26,106
-1.0,2017-01-02,124
-1.0,2017-01-09,125
-1.0,2017-01-16,194
-1.0,2017-01-23,154
-1.0,2017-01-30,177
-1.0,2017-02-06,162
-1.0,2017-02-13,167
-1.0,2017-02-20,159
-1.0,2017-02-27,148
-1.0,2017-03-06,142
-1.0,2017-03-13,142
-1.0,2017-03-20,126
-1.0,2017-03-27,144
-1.0,2017-04-03,121
-1.0,2017-04-10,104
-1.0,2017-04-17,42
-1.0,2017-04-24,59
-1.0,2017-05-01,94
-1.0,2017-05-08,182
-1.0,2017-05-15,536
-1.0,2017-05-22,692
-1.0,2017-05-29,626
-1.0,2017-06-05,776
-1.0,2017-06-12,688
-1.0,2017-06-19,837
-1.0,2017-06-26,691
-1.0,2017-07-03,668
-1.0,2017-07-10,924
-1.0,2017-07-17,799
-1.0,2017-07-24,806
-1.0,2017-07-31,721
-1.0,2017-08-07,280
-1.0,2017-08-14,400
-1.0,2017-08-21,275
-1.0,2017-08-28,143
-1.0,2017-09-04,140
-1.0,2017-09-11,38
-1.0,2017-09-18,37
-1.0,2017-09-25,11
-1.0,2017-10-30,16
0,2015-09-07,1
0,2015-12-28,1
0,2016-02-08,1
0,2016-03-07,1
0,2016-08-15,1
0,2016-10-24,1
0,2016-11-07,1
0,2016-11-14,1
0,2017-01-09,1
0,2017-01-30,1
0,2017-02-06,1
0,2017-02-13,1
0,2017-02-20,1
0,2017-02-27,1
0,2017-03-06,1
0,2017-03-13,1
0,2017-03-27,2
0,2017-04-03,1
0,2017-04-24,1
0,2017-05-08,1
0.0,2015-11-02,1
0.0,2016-08-22,1
0.0,2016-10-24,1
0.0,2017-01-09,1
0.0,2017-04-03,1
0.0,2017-04-10,1
0.0,2017-05-29,1
0.0,2017-06-12,2
0.0,2017-07-10,1
1,2015-08-24,1
1,2015-09-14,1
1,2016-03-28,1
1,2016-06-13,1
1,2016-11-28,2
1,2017-01-09,1
1,2017-01-16,1
1,2017-04-03,2
1,2017-04-24,1
1,2017-05-08,1
1.0,2015-04-06,1
1.0,2017-02-06,1
1.0,2017-05-22,4
1.0,2017-05-29,3
1.0,2017-06-05,1
1.0,2017-06-12,9
1.0,2017-06-19,15
1.0,2017-06-26,15
1.0,2017-07-03,9
1.0,2017-07-10,7
1.0,2017-07-17,23
1.0,2017-07-24,9
1.0,2017-07-31,9
1.0,2017-08-07,3
1.0,2017-08-14,19
1.0,2017-08-21,9
1.0,2017-08-28,4
1.0,2017-09-04,5
1.0,2017-09-11,1
10,2015-07-20,1
10,2017-01-23,1
10,2017-02-20,1
10,2017-03-06,1
10,2017-07-03,2
10.0,2017-07-03,15
10.0,2017-07-10,4
10.0,2017-07-17,6
10.0,2017-07-24,4
10.0,2017-07-31,4
10.0,2017-08-14,2
10.0,2017-08-21,3
10.0,2017-08-28,1
100,2015-03-23,1
100,2015-04-27,1
100,2015-05-25,2
100,2015-07-20,2
100,2015-08-03,1
100,2015-08-24,1
100,2015-09-14,1
100,2015-12-07,1
100,2016-01-25,1
100,2016-02-29,1
100,2016-03-28,1
100,2016-04-04,1
100,2016-05-02,1
100,2016-06-20,1
100,2016-07-11,2
100,2016-09-12,2
100,2016-09-26,1
100,2016-10-03,1
100,2016-12-19,1
100,2017-01-02,1
100,2017-01-30,2
100,2017-02-20,1
100,2017-02-27,1
100,2017-03-13,1
100,2017-04-17,1
100,2017-04-24,1
100,2017-05-01,5
100,2017-05-08,1
100,2017-05-15,1
100.0,2015-09-28,1
100.0,2015-10-05,1
100.0,2015-11-16,1
100.0,2016-03-07,2
100.0,2016-04-18,2
100.0,2016-06-13,1
100.0,2016-08-15,1
100.0,2016-11-28,1
100.0,2017-01-23,1
100.0,2017-02-13,1
100.0,2017-05-01,1
100.0,2017-05-22,1
100.0,2017-05-29,1
100.0,2017-06-19,1
100.0,2017-07-03,1
100.0,2017-07-10,1
100.0,2017-07-24,2
100.0,2017-08-14,2
100.0,2017-08-21,1
100.0,2017-09-04,1
101,2015-07-06,1
101,2015-07-13,1
101,2015-08-03,1
101,2015-08-31,1
101,2015-10-12,64
101,2015-10-19,203
101,2015-10-26,79
101,2015-11-02,12
101,2015-11-09,5
101,2015-11-16,2
101,2015-11-23,3
101,2015-11-30,2
101,2015-12-07,2
101,2015-12-21,1
101,2015-12-28,2
101,2016-01-11,1
101,2016-01-18,1
101,2016-01-25,1
101,2016-02-01,1
101,2016-02-08,1
101,2016-02-15,1
101,2016-02-29,1
101,2016-03-21,1
101,2016-03-28,1
101,2016-04-25,2
101,2016-05-16,2
101,2016-05-30,1
101,2016-06-06,1
101,2016-06-13,1
101,2016-07-04,1
101,2016-07-11,1
101,2016-07-25,2
101,2016-08-01,2
101,2016-08-15,1
101,2016-08-22,1
101,2016-09-05,2
101,2016-11-07,1
101,2016-11-14,1
101,2016-11-28,1
101,2017-01-02,1
101,2017-01-09,1
101,2017-01-30,2
101,2017-02-20,1
101,2017-03-20,2
101,2017-03-27,1
101,2017-04-03,1
101,2017-04-17,1
101,2017-04-24,2
101,2017-05-01,3
101,2017-05-08,1
101,2017-05-15,1
101,2017-06-12,1
101.0,2015-08-24,1
101.0,2015-10-12,8
101.0,2015-10-19,39
101.0,2015-10-26,14
101.0,2015-11-02,5
101.0,2015-11-09,2
101.0,2015-11-16,1
101.0,2015-11-23,1
101.0,2015-11-30,1
101.0,2015-12-21,1
101.0,2016-01-11,1
101.0,2016-03-07,1
101.0,2016-03-21,1
101.0,2016-03-28,1
101.0,2016-05-30,1
101.0,2016-06-06,1
101.0,2016-07-04,1
101.0,2016-08-15,1
101.0,2016-08-22,1
101.0,2016-09-19,1
101.0,2016-09-26,1
101.0,2016-11-14,2
101.0,2016-12-26,1
101.0,2017-01-02,1
101.0,2017-02-06,1
101.0,2017-02-13,3
101.0,2017-03-20,1
101.0,2017-05-15,1
101.0,2017-05-22,1
101.0,2017-06-12,1
101.0,2017-06-19,1
101.0,2017-06-26,2
101.0,2017-07-03,2
101.0,2017-07-24,1
101.0,2017-07-31,2
101.0,2017-08-21,1
102,2015-03-16,1
102,2015-06-01,1
102,2015-07-27,1
102,2015-09-07,1
102,2015-09-28,1
102,2015-10-05,1
102,2015-11-02,1
102,2015-11-23,1
102,2016-01-25,2
102,2016-02-01,1
102,2016-02-08,1
102,2016-02-29,1
102,2016-03-28,1
102,2016-04-04,1
102,2016-05-02,1
102,2016-07-04,1
102,2016-08-15,1
102,2016-09-12,2
102,2016-09-19,1
102,2016-09-26,1
102,2016-10-03,1
102,2016-10-17,2
102,2016-10-31,1
102,2016-11-14,1
102,2017-01-23,1
102,2017-01-30,1
102,2017-02-06,1
102,2017-02-20,2
102,2017-02-27,2
102,2017-03-13,2
102,2017-04-17,1
102,2017-04-24,1
102,2017-05-22,1
102.0,2015-08-03,1
102.0,2016-07-11,1
102.0,2016-09-26,1
102.0,2016-12-05,1
102.0,2017-01-30,1
102.0,2017-02-20,1
102.0,2017-04-10,1
102.0,2017-07-17,2
103,2015-05-25,1
103,2015-06-15,1
103,2015-07-13,1
103,2015-07-20,2
103,2015-08-03,1
103,2015-08-24,1
103,2015-09-14,1
103,2015-09-21,3
103,2015-10-05,1
103,2015-10-12,1
103,2015-10-19,2
103,2015-11-30,1
103,2015-12-28,1
103,2016-01-04,1
103,2016-01-25,2
103,2016-02-01,1
103,2016-02-08,1
103,2016-04-25,1
103,2016-05-16,1
103,2016-06-27,1
103,2016-07-04,1
103,2016-08-08,1
103,2016-09-05,1
103,2016-09-12,1
103,2016-10-03,2
103,2016-11-14,1
103,2016-12-12,1
103,2016-12-19,2
103,2016-12-26,1
103,2017-02-06,2
103,2017-02-13,1
103,2017-04-10,1
103,2017-04-24,3
103.0,2015-03-30,1
103.0,2015-07-27,1
103.0,2015-08-03,1
103.0,2015-08-24,1
103.0,2015-11-23,1
103.0,2016-06-06,1
103.0,2016-07-04,1
103.0,2016-08-08,1
103.0,2016-10-17,2
103.0,2017-02-06,1
103.0,2017-05-15,1
103.0,2017-05-29,2
103.0,2017-06-12,1
103.0,2017-06-19,2
103.0,2017-06-26,2
103.0,2017-07-10,1
103.0,2017-07-24,1
103.0,2017-07-31,1
104,2015-03-30,1
104,2015-04-06,1
104,2015-04-13,1
104,2015-05-04,1
104,2015-05-18,1
104,2015-06-22,2
104,2015-07-13,1
104,2015-08-24,1
104,2015-09-14,2
104,2015-10-12,1
104,2015-10-26,1
104,2015-11-09,1
104,2016-01-04,1
104,2016-02-01,1
104,2016-02-15,2
104,2016-03-21,1
104,2016-04-18,1
104,2016-04-25,1
104,2016-05-02,1
104,2016-05-30,1
104,2016-06-06,1
104,2016-08-01,1
104,2016-08-15,1
104,2016-08-22,1
104,2016-09-12,1
104,2016-09-26,1
104,2016-10-03,1
104,2016-10-24,1
104,2016-10-31,1
104,2016-11-28,1
104,2016-12-12,1
104,2016-12-19,2
104,2017-03-13,1
104,2017-04-10,1
104,2017-05-22,1
104.0,2015-04-06,1
104.0,2015-12-14,1
104.0,2016-01-18,1
104.0,2016-04-25,2
104.0,2016-10-03,1
104.0,2017-05-22,1
105,2015-03-16,1
105,2015-03-23,2
105,2015-04-06,5
105,2015-04-13,1
105,2015-04-20,5
105,2015-04-27,5
105,2015-05-04,2
105,2015-05-11,2
105,2015-05-18,5
105,2015-05-25,5
105,2015-06-01,4
105,2015-06-15,2
105,2015-06-22,3
105,2015-06-29,1
105,2015-07-06,4
105,2015-07-13,3
105,2015-07-20,3
105,2015-07-27,4
105,2015-08-03,3
105,2015-08-10,2
105,2015-08-17,7
105,2015-08-24,2
105,2015-08-31,5
105,2015-09-07,5
105,2015-09-14,5
105,2015-09-21,5
105,2015-09-28,4
105,2015-10-05,1
105,2015-10-12,7
105,2015-10-19,6
105,2015-10-26,2
105,2015-11-02,5
105,2015-11-09,1
105,2015-11-16,6
105,2015-11-23,2
105,2015-11-30,3
105,2015-12-07,4
105,2015-12-14,3
105,2015-12-28,2
105,2016-01-04,6
105,2016-01-11,3
105,2016-01-18,2
105,2016-01-25,5
105,2016-02-01,6
105,2016-02-08,7
105,2016-02-15,2
105,2016-02-22,5
105,2016-02-29,1
105,2016-03-07,3
105,2016-03-14,2
105,2016-03-21,6
105,2016-03-28,7
105,2016-04-04,5
105,2016-04-11,1
105,2016-04-18,5
105,2016-04-25,5
105,2016-05-02,1
105,2016-05-09,4
105,2016-05-16,4
105,2016-05-23,2
105,2016-05-30,1
105,2016-06-06,5
105,2016-06-13,4
105,2016-06-20,5
105,2016-06-27,3
105,2016-07-04,2
105,2016-07-11,1
105,2016-07-18,5
105,2016-07-25,3
105,2016-08-01,4
105,2016-08-08,5
105,2016-08-15,6
105,2016-08-29,6
105,2016-09-05,3
105,2016-09-12,2
105,2016-09-19,3
105,2016-09-26,2
105,2016-10-03,4
105,2016-10-10,6
105,2016-10-17,3
105,2016-10-24,1
105,2016-10-31,2
105,2016-11-07,2
105,2016-11-14,1
105,2016-11-21,3
105,2016-11-28,3
105,2016-12-05,3
105,2016-12-12,5
105,2016-12-19,2
105,2016-12-26,2
105,2017-01-02,4
105,2017-01-09,4
105,2017-01-16,3
105,2017-01-23,2
105,2017-01-30,3
105,2017-02-06,2
105,2017-02-13,8
105,2017-02-20,2
105,2017-02-27,3
105,2017-03-06,3
105,2017-03-13,3
105,2017-03-20,6
105,2017-03-27,8
105,2017-04-03,7
105,2017-04-10,6
105,2017-04-17,5
105,2017-04-24,5
105,2017-05-01,6
105,2017-05-08,3
105,2017-05-15,1
105,2017-06-05,1
105,2017-06-12,2
105.0,2015-04-27,3
105.0,2015-05-04,1
105.0,2015-05-18,1
105.0,2015-05-25,1
105.0,2015-06-08,2
105.0,2015-06-15,3
105.0,2015-06-22,1
105.0,2015-06-29,1
105.0,2015-07-13,1
105.0,2015-08-03,1
105.0,2015-08-10,1
105.0,2015-08-24,2
105.0,2015-08-31,3
105.0,2015-09-07,1
105.0,2015-09-28,1
105.0,2015-10-05,1
105.0,2015-10-19,1
105.0,2015-11-02,2
105.0,2015-11-09,2
105.0,2015-11-30,1
105.0,2015-12-28,1
105.0,2016-01-04,2
105.0,2016-01-11,1
105.0,2016-01-18,1
105.0,2016-02-01,1
105.0,2016-02-15,1
105.0,2016-03-07,1
105.0,2016-03-21,1
105.0,2016-04-04,1
105.0,2016-04-11,2
105.0,2016-04-18,1
105.0,2016-05-02,1
105.0,2016-05-09,1
105.0,2016-05-16,2
105.0,2016-05-30,1
105.0,2016-06-13,1
105.0,2016-06-20,1
105.0,2016-07-04,1
105.0,2016-07-11,2
105.0,2016-07-18,1
105.0,2016-07-25,1
105.0,2016-08-01,3
105.0,2016-08-08,1
105.0,2016-08-15,3
105.0,2016-08-29,1
105.0,2016-09-12,3
105.0,2016-09-26,2
105.0,2016-10-03,1
105.0,2016-10-10,4
105.0,2016-10-17,5
105.0,2016-10-24,2
105.0,2016-11-07,1
105.0,2016-11-14,2
105.0,2016-11-28,1
105.0,2016-12-12,1
105.0,2016-12-19,1
105.0,2017-01-09,1
105.0,2017-01-23,1
105.0,2017-02-20,1
105.0,2017-02-27,3
105.0,2017-03-06,2
105.0,2017-03-13,2
105.0,2017-03-20,1
105.0,2017-03-27,2
105.0,2017-04-03,1
105.0,2017-04-10,1
105.0,2017-04-17,1
105.0,2017-05-01,1
105.0,2017-05-08,2
105.0,2017-05-15,1
105.0,2017-05-22,5
105.0,2017-05-29,4
105.0,2017-06-05,3
105.0,2017-06-12,6
105.0,2017-06-19,3
105.0,2017-06-26,9
105.0,2017-07-10,2
105.0,2017-07-17,7
105.0,2017-07-24,5
105.0,2017-07-31,4
105.0,2017-08-07,3
105.0,2017-08-14,4
106,2015-03-23,2
106,2015-04-06,2
106,2015-05-11,1
106,2015-05-18,1
106,2015-05-25,1
106,2015-06-08,1
106,2015-06-15,1
106,2015-06-22,1
106,2015-06-29,1
106,2015-07-06,1
106,2015-07-20,2
106,2015-07-27,1
106,2015-08-03,1
106,2015-08-17,1
106,2015-08-24,1
106,2015-09-21,1
106,2015-10-05,1
106,2015-10-26,1
106,2015-11-02,1
106,2015-11-09,1
106,2015-12-21,1
106,2015-12-28,1
106,2016-01-18,1
106,2016-01-25,1
106,2016-02-01,1
106,2016-02-22,1
106,2016-03-28,1
106,2016-05-02,1
106,2016-06-06,1
106,2016-06-13,1
106,2016-06-27,1
106,2016-07-04,1
106,2016-07-11,2
106,2016-08-15,1
106,2016-08-22,2
106,2016-08-29,1
106,2016-09-19,3
106,2016-09-26,1
106,2016-10-17,1
106,2016-10-31,1
106,2016-11-07,1
106,2016-11-21,1
106,2016-12-26,1
106,2017-01-02,1
106,2017-01-16,1
106,2017-02-27,1
106,2017-03-27,1
106,2017-04-17,1
106,2017-05-01,1
106.0,2015-11-23,1
106.0,2016-01-04,1
106.0,2016-01-18,1
106.0,2016-02-22,1
106.0,2016-05-09,1
106.0,2016-06-13,1
106.0,2016-07-11,1
106.0,2016-08-08,1
106.0,2016-08-22,1
106.0,2016-09-12,1
106.0,2016-09-26,1
106.0,2016-10-10,1
106.0,2016-11-07,1
106.0,2016-11-28,1
106.0,2017-05-15,2
106.0,2017-05-29,1
106.0,2017-07-03,1
106.0,2017-07-10,1
106.0,2017-07-17,1
106.0,2017-07-24,2
106.0,2017-07-31,1
107,2015-03-16,1
107,2015-03-23,1
107,2015-04-13,1
107,2015-04-27,1
107,2015-05-04,4
107,2015-05-11,2
107,2015-05-18,1
107,2015-06-01,1
107,2015-06-15,2
107,2015-07-27,1
107,2015-08-17,1
107,2015-08-24,1
107,2015-09-07,1
107,2015-09-14,2
107,2015-09-28,1
107,2015-10-12,3
107,2015-10-19,1
107,2015-10-26,1
107,2015-11-02,1
107,2015-11-16,4
107,2015-11-30,1
107,2015-12-28,1
107,2016-01-11,1
107,2016-01-25,2
107,2016-02-01,1
107,2016-02-15,1
107,2016-02-22,1
107,2016-03-07,1
107,2016-03-14,1
107,2016-03-21,1
107,2016-05-23,2
107,2016-06-06,1
107,2016-06-13,2
107,2016-06-27,2
107,2016-07-11,1
107,2016-08-08,2
107,2016-08-15,6
107,2016-08-29,1
107,2016-09-05,1
107,2016-09-12,2
107,2016-09-19,2
107,2016-09-26,1
107,2016-10-03,1
107,2016-10-10,2
107,2016-10-17,1
107,2016-10-31,1
107,2016-11-14,1
107,2016-11-21,1
107,2016-11-28,1
107,2016-12-05,1
107,2017-01-02,1
107,2017-01-09,1
107,2017-01-23,2
107,2017-01-30,1
107,2017-02-06,1
107,2017-02-13,1
107,2017-02-27,1
107,2017-03-06,2
107,2017-03-13,1
107,2017-04-03,1
107,2017-04-10,1
107,2017-05-01,1
107,2017-05-15,1
107,2017-06-05,1
107.0,2015-04-06,1
107.0,2015-07-20,1
107.0,2015-08-17,1
107.0,2015-09-21,1
107.0,2015-09-28,1
107.0,2015-11-09,1
107.0,2015-12-21,1
107.0,2016-01-04,1
107.0,2016-02-08,1
107.0,2016-03-14,1
107.0,2016-04-04,1
107.0,2016-05-16,1
107.0,2016-08-08,1
107.0,2016-09-05,1
107.0,2016-10-03,1
107.0,2016-11-07,2
107.0,2017-02-27,1
107.0,2017-03-06,1
107.0,2017-03-27,1
107.0,2017-04-03,1
107.0,2017-05-15,1
107.0,2017-05-29,2
107.0,2017-06-05,1
107.0,2017-06-26,2
107.0,2017-07-10,3
107.0,2017-07-17,3
107.0,2017-07-24,2
107.0,2017-07-31,1
107.0,2017-08-14,1
107.0,2017-08-21,1
107.0,2017-08-28,1
108,2015-03-16,1
108,2015-03-23,1
108,2015-03-30,4
108,2015-04-06,1
108,2015-04-13,3
108,2015-04-20,1
108,2015-04-27,2
108,2015-05-04,2
108,2015-05-11,2
108,2015-05-18,1
108,2015-05-25,5
108,2015-06-01,2
108,2015-06-08,2
108,2015-06-15,2
108,2015-06-22,3
108,2015-06-29,1
108,2015-07-06,3
108,2015-07-13,1
108,2015-07-20,1
108,2015-07-27,3
108,2015-08-03,1
108,2015-08-10,3
108,2015-08-17,2
108,2015-08-24,3
108,2015-08-31,3
108,2015-09-07,1
108,2015-09-14,2
108,2015-09-21,1
108,2015-10-12,2
108,2015-10-19,4
108,2015-10-26,2
108,2015-11-16,2
108,2015-11-23,1
108,2015-11-30,2
108,2015-12-07,2
108,2015-12-21,2
108,2015-12-28,1
108,2016-01-11,1
108,2016-01-18,2
108,2016-01-25,2
108,2016-02-15,2
108,2016-02-22,1
108,2016-02-29,3
108,2016-03-07,1
108,2016-03-14,1
108,2016-03-21,3
108,2016-03-28,1
108,2016-04-04,4
108,2016-04-11,2
108,2016-04-18,3
108,2016-04-25,2
108,2016-05-09,4
108,2016-05-16,1
108,2016-05-23,2
108,2016-06-06,3
108,2016-06-20,3
108,2016-06-27,1
108,2016-07-04,1
108,2016-07-11,1
108,2016-07-18,2
108,2016-07-25,1
108,2016-08-01,3
108,2016-08-08,4
108,2016-08-15,3
108,2016-08-22,2
108,2016-08-29,3
108,2016-09-05,3
108,2016-09-12,3
108,2016-09-19,2
108,2016-09-26,2
108,2016-10-03,5
108,2016-10-10,3
108,2016-10-17,2
108,2016-10-24,9
108,2016-10-31,3
108,2016-11-07,2
108,2016-11-14,2
108,2016-11-28,1
108,2016-12-26,3
108,2017-01-02,3
108,2017-01-09,1
108,2017-01-16,3
108,2017-01-23,3
108,2017-01-30,2
108,2017-02-06,1
108,2017-02-13,2
108,2017-02-20,3
108,2017-02-27,4
108,2017-03-06,2
108,2017-03-13,1
108,2017-03-20,2
108,2017-03-27,2
108,2017-04-03,1
108,2017-04-10,3
108,2017-04-17,4
108,2017-04-24,2
108,2017-05-01,9
108,2017-05-08,2
108,2017-05-15,2
108,2017-05-22,1
108,2017-05-29,1
108,2017-07-10,1
108.0,2015-03-16,1
108.0,2015-03-23,1
108.0,2015-03-30,1
108.0,2015-04-13,1
108.0,2015-06-01,1
108.0,2015-06-22,1
108.0,2015-07-06,1
108.0,2015-07-13,1
108.0,2015-08-03,1
108.0,2015-08-10,1
108.0,2015-08-17,1
108.0,2015-08-31,2
108.0,2015-09-14,1
108.0,2015-09-21,2
108.0,2015-09-28,1
108.0,2015-11-02,1
108.0,2015-11-09,1
108.0,2015-11-23,1
108.0,2015-12-14,1
108.0,2015-12-28,1
108.0,2016-01-18,1
108.0,2016-02-15,2
108.0,2016-03-21,1
108.0,2016-04-25,1
108.0,2016-05-02,1
108.0,2016-05-30,1
108.0,2016-06-27,3
108.0,2016-07-18,3
108.0,2016-08-08,2
108.0,2016-09-05,2
108.0,2016-09-26,1
108.0,2016-10-17,2
108.0,2016-10-31,2
108.0,2016-11-14,1
108.0,2016-11-28,2
108.0,2016-12-05,1
108.0,2016-12-19,3
108.0,2017-01-16,1
108.0,2017-01-23,1
108.0,2017-02-06,1
108.0,2017-03-06,1
108.0,2017-03-20,1
108.0,2017-03-27,1
108.0,2017-04-10,1
108.0,2017-05-01,1
108.0,2017-05-22,2
108.0,2017-05-29,3
108.0,2017-06-05,3
108.0,2017-06-12,3
108.0,2017-06-19,2
108.0,2017-07-03,1
108.0,2017-07-10,3
108.0,2017-07-24,1
108.0,2017-07-31,1
108.0,2017-08-07,1
108.0,2017-08-14,1
108.0,2017-09-04,1
109,2015-04-13,1
109,2015-04-27,1
109,2015-06-15,1
109,2015-08-10,1
109,2015-08-24,1
109,2015-09-14,1
109,2015-10-19,2
109,2015-10-26,1
109,2015-11-09,1
109,2015-11-30,1
109,2015-12-28,1
109,2016-02-08,1
109,2016-02-22,1
109,2016-03-21,1
109,2016-04-04,1
109,2016-04-11,1
109,2016-05-09,1
109,2016-07-18,1
109,2016-08-15,1
109,2016-09-05,2
109,2016-09-12,1
109,2016-10-03,1
109,2016-12-05,2
109,2017-01-02,1
109,2017-01-09,2
109,2017-01-23,2
109,2017-03-13,2
109,2017-03-27,2
109,2017-04-24,1
109,2017-05-01,1
109,2017-05-15,1
109.0,2015-05-25,2
109.0,2015-11-23,1
109.0,2016-02-15,1
109.0,2016-02-29,1
109.0,2016-03-07,1
109.0,2016-03-14,2
109.0,2016-12-12,1
109.0,2017-03-27,1
109.0,2017-04-24,1
109.0,2017-05-29,3
109.0,2017-06-19,1
109.0,2017-06-26,2
109.0,2017-07-10,1
109.0,2017-07-24,1
109.0,2017-08-28,1
11,2015-10-05,1
11,2015-11-09,1
11,2015-11-23,1
11,2016-03-14,1
11,2016-07-11,4
11,2016-08-01,2
11,2016-08-08,6
11,2016-08-29,6
11,2016-09-12,1
11,2016-09-26,2
11,2016-10-03,5
11,2016-10-10,2
11,2016-10-17,2
11,2016-10-24,1
11,2016-11-07,2
11,2016-12-26,1
11,2017-01-16,1
11,2017-01-30,3
11,2017-02-06,3
11.0,2015-12-07,1
11.0,2016-07-11,1
11.0,2016-08-01,2
11.0,2016-08-08,1
11.0,2016-08-29,2
11.0,2016-10-03,1
11.0,2016-10-10,1
11.0,2016-10-24,2
11.0,2016-10-31,1
11.0,2017-02-20,1
110,2015-04-13,3
110,2015-04-27,1
110,2015-05-04,2
110,2015-06-08,1
110,2015-06-15,1
110,2015-06-29,1
110,2015-07-13,1
110,2015-08-03,2
110,2015-08-17,1
110,2015-08-24,1
110,2015-09-07,1
110,2015-09-21,1
110,2015-10-05,1
110,2015-10-12,2
110,2015-10-26,2
110,2015-11-30,2
110,2015-12-14,1
110,2015-12-21,1
110,2015-12-28,1
110,2016-01-04,1
110,2016-02-08,1
110,2016-02-22,1
110,2016-03-21,2
110,2016-03-28,1
110,2016-04-11,1
110,2016-05-02,2
110,2016-06-13,1
110,2016-06-27,1
110,2016-07-04,1
110,2016-07-18,1
110,2016-07-25,3
110,2016-08-01,1
110,2016-08-08,1
110,2016-08-15,1
110,2016-08-22,1
110,2016-09-26,1
110,2016-10-10,1
110,2016-10-31,1
110,2016-11-07,1
110,2016-11-28,2
110,2016-12-12,1
110,2016-12-26,1
110,2017-01-02,1
110,2017-01-09,2
110,2017-02-13,1
110,2017-02-20,1
110,2017-03-06,1
110,2017-03-20,1
110,2017-03-27,1
110,2017-04-10,2
110,2017-05-15,1
110.0,2015-11-16,1
110.0,2016-01-25,1
110.0,2016-04-11,1
110.0,2016-05-16,1
110.0,2016-08-22,1
110.0,2016-10-10,1
110.0,2016-10-31,1
110.0,2017-01-02,1
110.0,2017-02-13,1
110.0,2017-06-12,2
110.0,2017-07-10,2
110.0,2017-07-17,1
110.0,2017-08-28,1
111,2015-03-16,2
111,2015-03-23,5
111,2015-03-30,2
111,2015-04-06,5
111,2015-04-13,4
111,2015-04-20,3
111,2015-04-27,2
111,2015-05-04,3
111,2015-05-11,7
111,2015-05-18,9
111,2015-05-25,2
111,2015-06-01,4
111,2015-06-08,6
111,2015-06-15,3
111,2015-06-22,8
111,2015-06-29,5
111,2015-07-06,6
111,2015-07-13,8
111,2015-07-20,8
111,2015-07-27,6
111,2015-08-03,3
111,2015-08-10,7
111,2015-08-17,5
111,2015-08-24,5
111,2015-08-31,3
111,2015-09-07,5
111,2015-09-14,3
111,2015-09-21,1
111,2015-09-28,6
111,2015-10-05,4
111,2015-10-12,4
111,2015-10-19,2
111,2015-10-26,2
111,2015-11-02,2
111,2015-11-09,9
111,2015-11-16,6
111,2015-11-23,6
111,2015-11-30,8
111,2015-12-07,5
111,2015-12-14,3
111,2015-12-28,4
111,2016-01-04,2
111,2016-01-11,8
111,2016-01-18,2
111,2016-01-25,4
111,2016-02-01,2
111,2016-02-08,2
111,2016-02-15,4
111,2016-02-22,7
111,2016-02-29,9
111,2016-03-07,5
111,2016-03-14,8
111,2016-03-21,10
111,2016-03-28,5
111,2016-04-04,8
111,2016-04-11,8
111,2016-04-18,2
111,2016-04-25,5
111,2016-05-02,6
111,2016-05-09,12
111,2016-05-16,2
111,2016-05-23,1
111,2016-05-30,4
111,2016-06-06,6
111,2016-06-13,9
111,2016-06-20,6
111,2016-06-27,5
111,2016-07-04,4
111,2016-07-11,6
111,2016-07-18,5
111,2016-07-25,7
111,2016-08-01,5
111,2016-08-08,9
111,2016-08-22,6
111,2016-08-29,6
111,2016-09-05,14
111,2016-09-12,4
111,2016-09-19,5
111,2016-09-26,9
111,2016-10-03,5
111,2016-10-10,8
111,2016-10-17,1
111,2016-10-24,4
111,2016-10-31,5
111,2016-11-07,5
111,2016-11-14,6
111,2016-11-21,4
111,2016-11-28,8
111,2016-12-05,8
111,2016-12-12,2
111,2016-12-19,4
111,2016-12-26,5
111,2017-01-02,8
111,2017-01-09,4
111,2017-01-16,11
111,2017-01-23,10
111,2017-01-30,9
111,2017-02-06,3
111,2017-02-13,13
111,2017-02-20,6
111,2017-02-27,8
111,2017-03-06,5
111,2017-03-13,5
111,2017-03-20,4
111,2017-03-27,12
111,2017-04-03,13
111,2017-04-10,14
111,2017-04-17,10
111,2017-04-24,15
111,2017-05-01,10
111,2017-05-08,6
111,2017-05-15,7
111,2017-05-22,7
111,2017-05-29,7
111,2017-06-05,3
111,2017-06-12,1
111,2017-07-03,1
111,2017-07-10,3
111.0,2015-03-30,1
111.0,2015-04-13,2
111.0,2015-04-27,2
111.0,2015-05-04,2
111.0,2015-05-11,1
111.0,2015-05-18,1
111.0,2015-06-01,3
111.0,2015-06-08,1
111.0,2015-06-15,1
111.0,2015-07-06,2
111.0,2015-07-13,1
111.0,2015-07-20,3
111.0,2015-07-27,1
111.0,2015-08-03,1
111.0,2015-08-10,1
111.0,2015-08-17,1
111.0,2015-08-24,3
111.0,2015-09-07,3
111.0,2015-09-28,1
111.0,2015-10-05,1
111.0,2015-10-12,2
111.0,2015-10-26,4
111.0,2015-11-09,2
111.0,2015-11-23,1
111.0,2015-12-14,1
111.0,2015-12-21,1
111.0,2015-12-28,1
111.0,2016-01-04,1
111.0,2016-01-11,2
111.0,2016-01-25,1
111.0,2016-02-01,2
111.0,2016-02-08,1
111.0,2016-02-15,1
111.0,2016-02-22,1
111.0,2016-02-29,2
111.0,2016-03-07,1
111.0,2016-03-14,1
111.0,2016-03-21,3
111.0,2016-03-28,1
111.0,2016-04-04,2
111.0,2016-04-11,2
111.0,2016-04-18,1
111.0,2016-04-25,1
111.0,2016-05-09,1
111.0,2016-05-16,1
111.0,2016-06-06,3
111.0,2016-06-13,2
111.0,2016-06-20,1
111.0,2016-07-18,3
111.0,2016-07-25,1
111.0,2016-08-01,5
111.0,2016-08-15,1
111.0,2016-08-22,1
111.0,2016-08-29,3
111.0,2016-09-05,2
111.0,2016-09-12,3
111.0,2016-09-19,2
111.0,2016-10-03,3
111.0,2016-10-10,3
111.0,2016-10-17,3
111.0,2016-10-24,4
111.0,2016-10-31,1
111.0,2016-11-07,1
111.0,2016-11-21,1
111.0,2016-11-28,6
111.0,2016-12-19,2
111.0,2016-12-26,1
111.0,2017-01-02,5
111.0,2017-01-09,2
111.0,2017-01-16,2
111.0,2017-01-23,1
111.0,2017-01-30,1
111.0,2017-02-20,3
111.0,2017-02-27,1
111.0,2017-03-06,1
111.0,2017-03-13,2
111.0,2017-03-20,3
111.0,2017-03-27,3
111.0,2017-04-03,3
111.0,2017-04-24,2
111.0,2017-05-15,11
111.0,2017-05-22,6
111.0,2017-05-29,7
111.0,2017-06-05,15
111.0,2017-06-12,4
111.0,2017-06-19,6
111.0,2017-06-26,5
111.0,2017-07-03,12
111.0,2017-07-10,18
111.0,2017-07-17,15
111.0,2017-07-24,15
111.0,2017-07-31,12
111.0,2017-08-07,8
111.0,2017-08-14,13
111.0,2017-08-21,3
111.0,2017-08-28,3
111.0,2017-09-04,2
111.0,2017-09-18,1
111.0,2017-09-25,2
112,2016-03-28,1
112,2016-05-02,1
112,2016-07-18,1
112,2016-09-19,1
112,2016-10-03,2
112,2016-10-10,1
112,2016-12-12,1
112,2017-01-16,1
112,2017-01-23,2
112,2017-02-27,1
112,2017-03-13,2
112,2017-03-20,1
112,2017-03-27,1
112,2017-04-10,1
112,2017-05-01,1
112.0,2015-09-21,1
112.0,2015-10-12,1
112.0,2016-03-07,1
112.0,2016-03-21,1
112.0,2016-04-11,1
112.0,2016-04-18,1
112.0,2016-05-02,1
112.0,2016-05-16,1
112.0,2016-05-23,1
112.0,2016-06-06,1
112.0,2016-07-04,1
112.0,2016-08-01,3
112.0,2016-09-12,1
112.0,2016-10-03,2
112.0,2016-10-10,2
112.0,2016-12-12,1
112.0,2017-01-30,1
112.0,2017-06-12,2
112.0,2017-07-03,2
112.0,2017-08-14,1
112.0,2017-08-21,1
112.0,2017-08-28,2
113,2015-11-09,1
113,2016-01-18,1
113,2016-03-21,1
113,2016-04-04,4
113,2016-04-18,1
113,2016-04-25,8
113,2016-05-16,3
113,2016-05-23,4
113,2016-05-30,4
113,2016-06-06,2
113,2016-06-20,3
113,2016-06-27,2
113,2016-07-04,2
113,2016-07-11,3
113,2016-08-15,10
113,2016-09-05,1
113,2016-09-19,1
113,2016-10-03,1
113,2016-10-24,1
113,2016-10-31,2
113,2016-11-07,2
113,2016-11-14,5
113,2016-11-21,1
113,2016-12-05,5
113,2016-12-12,6
113,2016-12-19,1
113,2017-01-30,2
113,2017-02-27,1
113,2017-03-06,4
113,2017-03-20,3
113,2017-04-03,5
113,2017-04-17,2
113,2017-04-24,1
113,2017-05-01,4
113,2017-05-08,1
113,2017-05-15,1
113.0,2016-04-11,2
113.0,2016-04-25,1
113.0,2016-06-06,1
113.0,2016-08-15,1
113.0,2016-10-10,1
113.0,2016-10-31,1
113.0,2016-11-14,1
113.0,2016-11-21,1
113.0,2016-11-28,1
113.0,2016-12-05,1
113.0,2016-12-12,2
113.0,2016-12-19,3
113.0,2017-01-16,1
113.0,2017-01-30,2
113.0,2017-03-13,1
113.0,2017-03-20,1
113.0,2017-03-27,1
113.0,2017-04-10,1
113.0,2017-05-15,2
113.0,2017-05-29,1
113.0,2017-06-12,6
113.0,2017-07-17,3
113.0,2017-07-31,2
113.0,2017-08-07,1
113.0,2017-08-14,1
114,2015-03-16,1
114,2015-03-30,1
114,2015-04-06,1
114,2015-04-13,1
114,2015-04-20,1
114,2015-04-27,5
114,2015-05-18,4
114,2015-06-01,4
114,2015-06-08,5
114,2015-06-15,1
114,2015-06-22,2
114,2015-07-06,5
114,2015-07-13,4
114,2015-07-20,2
114,2015-07-27,4
114,2015-08-03,4
114,2015-08-10,2
114,2015-08-17,2
114,2015-08-24,2
114,2015-08-31,1
114,2015-09-07,1
114,2015-09-21,1
114,2015-10-05,2
114,2015-10-12,2
114,2015-10-19,2
114,2015-10-26,3
114,2015-11-02,1
114,2015-11-09,1
114,2015-11-16,4
114,2015-11-30,1
114,2015-12-07,1
114,2015-12-14,5
114,2015-12-21,1
114,2015-12-28,1
114,2016-01-04,3
114,2016-01-11,5
114,2016-01-25,2
114,2016-02-01,2
114,2016-02-15,3
114,2016-02-22,2
114,2016-02-29,3
114,2016-03-07,3
114,2016-03-14,3
114,2016-03-28,2
114,2016-04-04,2
114,2016-04-11,1
114,2016-04-18,2
114,2016-04-25,1
114,2016-05-02,2
114,2016-05-09,1
114,2016-05-16,4
114,2016-05-23,2
114,2016-06-06,1
114,2016-06-13,3
114,2016-06-27,3
114,2016-07-04,1
114,2016-07-11,1
114,2016-07-18,1
114,2016-07-25,3
114,2016-08-01,2
114,2016-08-08,2
114,2016-08-15,6
114,2016-08-22,6
114,2016-08-29,1
114,2016-09-05,2
114,2016-09-12,3
114,2016-09-19,2
114,2016-09-26,4
114,2016-10-10,6
114,2016-10-24,3
114,2016-10-31,3
114,2016-11-07,1
114,2016-11-14,2
114,2016-11-21,2
114,2016-11-28,3
114,2016-12-05,2
114,2016-12-19,3
114,2016-12-26,2
114,2017-01-02,2
114,2017-01-09,2
114,2017-01-16,3
114,2017-01-23,1
114,2017-01-30,2
114,2017-02-06,1
114,2017-02-13,1
114,2017-02-27,3
114,2017-03-13,2
114,2017-03-27,4
114,2017-04-03,4
114,2017-04-10,2
114,2017-04-24,3
114,2017-05-01,2
114,2017-05-08,1
114,2017-05-29,2
114.0,2015-03-23,1
114.0,2015-05-04,3
114.0,2015-05-11,1
114.0,2015-05-18,1
114.0,2015-06-01,1
114.0,2015-06-15,1
114.0,2015-07-06,1
114.0,2015-07-13,2
114.0,2015-07-20,1
114.0,2015-07-27,1
114.0,2015-08-17,1
114.0,2015-08-31,1
114.0,2015-09-14,1
114.0,2015-09-28,1
114.0,2015-10-12,1
114.0,2015-10-19,1
114.0,2015-10-26,1
114.0,2015-11-16,2
114.0,2015-11-23,1
114.0,2015-11-30,2
114.0,2015-12-14,2
114.0,2016-02-01,1
114.0,2016-02-15,3
114.0,2016-02-29,1
114.0,2016-03-14,1
114.0,2016-03-28,2
114.0,2016-04-11,1
114.0,2016-04-25,1
114.0,2016-05-09,1
114.0,2016-06-13,1
114.0,2016-06-20,1
114.0,2016-06-27,1
114.0,2016-07-04,1
114.0,2016-07-18,1
114.0,2016-07-25,1
114.0,2016-08-01,1
114.0,2016-09-26,1
114.0,2016-10-03,1
114.0,2016-10-10,1
114.0,2016-10-31,1
114.0,2016-12-05,1
114.0,2016-12-12,1
114.0,2017-01-02,1
114.0,2017-01-30,3
114.0,2017-03-06,1
114.0,2017-05-08,1
114.0,2017-05-15,1
114.0,2017-05-22,1
114.0,2017-05-29,3
114.0,2017-06-05,3
114.0,2017-06-12,4
114.0,2017-06-19,2
114.0,2017-06-26,6
114.0,2017-07-03,2
114.0,2017-07-10,6
114.0,2017-07-17,2
114.0,2017-07-24,4
114.0,2017-07-31,4
114.0,2017-08-07,1
114.0,2017-08-14,1
114.0,2017-08-21,2
114.0,2017-09-04,1
115,2015-03-16,1
115,2015-04-06,1
115,2015-04-20,2
115,2015-04-27,2
115,2015-05-04,1
115,2015-05-11,1
115,2015-05-18,1
115,2015-06-01,3
115,2015-06-08,1
115,2015-06-15,2
115,2015-06-22,3
115,2015-06-29,4
115,2015-07-06,2
115,2015-07-13,3
115,2015-07-20,1
115,2015-07-27,4
115,2015-08-03,1
115,2015-08-10,1
115,2015-08-24,2
115,2015-08-31,2
115,2015-09-07,2
115,2015-09-14,2
115,2015-09-28,5
115,2015-10-05,1
115,2015-10-12,5
115,2015-10-19,2
115,2015-11-02,2
115,2015-11-09,2
115,2015-11-23,1
115,2015-11-30,1
115,2015-12-14,2
115,2015-12-21,2
115,2015-12-28,1
115,2016-01-25,3
115,2016-02-01,2
115,2016-02-08,2
115,2016-02-15,1
115,2016-02-29,1
115,2016-03-07,1
115,2016-03-14,3
115,2016-03-21,1
115,2016-03-28,5
115,2016-04-04,1
115,2016-04-11,1
115,2016-05-02,1
115,2016-05-09,3
115,2016-05-16,4
115,2016-05-23,3
115,2016-05-30,1
115,2016-06-06,1
115,2016-06-13,1
115,2016-06-20,1
115,2016-07-25,1
115,2016-08-01,2
115,2016-08-08,2
115,2016-08-22,1
115,2016-08-29,1
115,2016-09-05,3
115,2016-09-12,1
115,2016-09-19,2
115,2016-09-26,2
115,2016-10-03,1
115,2016-10-24,2
115,2016-10-31,1
115,2016-11-07,1
115,2016-11-14,1
115,2016-11-21,2
115,2016-11-28,2
115,2016-12-05,1
115,2017-01-02,2
115,2017-01-30,1
115,2017-02-06,1
115,2017-02-13,1
115,2017-02-27,1
115,2017-03-06,1
115,2017-03-13,1
115,2017-03-20,1
115,2017-03-27,1
115,2017-04-03,4
115,2017-04-17,2
115,2017-04-24,4
115,2017-05-01,2
115,2017-05-08,1
115,2017-05-15,2
115.0,2015-04-27,1
115.0,2015-05-04,1
115.0,2015-05-18,2
115.0,2015-06-08,1
115.0,2015-06-29,2
115.0,2015-07-13,1
115.0,2015-07-27,2
115.0,2015-09-07,2
115.0,2015-09-28,1
115.0,2015-10-26,2
115.0,2015-12-21,2
115.0,2016-01-25,1
115.0,2016-02-08,1
115.0,2016-02-22,1
115.0,2016-03-07,1
115.0,2016-03-28,2
115.0,2016-04-18,2
115.0,2016-05-30,1
115.0,2016-07-11,1
115.0,2016-07-18,1
115.0,2016-07-25,1
115.0,2016-08-01,2
115.0,2016-08-22,1
115.0,2016-09-12,1
115.0,2016-09-19,1
115.0,2016-09-26,1
115.0,2016-11-21,1
115.0,2016-11-28,1
115.0,2016-12-05,1
115.0,2016-12-12,1
115.0,2016-12-19,1
115.0,2017-01-02,1
115.0,2017-03-27,1
115.0,2017-04-10,1
115.0,2017-05-15,2
115.0,2017-05-22,2
115.0,2017-05-29,1
115.0,2017-06-05,1
115.0,2017-06-12,1
115.0,2017-06-26,3
115.0,2017-07-03,4
115.0,2017-07-17,3
115.0,2017-07-24,1
115.0,2017-08-07,1
116,2015-05-25,1
116,2015-07-13,1
116,2015-08-17,1
116,2015-09-07,1
116,2015-09-21,1
116,2015-10-26,1
116,2015-11-02,1
116,2015-11-09,2
116,2015-12-14,2
116,2016-01-04,1
116,2016-01-18,3
116,2016-02-01,2
116,2016-02-22,2
116,2016-02-29,1
116,2016-03-07,1
116,2016-03-14,1
116,2016-03-21,1
116,2016-03-28,2
116,2016-04-11,1
116,2016-04-18,3
116,2016-05-09,2
116,2016-05-16,2
116,2016-05-30,1
116,2016-06-13,2
116,2016-06-20,1
116,2016-06-27,1
116,2016-07-04,2
116,2016-07-11,3
116,2016-07-18,3
116,2016-08-15,2
116,2016-08-22,2
116,2016-08-29,1
116,2016-09-05,1
116,2016-09-12,1
116,2016-09-19,1
116,2016-09-26,2
116,2016-10-10,1
116,2016-10-17,3
116,2016-10-31,2
116,2016-11-07,2
116,2016-11-14,1
116,2016-11-28,1
116,2016-12-12,1
116,2016-12-26,2
116,2017-01-02,1
116,2017-01-09,1
116,2017-01-23,3
116,2017-01-30,1
116,2017-02-20,3
116,2017-03-13,3
116,2017-03-20,3
116,2017-03-27,1
116,2017-04-10,1
116,2017-04-24,2
116,2017-05-01,1
116.0,2015-04-13,1
116.0,2015-05-18,1
116.0,2015-08-24,1
116.0,2015-09-14,1
116.0,2015-09-21,1
116.0,2016-01-18,1
116.0,2016-02-08,1
116.0,2016-04-18,1
116.0,2016-05-16,2
116.0,2016-06-20,1
116.0,2016-08-08,1
116.0,2016-08-29,1
116.0,2016-11-21,1
116.0,2016-12-19,1
116.0,2017-01-02,2
116.0,2017-01-16,1
116.0,2017-01-23,1
116.0,2017-01-30,1
116.0,2017-02-20,1
116.0,2017-02-27,1
116.0,2017-03-13,1
116.0,2017-03-20,1
116.0,2017-06-05,2
116.0,2017-06-12,1
116.0,2017-06-19,1
116.0,2017-06-26,1
116.0,2017-07-03,1
116.0,2017-07-10,1
116.0,2017-07-17,2
116.0,2017-08-07,1
117,2015-04-13,2
117,2015-05-25,1
117,2015-06-01,1
117,2015-07-20,4
117,2015-07-27,1
117,2015-08-03,1
117,2015-08-17,1
117,2015-08-24,1
117,2015-08-31,1
117,2015-09-21,1
117,2015-10-12,1
117,2015-11-09,3
117,2015-11-16,2
117,2015-11-30,2
117,2015-12-07,1
117,2015-12-14,2
117,2016-01-04,2
117,2016-02-15,2
117,2016-02-22,2
117,2016-02-29,1
117,2016-03-21,1
117,2016-03-28,2
117,2016-04-04,1
117,2016-04-18,1
117,2016-04-25,1
117,2016-05-02,2
117,2016-06-13,3
117,2016-06-27,1
117,2016-07-04,2
117,2016-07-11,1
117,2016-08-01,1
117,2016-08-22,1
117,2016-08-29,2
117,2016-09-05,1
117,2016-09-19,1
117,2016-10-10,1
117,2016-11-14,1
117,2017-01-09,1
117,2017-02-06,1
117,2017-02-20,1
117,2017-03-27,1
117,2017-04-17,2
117,2017-05-08,1
117,2017-05-15,1
117.0,2015-06-01,1
117.0,2015-07-20,1
117.0,2015-12-28,1
117.0,2016-01-04,1
117.0,2016-02-08,1
117.0,2016-02-15,1
117.0,2016-03-14,1
117.0,2016-08-29,1
117.0,2016-09-26,1
117.0,2016-10-10,1
117.0,2017-01-09,1
117.0,2017-01-23,1
117.0,2017-05-01,1
117.0,2017-05-15,1
117.0,2017-05-22,1
117.0,2017-05-29,2
117.0,2017-06-12,2
117.0,2017-06-26,1
117.0,2017-07-10,2
117.0,2017-07-17,1
117.0,2017-08-07,1
118,2015-05-04,2
118,2015-06-15,1
118,2015-06-22,1
118,2015-06-29,2
118,2015-07-13,1
118,2015-07-20,1
118,2015-07-27,1
118,2015-09-21,1
118,2015-10-19,1
118,2015-11-02,1
118,2016-01-11,1
118,2016-02-01,3
118,2016-02-08,2
118,2016-03-14,1
118,2016-03-21,1
118,2016-03-28,2
118,2016-04-04,1
118,2016-04-11,1
118,2016-05-09,2
118,2016-05-30,1
118,2016-07-25,1
118,2016-08-01,1
118,2016-08-08,1
118,2016-08-15,1
118,2016-09-12,2
118,2016-10-03,1
118,2016-10-10,1
118,2016-10-17,1
118,2016-11-07,1
118,2016-11-14,1
118,2016-12-05,1
118,2017-01-16,2
118,2017-01-23,2
118,2017-02-06,1
118,2017-02-13,1
118,2017-03-06,1
118,2017-03-27,1
118,2017-04-03,1
118,2017-04-10,3
118,2017-04-24,1
118,2017-05-01,1
118,2017-05-15,1
118.0,2015-06-29,1
118.0,2015-08-10,1
118.0,2015-10-12,1
118.0,2015-11-02,1
118.0,2015-11-09,1
118.0,2015-12-28,1
118.0,2016-04-04,1
118.0,2016-04-11,1
118.0,2016-07-18,1
118.0,2016-09-19,1
118.0,2016-09-26,1
118.0,2016-10-24,1
118.0,2016-10-31,1
118.0,2017-01-23,1
118.0,2017-02-27,1
118.0,2017-03-27,1
118.0,2017-05-22,1
118.0,2017-06-05,2
118.0,2017-06-19,1
118.0,2017-06-26,1
118.0,2017-07-03,1
118.0,2017-07-24,3
118.0,2017-07-31,2
118.0,2017-08-14,2
119,2015-03-23,1
119,2015-04-06,1
119,2015-04-13,1
119,2015-04-20,1
119,2015-05-11,2
119,2015-05-18,1
119,2015-06-01,1
119,2015-06-08,2
119,2015-06-15,2
119,2015-06-22,1
119,2015-07-06,1
119,2015-07-20,3
119,2015-08-03,2
119,2015-08-31,3
119,2015-09-21,1
119,2015-10-05,1
119,2015-10-12,1
119,2015-10-26,1
119,2015-11-02,1
119,2015-11-09,1
119,2015-11-16,2
119,2015-11-23,2
119,2015-12-07,3
119,2015-12-14,5
119,2015-12-28,2
119,2016-01-04,2
119,2016-02-08,2
119,2016-02-15,1
119,2016-03-07,1
119,2016-04-04,1
119,2016-04-18,1
119,2016-04-25,1
119,2016-05-02,3
119,2016-05-16,1
119,2016-05-30,1
119,2016-06-06,1
119,2016-06-13,1
119,2016-06-20,3
119,2016-06-27,1
119,2016-07-25,1
119,2016-08-01,1
119,2016-08-08,1
119,2016-08-15,1
119,2016-08-29,1
119,2016-09-05,2
119,2016-09-12,2
119,2016-09-19,2
119,2016-10-10,1
119,2016-10-17,1
119,2016-10-24,3
119,2016-11-07,1
119,2016-11-14,1
119,2016-11-21,2
119,2016-11-28,2
119,2016-12-05,1
119,2016-12-12,2
119,2016-12-19,2
119,2016-12-26,2
119,2017-01-02,1
119,2017-01-09,2
119,2017-01-16,1
119,2017-01-23,2
119,2017-01-30,2
119,2017-02-20,1
119,2017-02-27,2
119,2017-03-06,2
119,2017-03-20,2
119,2017-04-03,2
119,2017-04-10,1
119,2017-04-17,1
119,2017-04-24,2
119,2017-05-01,2
119.0,2015-03-30,2
119.0,2015-05-04,1
119.0,2015-07-13,2
119.0,2015-07-20,1
119.0,2015-07-27,1
119.0,2015-08-17,1
119.0,2015-11-16,2
119.0,2015-12-28,1
119.0,2016-01-04,2
119.0,2016-01-25,1
119.0,2016-02-01,1
119.0,2016-02-22,1
119.0,2016-02-29,1
119.0,2016-03-21,1
119.0,2016-04-04,1
119.0,2016-05-16,1
119.0,2016-06-06,1
119.0,2016-06-13,1
119.0,2016-07-04,2
119.0,2016-08-15,1
119.0,2016-08-22,1
119.0,2016-08-29,1
119.0,2016-09-12,2
119.0,2016-10-17,1
119.0,2016-10-24,1
119.0,2016-11-14,1
119.0,2016-11-21,1
119.0,2016-11-28,1
119.0,2016-12-12,1
119.0,2017-01-02,1
119.0,2017-01-09,1
119.0,2017-02-20,1
119.0,2017-03-13,1
119.0,2017-03-27,1
119.0,2017-04-10,1
119.0,2017-05-29,1
119.0,2017-06-05,2
119.0,2017-06-12,1
119.0,2017-06-26,3
119.0,2017-07-03,1
119.0,2017-07-10,1
119.0,2017-07-17,1
119.0,2017-07-24,3
119.0,2017-08-07,1
119.0,2017-08-14,1
119.0,2017-08-21,1
119.0,2017-09-11,1
12,2015-09-21,2
12,2017-02-27,4
12,2017-03-06,1
12,2017-03-13,1
12,2017-03-20,3
12,2017-04-03,2
12,2017-04-24,2
12,2017-05-01,1
12,2017-05-08,4
12.0,2015-08-03,1
12.0,2017-02-27,2
12.0,2017-04-03,1
12.0,2017-05-22,3
12.0,2017-06-05,4
12.0,2017-06-19,2
12.0,2017-07-31,1
120,2015-04-13,1
120,2015-05-04,1
120,2015-06-29,1
120,2015-08-24,1
120,2015-08-31,2
120,2015-11-02,1
120,2016-01-11,1
120,2016-02-01,1
120,2016-02-08,2
120,2016-03-07,2
120,2016-04-25,1
120,2016-05-23,1
120,2016-06-06,1
120,2016-08-01,1
120,2016-09-12,1
120,2016-09-26,2
120,2016-10-24,2
120,2016-10-31,1
120,2016-11-21,1
120,2016-11-28,1
120,2017-01-02,1
120,2017-01-16,1
120,2017-01-23,3
120,2017-01-30,1
120,2017-03-06,2
120,2017-04-03,1
120,2017-04-17,4
120,2017-04-24,1
120,2017-05-08,1
120.0,2015-07-13,1
120.0,2015-11-09,1
120.0,2015-11-23,1
120.0,2016-04-18,1
120.0,2016-05-16,1
120.0,2016-06-13,1
120.0,2017-01-02,1
120.0,2017-05-15,1
120.0,2017-05-22,1
120.0,2017-06-05,1
120.0,2017-06-12,1
120.0,2017-07-03,1
120.0,2017-07-17,1
120.0,2017-07-24,1
120.0,2017-08-07,1
120.0,2017-08-14,2
121,2015-03-23,1
121,2015-04-13,1
121,2015-05-11,1
121,2015-06-08,1
121,2015-06-22,1
121,2015-06-29,1
121,2015-07-06,1
121,2015-09-14,1
121,2015-10-12,1
121,2015-10-19,1
121,2015-11-16,1
121,2015-11-23,1
121,2015-11-30,1
121,2016-01-11,1
121,2016-02-01,1
121,2016-02-29,1
121,2016-06-13,1
121,2016-07-18,1
121,2016-08-15,1
121,2016-09-26,1
121,2016-11-14,3
121,2016-11-28,1
121,2017-01-09,1
121,2017-01-23,1
121,2017-03-27,1
121.0,2015-03-16,1
121.0,2015-03-30,1
121.0,2015-05-18,1
121.0,2015-11-02,1
121.0,2016-02-01,1
121.0,2016-06-06,1
121.0,2016-08-29,1
121.0,2016-09-19,1
121.0,2016-10-24,1
121.0,2017-01-30,1
121.0,2017-05-08,1
121.0,2017-06-05,1
121.0,2017-06-12,1
121.0,2017-06-19,1
121.0,2017-06-26,1
121.0,2017-07-03,1
121.0,2017-07-10,3
121.0,2017-07-17,1
121.0,2017-07-31,1
121.0,2017-08-21,2
122,2015-05-04,1
122,2017-01-30,3
122,2017-02-06,1
122,2017-02-27,1
122,2017-04-17,3
122,2017-04-24,5
122,2017-05-01,4
122,2017-05-08,2
122,2017-05-15,1
122.0,2015-08-24,1
122.0,2017-01-23,1
122.0,2017-05-29,5
122.0,2017-06-12,5
122.0,2017-06-19,2
122.0,2017-06-26,3
122.0,2017-07-10,1
122.0,2017-07-24,2
122.0,2017-07-31,1
122.0,2017-09-04,1
123,2015-03-16,1
123,2015-03-23,7
123,2015-03-30,3
123,2015-04-06,5
123,2015-04-13,3
123,2015-04-20,4
123,2015-04-27,5
123,2015-05-04,5
123,2015-05-11,4
123,2015-05-18,4
123,2015-05-25,3
123,2015-06-01,11
123,2015-06-08,6
123,2015-06-15,6
123,2015-06-22,2
123,2015-06-29,5
123,2015-07-06,7
123,2015-07-13,7
123,2015-07-20,5
123,2015-07-27,4
123,2015-08-03,7
123,2015-08-10,8
123,2015-08-17,7
123,2015-08-24,8
123,2015-08-31,11
123,2015-09-07,8
123,2015-09-14,5
123,2015-09-21,3
123,2015-09-28,5
123,2015-10-05,2
123,2015-10-12,8
123,2015-10-19,11
123,2015-10-26,5
123,2015-11-02,5
123,2015-11-09,5
123,2015-11-16,7
123,2015-11-23,9
123,2015-11-30,5
123,2015-12-07,3
123,2015-12-14,9
123,2015-12-21,5
123,2015-12-28,6
123,2016-01-04,11
123,2016-01-11,5
123,2016-01-18,6
123,2016-01-25,8
123,2016-02-01,5
123,2016-02-08,8
123,2016-02-15,2
123,2016-02-22,3
123,2016-02-29,1
123,2016-03-07,3
123,2016-03-14,2
123,2016-03-21,8
123,2016-03-28,2
123,2016-04-04,6
123,2016-04-11,6
123,2016-04-18,7
123,2016-04-25,6
123,2016-05-02,13
123,2016-05-09,3
123,2016-05-16,4
123,2016-05-23,9
123,2016-05-30,1
123,2016-06-06,7
123,2016-06-13,4
123,2016-06-20,5
123,2016-06-27,4
123,2016-07-04,3
123,2016-07-11,5
123,2016-07-18,4
123,2016-07-25,5
123,2016-08-01,6
123,2016-08-08,3
123,2016-08-15,6
123,2016-08-22,14
123,2016-08-29,11
123,2016-09-05,8
123,2016-09-12,7
123,2016-09-19,14
123,2016-09-26,6
123,2016-10-03,3
123,2016-10-10,5
123,2016-10-17,7
123,2016-10-24,6
123,2016-10-31,5
123,2016-11-07,3
123,2016-11-14,9
123,2016-11-21,4
123,2016-11-28,8
123,2016-12-05,7
123,2016-12-12,4
123,2016-12-19,6
123,2016-12-26,5
123,2017-01-02,8
123,2017-01-09,3
123,2017-01-16,8
123,2017-01-23,7
123,2017-01-30,4
123,2017-02-06,7
123,2017-02-13,9
123,2017-02-20,3
123,2017-02-27,4
123,2017-03-06,6
123,2017-03-13,5
123,2017-03-20,3
123,2017-03-27,2
123,2017-04-03,9
123,2017-04-10,4
123,2017-04-17,3
123,2017-04-24,7
123,2017-05-01,12
123,2017-05-08,2
123,2017-05-15,3
123,2017-05-22,1
123,2017-05-29,3
123,2017-06-05,1
123.0,2015-04-06,1
123.0,2015-04-13,2
123.0,2015-04-27,1
123.0,2015-05-11,3
123.0,2015-05-25,3
123.0,2015-06-01,2
123.0,2015-06-08,2
123.0,2015-06-15,1
123.0,2015-06-22,2
123.0,2015-07-06,2
123.0,2015-07-13,2
123.0,2015-07-20,1
123.0,2015-07-27,1
123.0,2015-08-03,2
123.0,2015-08-10,3
123.0,2015-08-17,3
123.0,2015-08-24,2
123.0,2015-08-31,4
123.0,2015-09-07,1
123.0,2015-09-14,2
123.0,2015-09-21,2
123.0,2015-09-28,2
123.0,2015-10-05,1
123.0,2015-10-12,1
123.0,2015-10-19,1
123.0,2015-10-26,6
123.0,2015-11-02,1
123.0,2015-11-09,1
123.0,2015-11-16,1
123.0,2015-11-23,2
123.0,2015-11-30,1
123.0,2015-12-07,3
123.0,2015-12-14,2
123.0,2015-12-21,1
123.0,2015-12-28,2
123.0,2016-01-04,2
123.0,2016-01-11,2
123.0,2016-01-25,1
123.0,2016-02-08,2
123.0,2016-02-15,1
123.0,2016-02-29,4
123.0,2016-03-07,1
123.0,2016-03-14,1
123.0,2016-03-21,1
123.0,2016-04-04,2
123.0,2016-04-11,2
123.0,2016-04-18,1
123.0,2016-05-02,2
123.0,2016-05-09,4
123.0,2016-05-23,1
123.0,2016-05-30,1
123.0,2016-06-06,2
123.0,2016-06-20,2
123.0,2016-06-27,1
123.0,2016-07-18,3
123.0,2016-07-25,3
123.0,2016-08-01,2
123.0,2016-08-08,2
123.0,2016-08-15,5
123.0,2016-08-22,3
123.0,2016-08-29,4
123.0,2016-09-05,2
123.0,2016-09-12,5
123.0,2016-09-19,1
123.0,2016-09-26,1
123.0,2016-10-03,1
123.0,2016-10-10,2
123.0,2016-10-17,1
123.0,2016-10-24,2
123.0,2016-10-31,1
123.0,2016-11-07,3
123.0,2016-11-14,2
123.0,2016-12-05,1
123.0,2016-12-12,2
123.0,2016-12-19,2
123.0,2016-12-26,3
123.0,2017-01-02,2
123.0,2017-01-16,1
123.0,2017-01-30,4
123.0,2017-02-06,2
123.0,2017-02-13,1
123.0,2017-02-20,1
123.0,2017-02-27,2
123.0,2017-03-06,1
123.0,2017-03-13,1
123.0,2017-03-20,1
123.0,2017-03-27,1
123.0,2017-04-03,2
123.0,2017-04-17,1
123.0,2017-05-01,3
123.0,2017-05-08,2
123.0,2017-05-15,3
123.0,2017-05-22,3
123.0,2017-05-29,8
123.0,2017-06-05,7
123.0,2017-06-12,13
123.0,2017-06-19,10
123.0,2017-06-26,7
123.0,2017-07-03,4
123.0,2017-07-10,8
123.0,2017-07-17,4
123.0,2017-07-24,12
123.0,2017-07-31,2
123.0,2017-08-07,2
123.0,2017-08-14,2
123.0,2017-08-21,3
123.0,2017-08-28,1
124,2015-03-16,1
124,2015-03-30,1
124,2015-04-06,1
124,2015-04-27,1
124,2015-05-11,3
124,2015-05-18,1
124,2015-05-25,1
124,2015-06-01,1
124,2015-06-08,1
124,2015-06-22,1
124,2015-06-29,2
124,2015-07-06,1
124,2015-07-20,1
124,2015-08-03,3
124,2015-08-17,2
124,2015-08-24,2
124,2015-08-31,1
124,2015-09-14,2
124,2015-09-28,1
124,2015-10-05,1
124,2015-10-12,1
124,2015-10-26,1
124,2015-11-16,1
124,2015-11-23,1
124,2015-12-14,1
124,2015-12-28,2
124,2016-01-04,1
124,2016-01-11,1
124,2016-01-18,1
124,2016-02-15,1
124,2016-02-29,1
124,2016-03-14,1
124,2016-03-28,1
124,2016-04-11,2
124,2016-04-18,1
124,2016-04-25,1
124,2016-05-02,2
124,2016-05-09,2
124,2016-06-06,1
124,2016-06-27,1
124,2016-07-04,2
124,2016-07-18,2
124,2016-07-25,3
124,2016-08-01,2
124,2016-08-22,1
124,2016-08-29,1
124,2016-09-05,1
124,2016-09-12,2
124,2016-09-26,2
124,2016-10-03,3
124,2016-10-10,1
124,2016-10-17,1
124,2016-10-31,2
124,2016-11-07,1
124,2016-11-21,1
124,2016-12-05,1
124,2016-12-12,1
124,2016-12-26,1
124,2017-01-02,1
124,2017-01-16,1
124,2017-01-23,1
124,2017-01-30,2
124,2017-02-06,6
124,2017-03-06,1
124,2017-03-27,1
124,2017-04-03,1
124,2017-04-10,2
124,2017-04-24,1
124,2017-05-01,2
124.0,2015-04-27,1
124.0,2015-05-04,1
124.0,2015-05-18,1
124.0,2015-10-19,1
124.0,2015-11-16,1
124.0,2016-01-25,1
124.0,2016-02-29,1
124.0,2016-07-25,1
124.0,2016-09-12,1
124.0,2016-10-03,1
124.0,2017-01-09,1
124.0,2017-01-30,1
124.0,2017-02-06,1
124.0,2017-02-20,1
124.0,2017-03-20,1
124.0,2017-04-03,1
124.0,2017-05-15,1
124.0,2017-05-22,2
124.0,2017-08-14,1
125,2015-04-06,1
125,2015-06-01,1
125,2015-06-08,1
125,2015-06-22,2
125,2015-08-03,1
125,2015-08-10,2
125,2015-10-05,1
125,2015-10-26,1
125,2015-11-02,1
125,2015-12-14,1
125,2015-12-21,1
125,2016-03-07,1
125,2016-05-09,1
125,2016-06-27,1
125,2016-07-04,1
125,2016-07-25,1
125,2016-08-01,1
125,2016-08-08,1
125,2016-08-29,1
125,2016-09-05,1
125,2016-09-19,1
125,2016-11-14,1
125,2016-11-21,1
125,2016-12-26,1
125,2017-01-23,1
125,2017-03-13,1
125.0,2015-06-08,1
125.0,2015-07-20,1
125.0,2015-08-31,1
125.0,2015-10-26,1
125.0,2016-02-15,1
125.0,2016-08-15,1
125.0,2016-10-24,1
125.0,2016-12-05,1
125.0,2017-01-30,1
126,2015-03-16,3
126,2015-03-23,13
126,2015-03-30,15
126,2015-04-06,10
126,2015-04-13,11
126,2015-04-20,12
126,2015-04-27,10
126,2015-05-04,13
126,2015-05-11,12
126,2015-05-18,9
126,2015-05-25,9
126,2015-06-01,8
126,2015-06-08,12
126,2015-06-15,12
126,2015-06-22,10
126,2015-06-29,10
126,2015-07-06,14
126,2015-07-13,16
126,2015-07-20,8
126,2015-07-27,11
126,2015-08-03,11
126,2015-08-10,7
126,2015-08-17,10
126,2015-08-24,6
126,2015-08-31,3
126,2015-09-07,8
126,2015-09-14,13
126,2015-09-21,6
126,2015-09-28,10
126,2015-10-05,12
126,2015-10-12,10
126,2015-10-19,11
126,2015-10-26,8
126,2015-11-02,8
126,2015-11-09,6
126,2015-11-16,5
126,2015-11-23,7
126,2015-11-30,7
126,2015-12-07,5
126,2015-12-14,9
126,2015-12-21,4
126,2015-12-28,6
126,2016-01-04,9
126,2016-01-11,9
126,2016-01-18,12
126,2016-01-25,8
126,2016-02-01,8
126,2016-02-08,10
126,2016-02-15,11
126,2016-02-22,10
126,2016-02-29,14
126,2016-03-07,3
126,2016-03-14,7
126,2016-03-21,10
126,2016-03-28,6
126,2016-04-04,4
126,2016-04-11,7
126,2016-04-18,10
126,2016-04-25,11
126,2016-05-02,4
126,2016-05-09,12
126,2016-05-16,14
126,2016-05-23,9
126,2016-05-30,3
126,2016-06-06,7
126,2016-06-13,2
126,2016-06-20,6
126,2016-06-27,11
126,2016-07-04,7
126,2016-07-11,11
126,2016-07-18,3
126,2016-07-25,12
126,2016-08-01,7
126,2016-08-08,6
126,2016-08-15,7
126,2016-08-22,12
126,2016-08-29,9
126,2016-09-05,7
126,2016-09-12,6
126,2016-09-19,3
126,2016-09-26,7
126,2016-10-03,9
126,2016-10-10,8
126,2016-10-17,10
126,2016-10-24,6
126,2016-10-31,10
126,2016-11-07,8
126,2016-11-14,7
126,2016-11-21,2
126,2016-11-28,9
126,2016-12-05,6
126,2016-12-12,1
126,2016-12-19,7
126,2016-12-26,8
126,2017-01-02,5
126,2017-01-09,8
126,2017-01-16,7
126,2017-01-23,10
126,2017-01-30,4
126,2017-02-06,11
126,2017-02-13,12
126,2017-02-20,8
126,2017-02-27,7
126,2017-03-06,10
126,2017-03-13,9
126,2017-03-20,4
126,2017-03-27,4
126,2017-04-03,4
126,2017-04-10,4
126,2017-04-17,11
126,2017-04-24,27
126,2017-05-01,13
126,2017-05-08,11
126,2017-05-15,3
126,2017-05-29,1
126.0,2015-03-23,4
126.0,2015-04-06,1
126.0,2015-04-13,3
126.0,2015-04-20,4
126.0,2015-04-27,4
126.0,2015-05-04,1
126.0,2015-05-11,4
126.0,2015-05-18,5
126.0,2015-06-01,2
126.0,2015-06-08,1
126.0,2015-06-15,2
126.0,2015-06-29,4
126.0,2015-07-13,4
126.0,2015-07-20,3
126.0,2015-08-03,3
126.0,2015-08-10,5
126.0,2015-08-17,1
126.0,2015-08-24,1
126.0,2015-08-31,4
126.0,2015-09-07,3
126.0,2015-09-14,2
126.0,2015-09-21,2
126.0,2015-09-28,3
126.0,2015-10-05,3
126.0,2015-10-12,5
126.0,2015-10-19,3
126.0,2015-10-26,1
126.0,2015-11-02,1
126.0,2015-11-09,4
126.0,2015-11-16,3
126.0,2015-11-23,3
126.0,2015-11-30,3
126.0,2015-12-07,1
126.0,2015-12-14,3
126.0,2015-12-21,1
126.0,2015-12-28,5
126.0,2016-01-04,1
126.0,2016-01-11,1
126.0,2016-01-18,2
126.0,2016-01-25,4
126.0,2016-02-01,3
126.0,2016-02-08,2
126.0,2016-02-15,4
126.0,2016-02-22,1
126.0,2016-02-29,4
126.0,2016-03-07,2
126.0,2016-03-14,1
126.0,2016-03-21,2
126.0,2016-03-28,3
126.0,2016-04-04,1
126.0,2016-04-18,1
126.0,2016-04-25,2
126.0,2016-05-02,3
126.0,2016-05-09,2
126.0,2016-05-16,3
126.0,2016-05-23,2
126.0,2016-05-30,3
126.0,2016-06-13,2
126.0,2016-06-27,2
126.0,2016-07-25,2
126.0,2016-08-01,1
126.0,2016-08-08,5
126.0,2016-08-15,5
126.0,2016-08-22,3
126.0,2016-09-05,1
126.0,2016-09-12,1
126.0,2016-09-26,2
126.0,2016-10-03,3
126.0,2016-10-24,3
126.0,2016-10-31,1
126.0,2016-11-07,1
126.0,2016-11-21,3
126.0,2016-11-28,2
126.0,2016-12-05,1
126.0,2016-12-12,1
126.0,2016-12-19,2
126.0,2016-12-26,2
126.0,2017-01-02,1
126.0,2017-01-09,4
126.0,2017-01-16,1
126.0,2017-01-30,3
126.0,2017-02-06,2
126.0,2017-02-13,2
126.0,2017-02-20,2
126.0,2017-03-13,2
126.0,2017-03-20,1
126.0,2017-04-03,2
126.0,2017-04-17,1
126.0,2017-04-24,1
126.0,2017-05-01,1
126.0,2017-05-08,3
126.0,2017-05-15,7
126.0,2017-05-22,10
126.0,2017-05-29,7
126.0,2017-06-05,7
126.0,2017-06-12,5
126.0,2017-06-19,11
126.0,2017-06-26,5
126.0,2017-07-03,2
126.0,2017-07-10,4
126.0,2017-07-17,4
126.0,2017-07-24,10
126.0,2017-07-31,4
126.0,2017-08-07,3
126.0,2017-08-14,6
126.0,2017-08-21,2
126.0,2017-09-04,1
126.0,2017-09-11,1
126.0,2017-10-30,1
127,2015-03-16,1
127,2015-03-23,2
127,2015-04-06,2
127,2015-04-20,2
127,2015-04-27,3
127,2015-05-04,1
127,2015-05-18,1
127,2015-05-25,1
127,2015-06-01,2
127,2015-06-08,1
127,2015-06-15,1
127,2015-06-22,1
127,2015-06-29,1
127,2015-07-06,1
127,2015-07-13,1
127,2015-07-20,1
127,2015-07-27,3
127,2015-08-10,2
127,2015-08-24,1
127,2015-08-31,1
127,2015-09-07,1
127,2015-09-14,1
127,2015-09-21,1
127,2015-09-28,1
127,2015-10-05,2
127,2015-10-12,1
127,2015-10-19,1
127,2015-10-26,3
127,2015-11-09,3
127,2015-11-16,2
127,2016-01-04,1
127,2016-01-11,2
127,2016-02-01,1
127,2016-02-08,1
127,2016-02-15,1
127,2016-02-22,1
127,2016-02-29,2
127,2016-04-18,1
127,2016-05-16,1
127,2016-05-23,1
127,2016-05-30,1
127,2016-06-06,1
127,2016-06-27,1
127,2016-07-18,2
127,2016-07-25,1
127,2016-08-15,1
127,2016-08-29,1
127,2016-09-05,1
127,2016-09-19,1
127,2016-09-26,1
127,2016-10-03,1
127,2016-10-10,2
127,2016-10-31,3
127,2016-11-07,2
127,2016-11-14,3
127,2016-11-21,1
127,2016-11-28,2
127,2016-12-05,2
127,2016-12-19,2
127,2016-12-26,1
127,2017-01-02,3
127,2017-01-09,2
127,2017-01-16,1
127,2017-01-23,3
127,2017-02-06,2
127,2017-02-13,1
127,2017-02-20,1
127,2017-03-06,2
127,2017-03-20,1
127,2017-03-27,2
127,2017-04-17,1
127,2017-04-24,3
127,2017-05-01,1
127,2017-05-15,1
127.0,2015-04-06,2
127.0,2015-04-13,2
127.0,2015-05-11,1
127.0,2015-08-31,1
127.0,2015-11-16,1
127.0,2015-11-23,1
127.0,2016-01-25,1
127.0,2016-05-23,1
127.0,2016-09-19,1
127.0,2016-09-26,1
127.0,2016-10-10,1
127.0,2016-10-24,1
127.0,2016-11-07,2
127.0,2016-11-21,1
127.0,2016-12-05,1
127.0,2016-12-19,1
127.0,2017-01-23,1
127.0,2017-02-13,1
127.0,2017-02-20,1
127.0,2017-05-01,1
127.0,2017-05-15,4
127.0,2017-05-22,2
127.0,2017-05-29,3
127.0,2017-06-05,2
127.0,2017-06-12,2
127.0,2017-06-19,3
127.0,2017-07-03,2
127.0,2017-07-10,1
127.0,2017-07-17,2
127.0,2017-07-24,1
127.0,2017-07-31,1
127.0,2017-08-21,1
128,2015-03-16,1
128,2015-04-06,1
128,2015-04-20,1
128,2015-05-04,2
128,2015-05-11,1
128,2015-06-01,2
128,2015-06-08,1
128,2015-06-15,1
128,2015-06-22,3
128,2015-06-29,3
128,2015-07-06,2
128,2015-07-20,2
128,2015-08-03,4
128,2015-08-10,3
128,2015-08-17,1
128,2015-08-24,2
128,2015-08-31,2
128,2015-09-07,2
128,2015-09-21,1
128,2015-09-28,2
128,2015-10-12,1
128,2015-10-19,1
128,2015-11-16,2
128,2015-11-30,1
128,2015-12-07,1
128,2015-12-14,1
128,2016-01-04,1
128,2016-01-11,1
128,2016-01-18,2
128,2016-01-25,1
128,2016-02-01,2
128,2016-02-15,4
128,2016-02-22,3
128,2016-02-29,1
128,2016-03-07,3
128,2016-03-14,2
128,2016-03-21,2
128,2016-03-28,3
128,2016-04-04,1
128,2016-04-11,1
128,2016-04-18,4
128,2016-04-25,2
128,2016-05-02,3
128,2016-05-23,1
128,2016-05-30,1
128,2016-06-06,2
128,2016-06-13,1
128,2016-06-20,1
128,2016-07-04,1
128,2016-07-11,2
128,2016-07-25,5
128,2016-08-01,2
128,2016-08-08,1
128,2016-08-15,4
128,2016-08-22,2
128,2016-08-29,3
128,2016-09-05,2
128,2016-09-12,1
128,2016-09-19,1
128,2016-09-26,2
128,2016-10-03,1
128,2016-10-10,1
128,2016-10-24,1
128,2016-11-07,3
128,2016-11-14,2
128,2016-11-21,4
128,2016-11-28,3
128,2016-12-05,1
128,2016-12-12,1
128,2016-12-26,1
128,2017-01-02,2
128,2017-01-09,2
128,2017-01-16,4
128,2017-01-23,4
128,2017-01-30,1
128,2017-02-13,2
128,2017-02-20,1
128,2017-02-27,2
128,2017-03-13,2
128,2017-04-03,4
128,2017-04-10,3
128,2017-04-17,2
128,2017-04-24,4
128,2017-05-01,3
128,2017-05-08,4
128,2017-06-12,1
128.0,2015-04-06,2
128.0,2015-05-18,1
128.0,2015-06-08,1
128.0,2015-07-06,1
128.0,2015-08-10,1
128.0,2015-08-17,1
128.0,2015-10-12,1
128.0,2015-10-26,1
128.0,2015-11-02,1
128.0,2015-11-09,1
128.0,2015-12-14,1
128.0,2016-01-11,1
128.0,2016-01-25,1
128.0,2016-02-01,1
128.0,2016-02-15,1
128.0,2016-06-06,1
128.0,2016-07-18,1
128.0,2016-08-15,1
128.0,2016-09-12,1
128.0,2016-10-03,1
128.0,2016-10-17,1
128.0,2016-10-31,1
128.0,2016-11-14,1
128.0,2017-01-09,1
128.0,2017-01-23,2
128.0,2017-02-06,1
128.0,2017-02-20,1
128.0,2017-02-27,1
128.0,2017-03-13,1
128.0,2017-03-27,1
128.0,2017-05-01,1
128.0,2017-05-15,2
128.0,2017-05-22,1
128.0,2017-06-05,2
128.0,2017-06-12,2
128.0,2017-06-26,1
128.0,2017-07-03,4
128.0,2017-07-10,1
128.0,2017-07-17,1
128.0,2017-07-24,2
128.0,2017-07-31,1
128.0,2017-08-07,1
128.0,2017-08-14,1
129,2015-03-16,2
129,2015-03-23,10
129,2015-03-30,4
129,2015-04-06,8
129,2015-04-13,5
129,2015-04-20,3
129,2015-04-27,6
129,2015-05-04,4
129,2015-05-11,6
129,2015-05-18,9
129,2015-05-25,7
129,2015-06-01,4
129,2015-06-08,6
129,2015-06-15,4
129,2015-06-22,5
129,2015-06-29,10
129,2015-07-06,8
129,2015-07-13,5
129,2015-07-20,8
129,2015-07-27,8
129,2015-08-03,4
129,2015-08-10,6
129,2015-08-17,10
129,2015-08-24,8
129,2015-08-31,7
129,2015-09-07,7
129,2015-09-14,8
129,2015-09-21,6
129,2015-09-28,13
129,2015-10-05,10
129,2015-10-12,7
129,2015-10-19,11
129,2015-10-26,2
129,2015-11-02,4
129,2015-11-09,8
129,2015-11-16,6
129,2015-11-23,6
129,2015-11-30,1
129,2015-12-07,6
129,2015-12-14,6
129,2015-12-21,6
129,2015-12-28,7
129,2016-01-04,13
129,2016-01-11,7
129,2016-01-18,12
129,2016-01-25,5
129,2016-02-01,8
129,2016-02-08,9
129,2016-02-15,7
129,2016-02-22,7
129,2016-02-29,11
129,2016-03-07,5
129,2016-03-14,10
129,2016-03-21,4
129,2016-03-28,6
129,2016-04-04,10
129,2016-04-11,7
129,2016-04-18,6
129,2016-04-25,9
129,2016-05-02,10
129,2016-05-09,11
129,2016-05-16,11
129,2016-05-23,7
129,2016-05-30,8
129,2016-06-06,8
129,2016-06-13,7
129,2016-06-20,13
129,2016-06-27,18
129,2016-07-04,16
129,2016-07-11,17
129,2016-07-18,17
129,2016-07-25,18
129,2016-08-01,18
129,2016-08-08,18
129,2016-08-15,11
129,2016-08-22,17
129,2016-08-29,9
129,2016-09-05,14
129,2016-09-12,17
129,2016-09-19,30
129,2016-09-26,19
129,2016-10-03,16
129,2016-10-10,16
129,2016-10-17,19
129,2016-10-24,12
129,2016-10-31,18
129,2016-11-07,10
129,2016-11-14,16
129,2016-11-21,15
129,2016-11-28,16
129,2016-12-05,12
129,2016-12-12,15
129,2016-12-19,12
129,2016-12-26,10
129,2017-01-02,18
129,2017-01-09,8
129,2017-01-16,18
129,2017-01-23,13
129,2017-01-30,8
129,2017-02-06,6
129,2017-02-13,21
129,2017-02-20,18
129,2017-02-27,14
129,2017-03-06,11
129,2017-03-13,17
129,2017-03-20,16
129,2017-03-27,17
129,2017-04-03,6
129,2017-04-10,10
129,2017-04-17,11
129,2017-04-24,20
129,2017-05-01,15
129,2017-05-08,18
129,2017-05-15,5
129,2017-05-22,4
129,2017-05-29,2
129,2017-06-05,3
129,2017-06-12,1
129.0,2015-03-16,1
129.0,2015-03-23,4
129.0,2015-03-30,2
129.0,2015-04-13,3
129.0,2015-04-27,1
129.0,2015-05-04,2
129.0,2015-05-11,1
129.0,2015-05-18,3
129.0,2015-05-25,3
129.0,2015-06-08,2
129.0,2015-06-22,3
129.0,2015-07-20,3
129.0,2015-07-27,2
129.0,2015-08-03,2
129.0,2015-08-10,2
129.0,2015-08-24,3
129.0,2015-08-31,5
129.0,2015-09-14,2
129.0,2015-09-21,1
129.0,2015-09-28,1
129.0,2015-10-05,3
129.0,2015-10-12,2
129.0,2015-10-19,7
129.0,2015-10-26,1
129.0,2015-11-02,3
129.0,2015-11-16,2
129.0,2015-11-23,4
129.0,2015-11-30,2
129.0,2015-12-07,2
129.0,2015-12-14,1
129.0,2015-12-21,2
129.0,2015-12-28,1
129.0,2016-01-04,3
129.0,2016-01-11,1
129.0,2016-01-18,4
129.0,2016-01-25,3
129.0,2016-02-01,3
129.0,2016-02-08,4
129.0,2016-02-15,1
129.0,2016-02-22,3
129.0,2016-02-29,3
129.0,2016-03-07,2
129.0,2016-03-21,2
129.0,2016-03-28,1
129.0,2016-04-04,5
129.0,2016-04-11,3
129.0,2016-04-18,3
129.0,2016-04-25,2
129.0,2016-05-02,2
129.0,2016-05-09,3
129.0,2016-05-16,3
129.0,2016-05-23,1
129.0,2016-06-06,2
129.0,2016-06-13,4
129.0,2016-06-20,3
129.0,2016-06-27,1
129.0,2016-07-04,6
129.0,2016-07-11,4
129.0,2016-07-18,2
129.0,2016-07-25,5
129.0,2016-08-01,2
129.0,2016-08-08,3
129.0,2016-08-15,4
129.0,2016-08-22,2
129.0,2016-08-29,8
129.0,2016-09-05,4
129.0,2016-09-12,8
129.0,2016-09-19,2
129.0,2016-09-26,7
129.0,2016-10-03,8
129.0,2016-10-10,1
129.0,2016-10-17,3
129.0,2016-10-24,6
129.0,2016-10-31,7
129.0,2016-11-07,1
129.0,2016-11-14,1
129.0,2016-11-21,4
129.0,2016-11-28,5
129.0,2016-12-05,3
129.0,2016-12-12,2
129.0,2016-12-19,2
129.0,2016-12-26,3
129.0,2017-01-02,1
129.0,2017-01-09,7
129.0,2017-01-16,2
129.0,2017-01-23,1
129.0,2017-01-30,3
129.0,2017-02-06,2
129.0,2017-02-13,3
129.0,2017-02-20,5
129.0,2017-02-27,2
129.0,2017-03-06,2
129.0,2017-03-13,4
129.0,2017-03-20,3
129.0,2017-03-27,4
129.0,2017-04-03,1
129.0,2017-04-10,3
129.0,2017-04-17,2
129.0,2017-05-01,4
129.0,2017-05-08,6
129.0,2017-05-15,8
129.0,2017-05-22,10
129.0,2017-05-29,9
129.0,2017-06-05,15
129.0,2017-06-12,12
129.0,2017-06-19,13
129.0,2017-06-26,10
129.0,2017-07-03,11
129.0,2017-07-10,10
129.0,2017-07-17,12
129.0,2017-07-24,11
129.0,2017-07-31,10
129.0,2017-08-07,5
129.0,2017-08-14,7
129.0,2017-08-21,6
129.0,2017-08-28,5
129.0,2017-09-04,1
129.0,2017-09-11,2
129.0,2017-09-18,2
129.0,2017-10-30,1
13,2015-05-11,1
13,2015-05-25,1
13,2015-06-29,1
13,2015-08-24,1
13,2015-09-07,1
13,2015-09-21,1
13,2015-10-05,1
13,2015-10-26,1
13,2016-03-28,4
13,2016-05-02,1
13,2016-08-01,1
13,2016-09-05,1
13,2016-10-24,1
13,2016-12-05,1
13,2016-12-12,2
13,2016-12-26,1
13,2017-01-02,1
13,2017-02-20,1
13.0,2015-03-23,1
13.0,2016-02-01,1
13.0,2016-03-28,1
13.0,2017-03-27,1
13.0,2017-05-22,1
13.0,2017-05-29,1
13.0,2017-06-05,1
13.0,2017-06-12,1
13.0,2017-09-04,686
13.0,2017-09-11,28
130,2015-03-16,1
130,2015-05-11,1
130,2015-06-15,1
130,2015-08-31,1
130,2015-09-07,1
130,2015-10-05,1
130,2015-10-12,1
130,2015-11-02,1
130,2015-11-09,1
130,2016-01-04,1
130,2016-02-01,1
130,2016-02-08,3
130,2016-02-15,1
130,2016-02-29,1
130,2016-04-04,1
130,2016-04-18,1
130,2016-04-25,1
130,2016-05-16,2
130,2016-05-30,1
130,2016-06-20,2
130,2016-06-27,2
130,2016-07-04,1
130,2016-07-18,2
130,2016-07-25,1
130,2016-08-01,1
130,2016-08-08,2
130,2016-08-15,3
130,2016-09-05,1
130,2016-09-19,1
130,2016-10-03,1
130,2016-10-17,1
130,2016-11-14,1
130,2016-11-28,1
130,2016-12-05,1
130,2016-12-12,2
130,2016-12-19,1
130,2017-01-09,1
130,2017-01-16,1
130,2017-02-06,2
130,2017-03-13,1
130,2017-03-27,2
130,2017-04-03,1
130,2017-04-24,1
130,2017-05-08,1
130.0,2015-04-13,1
130.0,2015-05-18,1
130.0,2015-10-26,1
130.0,2015-11-30,1
130.0,2016-01-18,1
130.0,2016-06-27,1
130.0,2016-09-26,1
130.0,2017-01-23,1
130.0,2017-02-06,1
130.0,2017-02-27,1
130.0,2017-04-03,1
130.0,2017-05-29,1
130.0,2017-06-12,3
130.0,2017-06-19,3
130.0,2017-07-17,2
130.0,2017-07-24,1
130.0,2017-07-31,1
130.0,2017-08-07,1
130.0,2017-08-14,1
130.0,2017-08-28,2
131,2015-03-16,1
131,2015-03-23,2
131,2015-03-30,3
131,2015-04-06,4
131,2015-04-20,1
131,2015-04-27,3
131,2015-05-04,3
131,2015-05-11,2
131,2015-05-18,1
131,2015-05-25,1
131,2015-06-08,1
131,2015-06-15,3
131,2015-06-22,1
131,2015-06-29,1
131,2015-07-13,1
131,2015-07-20,3
131,2015-07-27,3
131,2015-08-03,2
131,2015-08-10,3
131,2015-08-17,4
131,2015-08-24,1
131,2015-08-31,2
131,2015-09-07,1
131,2015-09-14,1
131,2015-09-21,5
131,2015-10-05,3
131,2015-10-12,1
131,2015-10-19,3
131,2015-10-26,1
131,2015-11-09,2
131,2015-11-16,2
131,2015-12-07,1
131,2015-12-14,3
131,2015-12-21,2
131,2016-01-04,3
131,2016-01-18,2
131,2016-01-25,1
131,2016-02-01,1
131,2016-02-08,4
131,2016-02-15,1
131,2016-02-22,1
131,2016-02-29,3
131,2016-03-07,3
131,2016-03-14,1
131,2016-03-21,1
131,2016-03-28,4
131,2016-04-04,3
131,2016-04-18,1
131,2016-04-25,1
131,2016-05-02,2
131,2016-05-09,2
131,2016-05-30,1
131,2016-06-13,4
131,2016-06-20,1
131,2016-07-18,1
131,2016-07-25,2
131,2016-08-01,3
131,2016-08-08,4
131,2016-08-15,2
131,2016-08-22,4
131,2016-08-29,1
131,2016-09-05,1
131,2016-09-12,2
131,2016-09-19,6
131,2016-09-26,1
131,2016-10-03,1
131,2016-10-10,3
131,2016-10-17,1
131,2016-10-24,2
131,2016-10-31,1
131,2016-11-07,2
131,2016-11-14,3
131,2016-11-21,1
131,2016-11-28,3
131,2016-12-05,2
131,2016-12-12,1
131,2016-12-19,2
131,2017-01-02,2
131,2017-01-09,1
131,2017-01-16,5
131,2017-01-23,3
131,2017-01-30,4
131,2017-02-06,3
131,2017-02-13,3
131,2017-02-20,5
131,2017-02-27,1
131,2017-03-13,1
131,2017-03-20,2
131,2017-03-27,1
131,2017-04-03,4
131,2017-04-10,1
131,2017-04-17,3
131,2017-04-24,3
131,2017-05-01,5
131,2017-05-08,7
131,2017-05-22,1
131.0,2015-03-16,1
131.0,2015-03-30,1
131.0,2015-04-13,2
131.0,2015-04-20,1
131.0,2015-05-11,1
131.0,2015-05-18,2
131.0,2015-06-08,1
131.0,2015-06-22,1
131.0,2015-07-13,1
131.0,2015-07-20,1
131.0,2015-07-27,1
131.0,2015-08-24,1
131.0,2015-09-28,2
131.0,2015-10-05,1
131.0,2015-11-02,2
131.0,2015-11-09,1
131.0,2015-11-16,1
131.0,2015-11-23,1
131.0,2015-12-07,2
131.0,2015-12-21,2
131.0,2016-01-11,1
131.0,2016-02-08,1
131.0,2016-02-15,1
131.0,2016-03-14,1
131.0,2016-04-04,2
131.0,2016-05-30,1
131.0,2016-07-11,1
131.0,2016-07-18,1
131.0,2016-08-01,1
131.0,2016-08-15,2
131.0,2016-08-22,1
131.0,2016-09-12,1
131.0,2016-10-03,1
131.0,2016-10-10,1
131.0,2016-10-17,1
131.0,2016-10-31,1
131.0,2016-11-14,1
131.0,2016-12-12,1
131.0,2017-01-16,2
131.0,2017-01-23,1
131.0,2017-02-13,1
131.0,2017-03-13,2
131.0,2017-03-27,1
131.0,2017-05-15,2
131.0,2017-05-22,5
131.0,2017-05-29,5
131.0,2017-06-05,5
131.0,2017-06-12,3
131.0,2017-06-19,1
131.0,2017-06-26,2
131.0,2017-07-03,3
131.0,2017-07-10,7
131.0,2017-07-17,6
131.0,2017-07-24,5
131.0,2017-07-31,3
131.0,2017-08-07,3
131.0,2017-08-14,1
131.0,2017-08-21,1
131.0,2017-09-11,1
132,2015-03-30,1
132,2015-04-06,1
132,2015-05-18,3
132,2015-05-25,1
132,2015-07-13,1
132,2015-07-27,1
132,2015-08-03,1
132,2015-08-17,1
132,2015-08-24,1
132,2015-09-07,1
132,2015-09-21,1
132,2015-09-28,1
132,2015-10-12,1
132,2015-10-26,2
132,2015-11-09,1
132,2015-11-16,1
132,2015-11-30,1
132,2015-12-28,1
132,2016-01-04,1
132,2016-01-18,1
132,2016-02-15,1
132,2016-03-14,1
132,2016-05-16,1
132,2016-06-20,1
132,2016-08-22,1
132,2016-08-29,1
132,2016-10-10,1
132,2016-10-31,1
132,2016-11-14,2
132,2016-12-19,1
132,2017-01-02,1
132,2017-02-20,1
132,2017-03-20,2
132,2017-04-10,1
132,2017-04-17,1
132,2017-04-24,1
132,2017-05-08,1
132,2017-05-29,1
132.0,2015-04-20,1
132.0,2015-10-19,1
132.0,2016-02-15,1
132.0,2016-03-28,1
132.0,2016-08-01,1
132.0,2016-09-12,1
132.0,2016-10-31,1
132.0,2016-11-14,1
132.0,2016-11-28,1
132.0,2017-05-15,1
132.0,2017-06-05,1
132.0,2017-06-12,1
132.0,2017-06-26,1
132.0,2017-07-10,2
132.0,2017-07-31,2
133,2015-03-23,2
133,2015-03-30,1
133,2015-04-06,1
133,2015-04-13,2
133,2015-04-27,3
133,2015-05-11,1
133,2015-05-18,2
133,2015-05-25,1
133,2015-06-22,2
133,2015-07-13,1
133,2015-07-27,1
133,2015-08-03,2
133,2015-08-17,2
133,2015-08-24,1
133,2015-08-31,1
133,2015-10-19,1
133,2015-11-09,2
133,2015-11-16,1
133,2015-11-30,2
133,2016-01-18,1
133,2016-01-25,1
133,2016-02-01,1
133,2016-02-15,1
133,2016-02-22,1
133,2016-02-29,1
133,2016-04-04,2
133,2016-04-11,1
133,2016-05-02,1
133,2016-05-09,1
133,2016-05-23,1
133,2016-05-30,1
133,2016-06-20,2
133,2016-07-04,1
133,2016-07-11,1
133,2016-08-15,1
133,2016-08-29,1
133,2016-09-12,1
133,2016-09-26,1
133,2016-10-03,1
133,2016-10-10,1
133,2016-10-31,2
133,2016-11-07,1
133,2016-11-28,1
133,2016-12-12,1
133,2016-12-19,1
133,2016-12-26,1
133,2017-01-02,2
133,2017-01-09,1
133,2017-01-30,2
133,2017-02-20,3
133,2017-03-27,1
133,2017-04-10,1
133,2017-04-24,1
133,2017-05-01,1
133,2017-05-08,2
133.0,2015-04-20,1
133.0,2015-04-27,2
133.0,2015-09-14,2
133.0,2016-01-04,1
133.0,2016-02-01,2
133.0,2016-03-07,2
133.0,2016-04-11,1
133.0,2016-04-18,1
133.0,2016-05-09,1
133.0,2016-05-16,1
133.0,2016-06-27,3
133.0,2016-08-22,1
133.0,2016-09-05,1
133.0,2016-09-12,1
133.0,2016-09-19,1
133.0,2016-10-17,1
133.0,2016-12-12,1
133.0,2017-02-13,1
133.0,2017-03-06,1
133.0,2017-03-20,1
133.0,2017-03-27,1
133.0,2017-05-22,1
133.0,2017-07-03,2
133.0,2017-07-10,1
133.0,2017-07-31,1
133.0,2017-08-07,1
133.0,2017-08-14,1
133.0,2017-09-18,1
134,2015-06-08,1
134,2015-06-15,1
134,2015-08-31,1
134,2015-09-14,1
134,2015-09-21,1
134,2015-10-05,1
134,2015-12-28,1
134,2016-01-04,1
134,2016-02-01,1
134,2016-02-15,1
134,2016-04-04,1
134,2016-04-18,1
134,2016-05-16,1
134,2016-05-23,1
134,2016-05-30,1
134,2016-06-06,1
134,2016-06-20,1
134,2016-07-11,1
134,2016-08-29,1
134,2016-09-05,1
134,2016-10-10,1
134,2016-10-17,2
134,2016-10-31,1
134,2016-11-07,1
134,2016-11-14,1
134,2016-11-28,1
134,2016-12-12,1
134,2016-12-19,1
134,2017-01-09,1
134,2017-01-23,2
134,2017-01-30,1
134,2017-02-13,3
134,2017-04-17,1
134,2017-05-01,2
134,2017-05-08,2
134.0,2015-03-23,1
134.0,2015-07-06,1
134.0,2015-07-20,2
134.0,2016-04-11,1
134.0,2016-04-18,1
134.0,2016-07-11,1
134.0,2016-10-10,1
134.0,2016-11-14,1
134.0,2017-05-22,1
134.0,2017-05-29,2
134.0,2017-06-12,3
134.0,2017-08-28,1
135,2015-04-13,1
135,2015-05-11,1
135,2015-06-01,2
135,2015-06-08,1
135,2015-06-22,2
135,2015-07-06,1
135,2015-08-24,1
135,2015-10-05,1
135,2015-11-09,1
135,2015-12-21,1
135,2016-01-25,2
135,2016-02-01,1
135,2016-02-08,1
135,2016-03-07,1
135,2016-03-21,1
135,2016-05-02,2
135,2016-06-27,1
135,2016-08-08,1
135,2016-08-22,1
135,2016-08-29,1
135,2016-09-05,1
135,2016-09-26,1
135,2016-10-03,1
135,2016-10-17,2
135,2016-11-14,1
135,2016-11-28,1
135,2017-02-27,2
135,2017-03-13,1
135,2017-03-20,2
135,2017-04-24,2
135,2017-05-01,1
135.0,2015-03-16,1
135.0,2015-08-24,1
135.0,2016-08-15,1
135.0,2017-03-27,1
135.0,2017-05-15,1
135.0,2017-06-19,1
135.0,2017-06-26,1
135.0,2017-07-03,1
135.0,2017-07-10,3
135.0,2017-07-17,1
135.0,2017-07-24,1
136,2015-03-23,2
136,2015-03-30,1
136,2015-04-13,1
136,2015-04-20,2
136,2015-05-11,1
136,2015-05-18,1
136,2015-06-08,1
136,2015-06-15,1
136,2015-06-29,1
136,2015-07-06,2
136,2015-07-13,1
136,2015-08-03,1
136,2015-08-10,3
136,2015-08-24,1
136,2015-08-31,1
136,2015-09-28,2
136,2015-10-05,1
136,2015-10-19,1
136,2015-11-09,1
136,2015-11-16,2
136,2015-11-23,1
136,2015-12-14,3
136,2016-01-04,1
136,2016-01-25,2
136,2016-02-01,1
136,2016-02-08,2
136,2016-02-22,2
136,2016-02-29,2
136,2016-03-21,1
136,2016-04-04,2
136,2016-04-18,1
136,2016-04-25,2
136,2016-05-09,1
136,2016-05-23,1
136,2016-05-30,1
136,2016-06-06,2
136,2016-06-13,1
136,2016-06-27,3
136,2016-07-04,1
136,2016-08-01,2
136,2016-08-22,2
136,2016-08-29,1
136,2016-09-05,1
136,2016-09-12,1
136,2016-09-26,1
136,2016-10-03,1
136,2016-10-10,1
136,2016-10-17,2
136,2016-11-07,1
136,2016-11-28,2
136,2016-12-19,1
136,2016-12-26,2
136,2017-01-02,1
136,2017-01-09,1
136,2017-01-23,1
136,2017-01-30,1
136,2017-02-06,2
136,2017-02-13,2
136,2017-02-20,2
136,2017-03-06,4
136,2017-03-13,6
136,2017-03-20,3
136,2017-03-27,4
136,2017-04-03,4
136,2017-04-10,1
136,2017-04-24,4
136,2017-05-01,3
136,2017-05-08,3
136.0,2015-04-06,1
136.0,2015-05-11,1
136.0,2015-08-24,1
136.0,2015-10-05,1
136.0,2015-12-07,1
136.0,2016-01-25,1
136.0,2016-03-07,1
136.0,2016-06-13,2
136.0,2016-07-04,1
136.0,2016-07-11,1
136.0,2016-09-05,1
136.0,2016-09-12,2
136.0,2016-11-21,2
136.0,2016-12-12,1
136.0,2017-01-02,2
136.0,2017-01-16,1
136.0,2017-01-23,3
136.0,2017-02-20,3
136.0,2017-02-27,1
136.0,2017-03-06,1
136.0,2017-03-20,1
136.0,2017-04-03,1
136.0,2017-05-15,1
136.0,2017-05-22,2
136.0,2017-05-29,1
136.0,2017-06-12,2
136.0,2017-06-26,2
136.0,2017-07-03,2
136.0,2017-07-10,1
136.0,2017-07-17,1
136.0,2017-07-24,1
136.0,2017-07-31,3
136.0,2017-08-28,1
137,2015-04-20,1
137,2015-05-25,1
137,2015-10-12,1
137,2015-10-19,1
137,2015-11-09,1
137,2015-12-14,1
137,2016-01-04,1
137,2016-01-18,1
137,2016-01-25,1
137,2016-03-14,1
137,2016-04-11,1
137,2016-04-18,1
137,2016-04-25,1
137,2016-06-06,1
137,2016-06-13,1
137,2016-07-18,1
137,2016-07-25,1
137,2016-08-01,1
137,2016-09-05,2
137,2016-09-12,1
137,2016-10-10,2
137,2016-10-17,1
137,2016-10-24,1
137,2016-10-31,1
137,2016-11-07,1
137,2016-11-21,2
137,2016-12-12,1
137,2017-01-16,1
137,2017-01-30,1
137,2017-02-20,1
137,2017-02-27,1
137,2017-04-10,1
137,2017-05-01,1
137.0,2015-04-27,1
137.0,2015-06-15,1
137.0,2015-06-29,1
137.0,2015-07-13,1
137.0,2015-07-20,1
137.0,2016-02-22,1
137.0,2016-05-02,1
137.0,2016-07-25,1
137.0,2016-08-15,1
137.0,2016-09-19,1
137.0,2016-11-14,1
137.0,2017-01-16,1
137.0,2017-02-27,1
137.0,2017-04-10,2
137.0,2017-05-29,1
137.0,2017-06-19,1
137.0,2017-07-17,2
137.0,2017-07-31,1
137.0,2017-08-21,1
138,2015-03-30,2
138,2015-04-06,3
138,2015-04-13,5
138,2015-04-20,3
138,2015-04-27,6
138,2015-05-04,3
138,2015-05-11,4
138,2015-05-18,2
138,2015-05-25,6
138,2015-06-01,3
138,2015-06-08,1
138,2015-06-15,1
138,2015-06-22,6
138,2015-06-29,2
138,2015-07-06,5
138,2015-07-13,4
138,2015-07-20,6
138,2015-07-27,3
138,2015-08-03,3
138,2015-08-10,5
138,2015-08-17,4
138,2015-08-24,5
138,2015-08-31,3
138,2015-09-07,3
138,2015-09-14,6
138,2015-09-21,2
138,2015-09-28,5
138,2015-10-05,3
138,2015-10-12,3
138,2015-10-26,4
138,2015-11-02,4
138,2015-11-09,4
138,2015-11-16,4
138,2015-11-23,1
138,2015-11-30,5
138,2015-12-07,10
138,2015-12-14,5
138,2015-12-21,4
138,2015-12-28,5
138,2016-01-04,3
138,2016-01-11,2
138,2016-01-18,6
138,2016-01-25,6
138,2016-02-01,3
138,2016-02-08,3
138,2016-02-15,3
138,2016-02-22,4
138,2016-02-29,5
138,2016-03-07,4
138,2016-03-14,5
138,2016-03-21,4
138,2016-03-28,4
138,2016-04-04,5
138,2016-04-11,2
138,2016-04-18,3
138,2016-04-25,3
138,2016-05-02,6
138,2016-05-09,6
138,2016-05-16,3
138,2016-05-23,3
138,2016-05-30,1
138,2016-06-06,4
138,2016-06-13,1
138,2016-06-20,2
138,2016-06-27,3
138,2016-07-04,4
138,2016-07-11,6
138,2016-07-18,1
138,2016-07-25,6
138,2016-08-01,5
138,2016-08-08,6
138,2016-08-15,2
138,2016-08-22,2
138,2016-08-29,1
138,2016-09-05,7
138,2016-09-12,6
138,2016-09-19,6
138,2016-09-26,5
138,2016-10-03,4
138,2016-10-10,3
138,2016-10-17,5
138,2016-10-24,2
138,2016-10-31,5
138,2016-11-07,3
138,2016-11-14,3
138,2016-11-21,4
138,2016-11-28,3
138,2016-12-05,5
138,2016-12-12,3
138,2016-12-19,2
138,2016-12-26,3
138,2017-01-02,5
138,2017-01-09,7
138,2017-01-16,2
138,2017-01-23,2
138,2017-01-30,9
138,2017-02-06,4
138,2017-02-13,4
138,2017-02-20,1
138,2017-02-27,2
138,2017-03-06,5
138,2017-03-13,4
138,2017-03-20,2
138,2017-03-27,3
138,2017-04-03,7
138,2017-04-10,6
138,2017-04-17,1
138,2017-04-24,4
138,2017-05-01,7
138,2017-05-08,4
138,2017-05-22,1
138,2017-06-05,1
138,2017-06-12,1
138.0,2015-04-27,3
138.0,2015-05-18,1
138.0,2015-05-25,1
138.0,2015-06-01,1
138.0,2015-06-15,1
138.0,2015-06-22,3
138.0,2015-06-29,1
138.0,2015-07-06,1
138.0,2015-07-13,1
138.0,2015-07-20,1
138.0,2015-07-27,1
138.0,2015-08-03,1
138.0,2015-08-10,1
138.0,2015-08-17,1
138.0,2015-09-07,2
138.0,2015-09-14,2
138.0,2015-09-21,2
138.0,2015-10-05,1
138.0,2015-10-26,4
138.0,2015-11-02,1
138.0,2015-11-09,3
138.0,2015-11-16,1
138.0,2015-11-23,3
138.0,2015-12-07,3
138.0,2015-12-28,4
138.0,2016-01-04,2
138.0,2016-01-11,1
138.0,2016-01-18,1
138.0,2016-02-22,1
138.0,2016-02-29,1
138.0,2016-03-07,1
138.0,2016-03-14,2
138.0,2016-03-28,2
138.0,2016-04-04,1
138.0,2016-05-02,1
138.0,2016-05-09,2
138.0,2016-05-16,1
138.0,2016-05-23,2
138.0,2016-06-13,1
138.0,2016-06-27,1
138.0,2016-07-11,1
138.0,2016-07-18,2
138.0,2016-07-25,1
138.0,2016-08-01,3
138.0,2016-09-05,1
138.0,2016-09-19,1
138.0,2016-09-26,2
138.0,2016-10-10,1
138.0,2016-10-17,1
138.0,2016-10-24,2
138.0,2016-10-31,2
138.0,2016-11-07,1
138.0,2016-11-14,1
138.0,2016-11-28,1
138.0,2016-12-05,2
138.0,2017-01-09,2
138.0,2017-01-16,1
138.0,2017-01-30,2
138.0,2017-02-06,2
138.0,2017-02-13,1
138.0,2017-02-20,1
138.0,2017-02-27,1
138.0,2017-03-06,3
138.0,2017-03-13,1
138.0,2017-03-20,2
138.0,2017-04-24,1
138.0,2017-05-08,2
138.0,2017-05-15,5
138.0,2017-05-22,9
138.0,2017-05-29,4
138.0,2017-06-05,3
138.0,2017-06-12,4
138.0,2017-06-19,8
138.0,2017-06-26,6
138.0,2017-07-03,1
138.0,2017-07-10,3
138.0,2017-07-17,4
138.0,2017-07-24,2
138.0,2017-07-31,4
138.0,2017-08-07,1
138.0,2017-08-14,4
138.0,2017-08-21,5
138.0,2017-08-28,1
138.0,2017-09-04,1
138.0,2017-09-18,1
139,2015-03-30,1
139,2015-04-06,1
139,2015-06-22,1
139,2015-06-29,1
139,2015-07-27,1
139,2015-08-10,1
139,2015-09-14,1
139,2015-09-28,1
139,2015-10-05,1
139,2015-10-12,1
139,2015-10-19,1
139,2015-11-09,1
139,2015-11-16,1
139,2015-11-23,1
139,2015-12-21,1
139,2016-01-11,1
139,2016-02-01,1
139,2016-02-15,2
139,2016-05-09,1
139,2016-07-11,1
139,2016-07-25,1
139,2016-08-08,1
139,2016-09-12,1
139,2016-10-10,1
139,2016-10-17,1
139,2017-01-02,1
139,2017-03-13,1
139,2017-03-27,1
139,2017-04-10,1
139,2017-04-24,1
139,2017-05-15,1
139.0,2015-04-06,1
139.0,2015-06-01,1
139.0,2015-10-26,1
139.0,2015-12-21,2
139.0,2016-02-15,1
139.0,2016-02-29,1
139.0,2016-04-18,1
139.0,2016-07-04,1
139.0,2016-11-14,1
139.0,2017-02-13,1
139.0,2017-06-19,1
139.0,2017-07-24,1
14,2015-07-06,1
14,2015-07-13,1
14,2015-07-27,1
14,2015-08-10,1
14,2015-08-31,1
14,2015-09-21,1
14,2015-09-28,2
14,2015-10-12,1
14,2015-11-23,1
14,2016-01-11,1
14,2016-01-18,1
14,2016-01-25,4
14,2016-02-01,1
14,2016-02-15,1
14,2016-02-29,2
14,2016-03-07,1
14,2016-03-21,1
14,2016-04-04,1
14,2016-04-11,1
14,2016-05-02,1
14,2016-05-16,1
14,2016-05-23,2
14,2016-06-20,2
14,2016-07-11,4
14,2016-07-18,2
14,2016-07-25,1
14,2016-08-01,2
14,2016-09-19,3
14,2016-09-26,2
14,2016-10-10,5
14,2016-10-17,1
14,2016-11-07,3
14,2016-11-14,2
14,2016-12-05,23
14,2016-12-12,4
14,2016-12-19,1
14,2017-01-23,7
14,2017-01-30,1
14,2017-02-20,4
14,2017-03-06,1
14,2017-03-27,1
14,2017-04-03,2
14,2017-04-10,3
14,2017-05-01,1
14,2017-05-08,2
14.0,2015-08-17,1
14.0,2015-09-21,4
14.0,2016-01-25,1
14.0,2016-03-21,1
14.0,2016-07-11,1
14.0,2016-07-25,1
14.0,2016-08-01,1
14.0,2016-08-08,1
14.0,2016-09-19,2
14.0,2016-09-26,1
14.0,2016-10-03,1
14.0,2016-10-10,2
14.0,2016-10-31,1
14.0,2016-11-14,2
14.0,2016-12-05,12
14.0,2016-12-12,2
14.0,2016-12-26,2
14.0,2017-01-23,3
14.0,2017-01-30,1
14.0,2017-02-20,1
14.0,2017-03-27,1
14.0,2017-05-22,1
14.0,2017-07-24,1
14.0,2017-08-28,1
140,2015-03-23,1
140,2015-04-13,1
140,2015-05-11,1
140,2015-07-13,3
140,2015-07-20,1
140,2015-08-10,1
140,2015-08-17,2
140,2015-08-24,1
140,2015-10-05,1
140,2015-10-19,1
140,2015-10-26,1
140,2015-11-02,2
140,2015-11-16,2
140,2015-11-23,1
140,2015-11-30,1
140,2015-12-21,1
140,2016-01-18,2
140,2016-02-01,1
140,2016-02-22,2
140,2016-02-29,6
140,2016-03-07,1
140,2016-03-14,2
140,2016-03-21,1
140,2016-04-11,1
140,2016-04-18,1
140,2016-04-25,1
140,2016-05-02,3
140,2016-05-16,1
140,2016-07-04,1
140,2016-07-11,1
140,2016-07-18,1
140,2016-07-25,1
140,2016-08-22,2
140,2016-09-19,1
140,2016-09-26,2
140,2016-10-10,1
140,2016-10-31,1
140,2016-11-14,1
140,2017-02-06,1
140,2017-02-20,3
140,2017-02-27,1
140,2017-04-17,1
140.0,2015-06-01,1
140.0,2015-07-27,1
140.0,2015-08-03,1
140.0,2015-08-10,1
140.0,2015-11-09,1
140.0,2016-01-04,1
140.0,2016-02-15,3
140.0,2016-06-06,1
140.0,2016-08-01,1
140.0,2016-12-05,1
140.0,2016-12-19,1
140.0,2017-01-16,2
140.0,2017-01-30,1
140.0,2017-05-22,1
140.0,2017-06-12,1
140.0,2017-07-10,1
140.0,2017-08-14,1
141,2015-03-23,3
141,2015-03-30,1
141,2015-04-27,1
141,2015-05-25,1
141,2015-06-01,1
141,2015-06-15,1
141,2015-07-06,1
141,2015-07-27,1
141,2015-08-10,1
141,2015-08-17,1
141,2015-09-07,1
141,2015-09-14,3
141,2015-09-28,1
141,2015-10-12,2
141,2015-10-19,1
141,2015-10-26,1
141,2015-11-02,1
141,2015-11-09,1
141,2015-11-23,2
141,2015-11-30,3
141,2015-12-28,3
141,2016-01-04,2
141,2016-02-15,1
141,2016-02-22,1
141,2016-02-29,1
141,2016-03-14,2
141,2016-03-21,1
141,2016-04-04,2
141,2016-04-18,1
141,2016-04-25,2
141,2016-05-02,1
141,2016-05-16,1
141,2016-05-23,1
141,2016-05-30,3
141,2016-06-13,1
141,2016-06-20,1
141,2016-07-04,1
141,2016-07-11,3
141,2016-07-18,1
141,2016-07-25,1
141,2016-08-22,3
141,2016-08-29,2
141,2016-09-05,2
141,2016-09-19,1
141,2016-10-10,2
141,2016-11-21,1
141,2016-12-05,1
141,2016-12-12,5
141,2016-12-19,1
141,2016-12-26,1
141,2017-01-09,3
141,2017-01-16,3
141,2017-01-23,1
141,2017-02-06,2
141,2017-02-13,1
141,2017-02-27,2
141,2017-03-06,4
141,2017-04-03,1
141,2017-04-10,1
141,2017-04-17,2
141,2017-04-24,2
141,2017-05-01,2
141,2017-05-08,2
141,2017-05-15,1
141,2017-05-29,1
141.0,2015-03-30,2
141.0,2015-04-27,1
141.0,2015-06-01,1
141.0,2015-07-27,1
141.0,2015-08-10,1
141.0,2015-10-26,1
141.0,2015-12-07,1
141.0,2015-12-21,1
141.0,2016-01-11,2
141.0,2016-06-06,1
141.0,2016-06-27,1
141.0,2016-07-04,1
141.0,2016-07-11,1
141.0,2016-08-01,1
141.0,2016-08-22,1
141.0,2016-09-05,1
141.0,2016-09-26,1
141.0,2016-10-24,1
141.0,2016-11-21,1
141.0,2017-01-23,1
141.0,2017-02-06,1
141.0,2017-02-13,1
141.0,2017-05-08,1
141.0,2017-05-15,4
141.0,2017-05-22,1
141.0,2017-06-05,1
141.0,2017-06-12,1
141.0,2017-06-19,1
141.0,2017-06-26,1
141.0,2017-07-03,1
141.0,2017-07-17,1
141.0,2017-07-24,1
141.0,2017-08-14,1
141.0,2017-09-04,1
141.0,2017-10-30,1
142,2015-05-04,1
142,2015-05-25,1
142,2015-06-01,1
142,2015-07-06,1
142,2015-07-27,1
142,2015-08-31,1
142,2015-09-14,2
142,2015-09-28,1
142,2015-10-05,2
142,2015-10-19,1
142,2015-10-26,2
142,2015-11-23,1
142,2015-12-07,1
142,2015-12-14,1
142,2016-02-22,1
142,2016-03-21,1
142,2016-04-18,2
142,2016-05-30,1
142,2016-07-11,1
142,2016-07-25,1
142,2016-08-15,2
142,2016-09-12,2
142,2016-09-26,2
142,2016-10-24,1
142,2016-10-31,1
142,2016-11-07,2
142,2016-11-21,1
142,2016-12-05,1
142,2016-12-12,2
142,2016-12-19,1
142,2017-01-23,1
142,2017-01-30,1
142,2017-02-20,1
142,2017-02-27,1
142,2017-03-13,1
142,2017-03-27,2
142,2017-04-10,3
142,2017-05-01,1
142,2017-05-08,1
142.0,2015-05-25,1
142.0,2015-06-29,1
142.0,2015-10-12,1
142.0,2016-01-25,1
142.0,2016-09-05,1
142.0,2016-10-17,1
142.0,2016-10-31,1
142.0,2016-11-14,1
142.0,2017-01-16,2
142.0,2017-02-13,2
142.0,2017-06-05,1
142.0,2017-06-19,1
142.0,2017-07-03,1
142.0,2017-07-17,2
142.0,2017-08-07,1
142.0,2017-09-04,1
142.0,2017-09-18,1
143,2015-04-06,1
143,2015-04-13,1
143,2015-04-20,1
143,2015-05-04,1
143,2015-05-18,2
143,2015-06-15,1
143,2015-06-22,1
143,2015-07-06,1
143,2015-07-13,1
143,2015-08-03,1
143,2015-08-17,1
143,2015-08-24,1
143,2015-08-31,2
143,2015-09-28,1
143,2015-10-05,1
143,2015-12-07,1
143,2016-01-11,1
143,2016-01-18,1
143,2016-01-25,1
143,2016-02-15,1
143,2016-05-09,1
143,2016-06-13,1
143,2016-06-27,1
143,2016-07-04,2
143,2016-07-18,1
143,2016-08-15,1
143,2016-08-29,1
143,2016-09-05,1
143,2016-10-03,1
143,2016-10-17,1
143,2016-11-07,1
143,2017-02-13,1
143,2017-02-20,1
143,2017-04-17,1
143.0,2015-12-21,1
143.0,2016-01-18,1
143.0,2016-05-16,1
143.0,2016-06-20,1
143.0,2017-01-02,1
143.0,2017-01-23,1
143.0,2017-02-13,1
143.0,2017-06-12,1
143.0,2017-06-26,1
143.0,2017-07-24,1
144,2015-03-16,1
144,2015-04-20,1
144,2015-05-04,1
144,2015-05-11,1
144,2015-05-18,3
144,2015-05-25,1
144,2015-06-01,2
144,2015-06-15,2
144,2015-06-22,2
144,2015-06-29,1
144,2015-07-06,1
144,2015-07-13,1
144,2015-07-27,3
144,2015-08-10,3
144,2015-09-07,1
144,2015-09-14,1
144,2015-11-02,3
144,2015-11-09,1
144,2015-11-16,1
144,2015-11-23,1
144,2015-11-30,1
144,2015-12-07,3
144,2015-12-14,2
144,2015-12-28,1
144,2016-01-18,2
144,2016-01-25,1
144,2016-02-08,1
144,2016-03-07,2
144,2016-03-14,2
144,2016-03-21,4
144,2016-03-28,2
144,2016-04-04,1
144,2016-04-11,2
144,2016-04-25,1
144,2016-05-02,1
144,2016-05-09,2
144,2016-05-16,2
144,2016-05-23,1
144,2016-06-06,1
144,2016-06-13,1
144,2016-06-20,1
144,2016-07-04,2
144,2016-07-11,2
144,2016-07-18,1
144,2016-08-08,1
144,2016-09-05,1
144,2016-10-03,2
144,2016-10-17,3
144,2016-10-24,1
144,2016-10-31,1
144,2016-11-14,2
144,2016-11-21,1
144,2016-11-28,3
144,2016-12-05,1
144,2016-12-26,1
144,2017-01-02,3
144,2017-01-09,2
144,2017-01-16,1
144,2017-01-23,3
144,2017-01-30,4
144,2017-02-06,2
144,2017-02-13,1
144,2017-02-27,2
144,2017-03-20,2
144,2017-03-27,5
144,2017-04-03,2
144,2017-04-10,5
144,2017-04-24,3
144,2017-05-01,2
144,2017-05-08,1
144,2017-05-15,2
144,2017-05-22,1
144,2017-05-29,2
144.0,2015-04-20,1
144.0,2015-05-04,1
144.0,2015-05-18,1
144.0,2015-06-08,1
144.0,2015-07-06,1
144.0,2015-10-19,1
144.0,2015-12-28,1
144.0,2016-02-29,1
144.0,2016-04-11,1
144.0,2016-04-18,1
144.0,2016-05-09,1
144.0,2016-05-16,1
144.0,2016-08-08,1
144.0,2016-11-28,1
144.0,2016-12-05,1
144.0,2016-12-19,1
144.0,2017-01-30,1
144.0,2017-02-13,1
144.0,2017-05-08,1
144.0,2017-05-15,2
144.0,2017-05-22,4
144.0,2017-06-05,1
144.0,2017-06-12,2
144.0,2017-06-19,3
144.0,2017-06-26,2
144.0,2017-07-03,1
144.0,2017-07-10,3
144.0,2017-07-17,1
144.0,2017-07-24,1
144.0,2017-07-31,3
144.0,2017-08-07,1
144.0,2017-08-14,1
145,2015-03-23,2
145,2015-03-30,4
145,2015-04-06,2
145,2015-04-13,6
145,2015-04-20,3
145,2015-04-27,6
145,2015-05-04,6
145,2015-05-11,6
145,2015-05-18,4
145,2015-05-25,4
145,2015-06-01,3
145,2015-06-08,3
145,2015-06-15,6
145,2015-06-22,8
145,2015-06-29,1
145,2015-07-06,6
145,2015-07-13,12
145,2015-07-20,6
145,2015-07-27,4
145,2015-08-03,6
145,2015-08-10,4
145,2015-08-17,3
145,2015-08-24,4
145,2015-08-31,7
145,2015-09-07,8
145,2015-09-14,4
145,2015-09-21,3
145,2015-09-28,3
145,2015-10-05,4
145,2015-10-12,3
145,2015-10-19,6
145,2015-10-26,5
145,2015-11-02,7
145,2015-11-09,5
145,2015-11-16,7
145,2015-11-23,7
145,2015-11-30,8
145,2015-12-07,5
145,2015-12-14,11
145,2015-12-21,5
145,2015-12-28,2
145,2016-01-04,3
145,2016-01-11,3
145,2016-01-18,3
145,2016-01-25,7
145,2016-02-01,3
145,2016-02-08,4
145,2016-02-15,5
145,2016-02-22,5
145,2016-02-29,1
145,2016-03-07,4
145,2016-03-14,6
145,2016-03-21,9
145,2016-03-28,6
145,2016-04-04,6
145,2016-04-11,4
145,2016-04-18,7
145,2016-04-25,4
145,2016-05-02,3
145,2016-05-09,8
145,2016-05-16,5
145,2016-05-23,7
145,2016-05-30,3
145,2016-06-06,6
145,2016-06-13,10
145,2016-06-20,9
145,2016-06-27,3
145,2016-07-04,7
145,2016-07-11,1
145,2016-07-18,3
145,2016-07-25,10
145,2016-08-01,6
145,2016-08-08,4
145,2016-08-15,6
145,2016-08-22,8
145,2016-08-29,8
145,2016-09-05,6
145,2016-09-12,6
145,2016-09-19,10
145,2016-09-26,4
145,2016-10-03,4
145,2016-10-10,4
145,2016-10-17,8
145,2016-10-24,7
145,2016-10-31,4
145,2016-11-07,6
145,2016-11-14,4
145,2016-11-21,10
145,2016-11-28,10
145,2016-12-05,8
145,2016-12-12,7
145,2016-12-19,5
145,2016-12-26,3
145,2017-01-02,9
145,2017-01-09,6
145,2017-01-16,8
145,2017-01-23,8
145,2017-01-30,4
145,2017-02-06,7
145,2017-02-13,10
145,2017-02-20,8
145,2017-02-27,4
145,2017-03-06,5
145,2017-03-13,5
145,2017-03-20,3
145,2017-03-27,10
145,2017-04-03,8
145,2017-04-10,6
145,2017-04-17,9
145,2017-04-24,7
145,2017-05-01,7
145,2017-05-08,12
145,2017-05-29,2
145.0,2015-03-23,1
145.0,2015-04-06,1
145.0,2015-04-13,1
145.0,2015-04-20,2
145.0,2015-04-27,1
145.0,2015-05-04,1
145.0,2015-05-18,1
145.0,2015-05-25,1
145.0,2015-06-01,1
145.0,2015-06-08,1
145.0,2015-06-29,1
145.0,2015-07-06,1
145.0,2015-07-13,1
145.0,2015-07-20,1
145.0,2015-07-27,1
145.0,2015-08-10,4
145.0,2015-08-17,1
145.0,2015-08-31,2
145.0,2015-09-07,4
145.0,2015-09-14,1
145.0,2015-09-21,3
145.0,2015-10-12,2
145.0,2015-10-19,1
145.0,2015-11-09,1
145.0,2015-11-16,5
145.0,2015-11-23,1
145.0,2015-11-30,2
145.0,2015-12-07,2
145.0,2015-12-14,1
145.0,2015-12-28,4
145.0,2016-01-04,3
145.0,2016-01-18,4
145.0,2016-02-01,3
145.0,2016-02-08,1
145.0,2016-02-15,2
145.0,2016-02-29,2
145.0,2016-03-07,1
145.0,2016-03-21,2
145.0,2016-03-28,1
145.0,2016-04-04,1
145.0,2016-04-18,3
145.0,2016-05-02,1
145.0,2016-05-09,1
145.0,2016-05-16,1
145.0,2016-05-23,1
145.0,2016-05-30,2
145.0,2016-06-20,1
145.0,2016-06-27,1
145.0,2016-07-04,2
145.0,2016-07-11,1
145.0,2016-07-18,1
145.0,2016-07-25,1
145.0,2016-08-08,3
145.0,2016-08-22,1
145.0,2016-08-29,3
145.0,2016-09-05,1
145.0,2016-09-26,3
145.0,2016-10-03,2
145.0,2016-10-17,2
145.0,2016-10-24,1
145.0,2016-10-31,1
145.0,2016-11-07,2
145.0,2016-11-14,2
145.0,2016-11-21,3
145.0,2016-11-28,5
145.0,2016-12-12,1
145.0,2016-12-19,2
145.0,2016-12-26,1
145.0,2017-01-02,1
145.0,2017-01-23,1
145.0,2017-01-30,1
145.0,2017-02-06,3
145.0,2017-02-13,1
145.0,2017-02-20,1
145.0,2017-02-27,1
145.0,2017-03-06,1
145.0,2017-03-13,3
145.0,2017-03-20,1
145.0,2017-03-27,1
145.0,2017-04-03,2
145.0,2017-05-01,3
145.0,2017-05-08,2
145.0,2017-05-15,3
145.0,2017-05-22,4
145.0,2017-05-29,1
145.0,2017-06-05,5
145.0,2017-06-12,5
145.0,2017-06-19,12
145.0,2017-06-26,5
145.0,2017-07-03,6
145.0,2017-07-10,7
145.0,2017-07-17,3
145.0,2017-07-24,4
145.0,2017-07-31,10
145.0,2017-08-07,3
145.0,2017-08-14,7
145.0,2017-08-21,2
145.0,2017-09-04,1
146,2015-03-30,1
146,2015-04-27,1
146,2015-06-15,1
146,2015-07-13,1
146,2015-08-17,1
146,2015-09-14,3
146,2015-09-28,1
146,2015-10-19,1
146,2015-10-26,1
146,2016-01-18,1
146,2016-01-25,1
146,2016-02-22,2
146,2016-03-14,1
146,2016-03-28,1
146,2016-04-18,1
146,2016-06-27,1
146,2016-07-04,1
146,2016-07-18,1
146,2016-08-15,2
146,2016-08-22,1
146,2016-09-12,1
146,2016-11-21,1
146,2016-12-05,1
146,2017-01-02,2
146,2017-01-23,1
146,2017-02-06,1
146,2017-03-06,1
146,2017-04-10,2
146,2017-04-24,1
146,2017-05-01,1
146.0,2015-03-16,1
146.0,2015-12-28,1
146.0,2016-01-04,2
146.0,2016-02-15,1
146.0,2016-02-22,1
146.0,2016-05-09,1
146.0,2016-05-23,1
146.0,2016-07-18,1
146.0,2016-08-08,1
146.0,2016-08-22,2
146.0,2016-11-14,1
146.0,2017-02-20,1
146.0,2017-03-20,1
146.0,2017-04-24,1
146.0,2017-05-08,2
146.0,2017-05-15,1
146.0,2017-06-05,1
146.0,2017-06-12,2
146.0,2017-06-19,1
146.0,2017-08-07,1
147,2015-03-23,1
147,2015-03-30,1
147,2015-04-06,2
147,2015-04-27,1
147,2015-05-04,1
147,2015-05-11,2
147,2015-05-18,1
147,2015-05-25,2
147,2015-06-01,4
147,2015-06-08,2
147,2015-06-29,1
147,2015-07-13,1
147,2015-07-20,4
147,2015-07-27,1
147,2015-08-03,3
147,2015-08-10,2
147,2015-10-12,1
147,2015-10-26,2
147,2015-11-02,2
147,2015-11-09,3
147,2015-11-16,2
147,2015-11-30,1
147,2015-12-07,2
147,2015-12-28,1
147,2016-01-11,5
147,2016-01-18,1
147,2016-01-25,3
147,2016-02-08,3
147,2016-02-15,1
147,2016-02-22,2
147,2016-02-29,3
147,2016-03-07,2
147,2016-04-04,3
147,2016-04-18,1
147,2016-04-25,1
147,2016-05-23,2
147,2016-06-06,1
147,2016-06-13,1
147,2016-06-20,3
147,2016-07-04,1
147,2016-07-18,1
147,2016-07-25,1
147,2016-08-01,1
147,2016-08-29,1
147,2016-09-12,2
147,2016-09-19,1
147,2016-10-03,1
147,2016-10-10,2
147,2016-10-17,2
147,2016-11-21,1
147,2016-11-28,3
147,2016-12-12,1
147,2016-12-26,2
147,2017-01-02,1
147,2017-01-09,2
147,2017-01-16,2
147,2017-01-30,5
147,2017-02-13,2
147,2017-02-20,1
147,2017-02-27,2
147,2017-03-06,3
147,2017-03-13,1
147,2017-03-20,3
147,2017-03-27,1
147,2017-04-03,3
147,2017-04-10,2
147,2017-04-17,1
147,2017-05-01,2
147,2017-05-08,1
147.0,2015-03-16,1
147.0,2015-04-27,1
147.0,2015-05-11,1
147.0,2015-06-01,1
147.0,2015-06-08,1
147.0,2015-06-15,1
147.0,2015-07-06,1
147.0,2015-07-27,1
147.0,2015-08-03,1
147.0,2015-09-07,1
147.0,2016-01-11,1
147.0,2016-01-25,1
147.0,2016-02-01,2
147.0,2016-03-21,2
147.0,2016-03-28,1
147.0,2016-04-25,3
147.0,2016-06-13,1
147.0,2016-06-27,1
147.0,2016-09-12,1
147.0,2016-10-03,1
147.0,2016-11-14,1
147.0,2016-12-05,1
147.0,2016-12-19,1
147.0,2017-01-30,1
147.0,2017-02-06,1
147.0,2017-03-13,1
147.0,2017-05-22,1
147.0,2017-05-29,1
147.0,2017-06-05,2
147.0,2017-06-19,1
147.0,2017-06-26,3
147.0,2017-07-03,1
147.0,2017-07-10,2
147.0,2017-07-17,1
147.0,2017-07-31,2
147.0,2017-08-07,1
147.0,2017-08-28,1
148,2015-03-23,2
148,2015-04-27,1
148,2015-05-04,1
148,2015-05-11,2
148,2015-06-01,2
148,2015-06-22,1
148,2015-08-03,2
148,2015-08-10,1
148,2015-08-24,2
148,2015-09-14,1
148,2015-10-05,1
148,2015-10-12,1
148,2015-10-19,1
148,2015-10-26,1
148,2015-11-16,1
148,2015-12-07,1
148,2016-01-04,1
148,2016-01-25,1
148,2016-02-15,1
148,2016-02-22,1
148,2016-03-14,1
148,2016-04-04,3
148,2016-05-02,2
148,2016-05-16,3
148,2016-07-11,1
148,2016-07-18,1
148,2016-07-25,1
148,2016-08-15,1
148,2016-09-05,2
148,2016-09-12,2
148,2016-09-19,1
148,2016-10-10,1
148,2016-10-17,3
148,2016-12-05,1
148,2016-12-19,1
148,2016-12-26,2
148,2017-01-02,1
148,2017-01-09,1
148,2017-01-16,2
148,2017-01-23,4
148,2017-01-30,2
148,2017-02-20,1
148,2017-03-06,2
148,2017-03-13,2
148,2017-03-27,1
148,2017-04-03,1
148,2017-04-10,1
148,2017-05-01,2
148,2017-05-08,1
148,2017-05-15,1
148.0,2015-06-15,1
148.0,2015-06-22,1
148.0,2015-06-29,1
148.0,2015-08-17,1
148.0,2016-02-01,1
148.0,2016-03-14,1
148.0,2016-04-11,1
148.0,2016-05-30,1
148.0,2016-07-11,1
148.0,2016-09-26,1
148.0,2016-11-07,1
148.0,2016-12-19,1
148.0,2017-01-02,1
148.0,2017-02-20,1
148.0,2017-02-27,1
148.0,2017-03-06,1
148.0,2017-03-13,1
148.0,2017-03-20,1
148.0,2017-05-15,3
148.0,2017-05-29,1
148.0,2017-06-19,3
148.0,2017-06-26,1
148.0,2017-07-03,1
148.0,2017-07-10,1
148.0,2017-07-17,2
148.0,2017-09-04,1
149,2015-06-15,1
149,2015-09-21,1
149,2016-04-11,1
149,2016-05-09,1
149,2016-07-04,1
149,2016-07-25,1
149,2016-08-01,1
149,2016-08-29,1
149,2016-09-05,2
149,2016-09-12,2
149,2016-09-19,1
149,2016-09-26,1
149,2016-10-03,1
149,2016-10-10,1
149,2016-10-24,1
149,2016-10-31,1
149,2016-11-14,1
149,2016-11-21,1
149,2016-12-05,2
149,2016-12-12,1
149,2016-12-26,2
149,2017-01-02,2
149,2017-01-09,4
149,2017-01-16,1
149,2017-01-23,1
149,2017-03-06,2
149,2017-03-13,2
149,2017-04-17,1
149,2017-04-24,3
149,2017-05-01,1
149,2017-05-08,4
149.0,2015-10-05,2
149.0,2016-02-15,1
149.0,2016-08-15,1
149.0,2016-08-22,1
149.0,2016-09-12,1
149.0,2016-09-19,1
149.0,2016-10-10,3
149.0,2016-12-05,1
149.0,2016-12-19,1
149.0,2017-04-24,2
149.0,2017-05-01,1
149.0,2017-05-08,2
149.0,2017-05-22,2
149.0,2017-06-05,4
149.0,2017-06-12,1
149.0,2017-06-19,2
149.0,2017-06-26,2
149.0,2017-07-10,3
149.0,2017-07-17,1
149.0,2017-07-24,2
149.0,2017-07-31,1
149.0,2017-08-07,1
149.0,2017-08-14,1
15,2015-11-30,1
15,2015-12-07,1
15,2016-04-11,1
15,2016-07-25,2
15,2016-08-15,2
15,2016-08-22,1
15,2016-08-29,1
15,2016-09-26,6
15,2016-10-03,2
15,2016-10-10,1
15,2016-10-24,5
15,2016-11-07,2
15,2016-11-14,9
15,2016-11-21,5
15,2016-12-12,5
15,2017-01-02,13
15,2017-01-09,3
15,2017-01-16,2
15,2017-02-06,12
15,2017-02-27,6
15,2017-03-20,10
15,2017-03-27,6
15,2017-04-03,3
15,2017-04-24,1
15.0,2016-06-20,1
15.0,2016-09-26,2
15.0,2016-11-07,1
15.0,2016-11-14,3
15.0,2016-12-05,6
15.0,2016-12-12,3
15.0,2017-01-02,5
15.0,2017-01-09,1
15.0,2017-01-16,1
15.0,2017-02-06,1
15.0,2017-03-20,3
15.0,2017-03-27,2
15.0,2017-04-10,2
150,2015-12-21,1
150,2016-01-11,1
150,2016-02-22,1
150,2016-05-23,1
150,2016-05-30,2
150,2016-07-18,1
150,2016-10-03,1
150,2017-01-02,2
150,2017-01-16,1
150,2017-01-23,1
150,2017-03-13,1
150,2017-03-27,2
150.0,2015-06-22,1
150.0,2016-02-29,1
150.0,2016-08-01,1
150.0,2016-12-19,1
150.0,2017-01-02,1
150.0,2017-05-15,1
150.0,2017-05-29,1
150.0,2017-06-12,1
150.0,2017-06-19,2
150.0,2017-07-03,2
150.0,2017-07-17,1
150.0,2017-08-21,1
150.0,2017-08-28,1
151,2015-03-16,1
151,2015-03-23,1
151,2015-03-30,2
151,2015-04-13,2
151,2015-05-11,1
151,2015-05-18,1
151,2015-05-25,1
151,2015-06-01,1
151,2015-06-08,1
151,2015-06-29,3
151,2015-07-06,2
151,2015-07-13,1
151,2015-07-20,1
151,2015-07-27,5
151,2015-08-03,1
151,2015-08-17,1
151,2015-08-24,3
151,2015-09-21,2
151,2015-10-26,2
151,2015-11-02,1
151,2015-11-09,2
151,2015-11-16,4
151,2015-11-23,1
151,2015-11-30,2
151,2015-12-14,1
151,2015-12-28,2
151,2016-01-04,1
151,2016-01-11,1
151,2016-01-18,1
151,2016-02-01,3
151,2016-02-08,2
151,2016-02-29,2
151,2016-03-07,1
151,2016-03-21,3
151,2016-03-28,1
151,2016-04-04,1
151,2016-04-11,1
151,2016-04-18,1
151,2016-04-25,3
151,2016-05-02,2
151,2016-05-16,2
151,2016-05-23,1
151,2016-05-30,2
151,2016-06-06,2
151,2016-06-13,2
151,2016-06-20,1
151,2016-06-27,1
151,2016-07-18,3
151,2016-07-25,1
151,2016-08-01,1
151,2016-08-08,2
151,2016-09-12,1
151,2016-09-19,1
151,2016-09-26,1
151,2016-10-03,1
151,2016-10-10,1
151,2016-10-17,2
151,2016-10-24,1
151,2016-11-07,2
151,2016-11-28,1
151,2016-12-05,2
151,2016-12-12,2
151,2016-12-19,2
151,2016-12-26,2
151,2017-01-09,1
151,2017-01-16,1
151,2017-01-23,3
151,2017-01-30,1
151,2017-02-06,1
151,2017-03-06,2
151,2017-03-13,1
151,2017-03-20,2
151,2017-03-27,2
151,2017-04-03,1
151,2017-04-10,2
151,2017-04-24,1
151,2017-05-01,2
151,2017-05-08,1
151,2017-05-22,2
151.0,2015-04-06,1
151.0,2015-05-18,1
151.0,2015-06-22,1
151.0,2015-07-06,1
151.0,2015-08-10,1
151.0,2015-08-24,1
151.0,2015-08-31,1
151.0,2015-10-05,1
151.0,2015-10-12,1
151.0,2015-10-19,2
151.0,2015-11-16,1
151.0,2015-12-07,1
151.0,2015-12-21,1
151.0,2016-01-11,1
151.0,2016-01-18,1
151.0,2016-02-22,1
151.0,2016-02-29,1
151.0,2016-04-18,1
151.0,2016-05-02,1
151.0,2016-05-09,1
151.0,2016-05-16,2
151.0,2016-06-06,2
151.0,2016-06-20,1
151.0,2016-08-01,1
151.0,2016-08-15,1
151.0,2016-09-05,1
151.0,2016-09-26,1
151.0,2016-10-10,2
151.0,2016-10-31,2
151.0,2016-11-21,1
151.0,2016-11-28,1
151.0,2016-12-19,1
151.0,2017-01-16,1
151.0,2017-01-23,1
151.0,2017-02-06,1
151.0,2017-03-20,1
151.0,2017-05-15,1
151.0,2017-05-22,2
151.0,2017-05-29,3
151.0,2017-06-05,1
151.0,2017-06-12,2
151.0,2017-06-19,2
151.0,2017-07-03,1
151.0,2017-07-10,1
151.0,2017-07-17,2
151.0,2017-07-24,3
151.0,2017-08-14,2
151.0,2017-09-04,1
152,2015-03-23,1
152,2015-03-30,4
152,2015-04-06,1
152,2015-05-11,1
152,2015-06-01,1
152,2015-06-29,1
152,2015-07-06,1
152,2015-07-13,2
152,2015-09-14,1
152,2015-09-28,1
152,2015-10-12,1
152,2015-11-30,2
152,2015-12-07,2
152,2016-01-04,1
152,2016-02-22,2
152,2016-03-28,1
152,2016-05-23,2
152,2016-06-06,1
152,2016-06-27,1
152,2016-08-01,1
152,2016-08-29,1
152,2016-09-05,2
152,2016-10-03,1
152,2016-10-17,1
152,2016-11-14,1
152,2016-12-12,1
152,2016-12-19,1
152,2017-02-27,1
152,2017-04-17,1
152.0,2015-04-27,1
152.0,2015-08-10,1
152.0,2015-12-28,1
152.0,2016-09-26,1
152.0,2016-10-24,1
152.0,2016-12-19,1
152.0,2017-05-08,1
152.0,2017-05-22,1
152.0,2017-06-05,1
152.0,2017-06-19,1
152.0,2017-07-10,1
152.0,2017-08-28,1
153,2015-07-06,1
153,2015-09-14,1
153,2015-10-05,2
153,2015-10-19,1
153,2015-12-07,3
153,2015-12-21,2
153,2015-12-28,1
153,2016-01-25,1
153,2016-02-22,1
153,2016-04-11,1
153,2016-04-18,1
153,2016-05-16,1
153,2016-05-30,1
153,2016-06-13,1
153,2016-07-04,1
153,2016-07-18,1
153,2016-08-08,1
153,2016-08-22,3
153,2016-09-12,1
153,2016-09-19,1
153,2016-09-26,1
153,2016-11-07,1
153,2016-11-14,1
153,2016-12-05,2
153,2016-12-12,1
153,2017-03-06,2
153,2017-03-20,1
153,2017-04-10,2
153,2017-05-08,2
153,2017-05-22,1
153.0,2015-08-31,1
153.0,2015-12-21,1
153.0,2016-01-04,1
153.0,2016-04-18,1
153.0,2016-07-04,1
153.0,2016-07-25,1
153.0,2016-08-29,1
153.0,2016-09-05,2
153.0,2016-11-14,1
153.0,2016-12-12,1
153.0,2017-01-23,1
153.0,2017-04-10,1
153.0,2017-05-29,1
153.0,2017-06-05,1
153.0,2017-06-19,3
153.0,2017-07-17,1
153.0,2017-07-24,1
153.0,2017-07-31,1
154,2015-03-30,1
154,2015-04-06,2
154,2015-04-27,1
154,2015-05-04,1
154,2015-05-11,3
154,2015-06-01,1
154,2015-06-08,1
154,2015-06-22,1
154,2015-07-06,1
154,2015-07-13,2
154,2015-07-27,2
154,2015-08-03,1
154,2015-08-10,1
154,2015-08-17,1
154,2015-08-24,1
154,2015-09-07,1
154,2015-09-28,1
154,2015-10-05,1
154,2015-11-02,1
154,2015-11-09,3
154,2015-11-16,1
154,2015-11-23,2
154,2015-11-30,2
154,2015-12-21,1
154,2016-01-04,1
154,2016-01-25,1
154,2016-02-08,1
154,2016-02-15,1
154,2016-03-07,1
154,2016-03-14,1
154,2016-03-21,1
154,2016-04-04,1
154,2016-05-09,1
154,2016-05-23,1
154,2016-06-06,1
154,2016-07-04,1
154,2016-07-18,1
154,2016-07-25,1
154,2016-08-01,2
154,2016-08-22,1
154,2016-08-29,1
154,2016-09-12,2
154,2016-09-26,2
154,2016-11-28,1
154,2016-12-05,3
154,2016-12-12,2
154,2016-12-19,1
154,2016-12-26,1
154,2017-01-02,1
154,2017-01-16,1
154,2017-01-23,1
154,2017-02-06,1
154,2017-02-13,1
154,2017-02-27,3
154,2017-03-13,1
154,2017-03-27,1
154,2017-04-03,1
154,2017-04-24,2
154,2017-05-01,1
154.0,2015-06-22,1
154.0,2015-10-26,1
154.0,2016-04-25,1
154.0,2016-06-13,1
154.0,2016-07-11,1
154.0,2016-07-25,1
154.0,2016-08-01,1
154.0,2016-08-22,1
154.0,2016-11-07,1
154.0,2016-11-14,1
154.0,2016-11-28,1
154.0,2017-03-27,1
154.0,2017-05-22,1
154.0,2017-05-29,1
154.0,2017-06-12,2
154.0,2017-06-26,2
154.0,2017-07-03,1
154.0,2017-07-10,1
154.0,2017-07-31,1
155,2015-04-06,1
155,2015-04-27,1
155,2015-05-04,1
155,2015-06-22,1
155,2015-08-10,1
155,2015-08-31,1
155,2015-09-14,1
155,2015-11-02,1
155,2015-12-14,2
155,2016-01-11,2
155,2016-02-01,1
155,2016-02-22,1
155,2016-02-29,1
155,2016-03-14,1
155,2016-05-02,2
155,2016-09-19,1
155,2016-10-17,1
155,2017-01-09,1
155,2017-02-13,1
155,2017-04-10,1
155.0,2015-08-24,1
155.0,2016-03-14,1
155.0,2016-05-09,1
155.0,2016-05-30,1
155.0,2016-07-18,1
155.0,2016-08-01,1
155.0,2016-11-28,1
155.0,2017-06-05,1
155.0,2017-07-03,1
155.0,2017-07-17,1
156,2015-03-23,1
156,2015-04-06,1
156,2015-04-13,2
156,2015-04-20,2
156,2015-05-04,1
156,2015-05-11,1
156,2015-05-25,1
156,2015-06-01,1
156,2015-06-08,1
156,2015-06-22,1
156,2015-07-06,1
156,2015-07-13,2
156,2015-07-20,1
156,2015-07-27,2
156,2015-08-03,2
156,2015-08-10,1
156,2015-08-24,3
156,2015-08-31,1
156,2015-09-07,3
156,2015-09-14,1
156,2015-09-21,1
156,2015-10-05,2
156,2015-10-26,1
156,2015-11-02,2
156,2015-11-09,2
156,2015-11-23,1
156,2015-12-07,2
156,2015-12-14,1
156,2016-01-11,1
156,2016-01-18,2
156,2016-01-25,2
156,2016-02-01,1
156,2016-02-08,1
156,2016-02-15,1
156,2016-02-22,2
156,2016-02-29,2
156,2016-03-14,4
156,2016-04-11,4
156,2016-04-18,1
156,2016-04-25,1
156,2016-05-09,1
156,2016-05-16,1
156,2016-05-30,2
156,2016-06-06,1
156,2016-06-13,3
156,2016-06-20,2
156,2016-06-27,3
156,2016-07-04,1
156,2016-07-11,1
156,2016-08-01,1
156,2016-08-08,1
156,2016-08-15,1
156,2016-08-22,2
156,2016-08-29,1
156,2016-09-05,3
156,2016-09-12,1
156,2016-09-26,2
156,2016-10-03,1
156,2016-10-10,5
156,2016-10-17,1
156,2016-10-24,1
156,2016-10-31,1
156,2016-11-07,2
156,2016-11-14,5
156,2016-11-21,3
156,2016-11-28,1
156,2016-12-05,3
156,2016-12-12,2
156,2016-12-19,5
156,2016-12-26,1
156,2017-01-30,5
156,2017-02-20,2
156,2017-02-27,1
156,2017-03-06,2
156,2017-03-13,1
156,2017-03-20,5
156,2017-03-27,2
156,2017-04-03,1
156,2017-04-10,1
156,2017-04-17,1
156,2017-04-24,3
156,2017-05-08,2
156.0,2015-05-11,1
156.0,2015-06-29,1
156.0,2015-07-13,1
156.0,2015-07-20,1
156.0,2015-11-09,2
156.0,2015-12-07,1
156.0,2016-02-01,1
156.0,2016-02-22,1
156.0,2016-04-11,1
156.0,2016-04-18,1
156.0,2016-04-25,1
156.0,2016-05-02,1
156.0,2016-05-30,1
156.0,2016-06-13,1
156.0,2016-07-25,2
156.0,2016-08-01,2
156.0,2016-08-08,2
156.0,2016-08-15,2
156.0,2016-09-05,1
156.0,2016-09-26,2
156.0,2016-10-24,1
156.0,2016-11-28,1
156.0,2016-12-19,1
156.0,2016-12-26,4
156.0,2017-01-02,1
156.0,2017-01-09,1
156.0,2017-01-16,3
156.0,2017-01-23,1
156.0,2017-03-06,2
156.0,2017-03-20,1
156.0,2017-04-03,2
156.0,2017-04-10,1
156.0,2017-05-01,1
156.0,2017-05-15,1
156.0,2017-05-22,1
156.0,2017-05-29,4
156.0,2017-06-05,1
156.0,2017-06-12,5
156.0,2017-06-19,1
156.0,2017-07-10,4
156.0,2017-07-17,1
156.0,2017-07-24,1
156.0,2017-07-31,1
156.0,2017-08-07,1
156.0,2017-08-14,1
156.0,2017-08-21,3
157,2015-03-23,2
157,2015-03-30,1
157,2015-04-06,4
157,2015-04-20,5
157,2015-04-27,4
157,2015-05-04,4
157,2015-05-11,3
157,2015-05-18,2
157,2015-05-25,9
157,2015-06-01,4
157,2015-06-08,3
157,2015-06-15,9
157,2015-06-22,3
157,2015-06-29,1
157,2015-07-06,2
157,2015-07-13,4
157,2015-07-20,7
157,2015-07-27,3
157,2015-08-03,5
157,2015-08-10,2
157,2015-08-17,4
157,2015-08-24,4
157,2015-09-07,4
157,2015-09-14,5
157,2015-09-21,2
157,2015-09-28,4
157,2015-10-05,4
157,2015-10-12,4
157,2015-10-19,3
157,2015-10-26,4
157,2015-11-02,2
157,2015-11-09,5
157,2015-11-16,2
157,2015-11-23,2
157,2015-11-30,2
157,2015-12-07,3
157,2015-12-14,1
157,2015-12-28,3
157,2016-01-04,4
157,2016-01-11,3
157,2016-01-18,3
157,2016-01-25,4
157,2016-02-01,3
157,2016-02-08,2
157,2016-02-15,2
157,2016-02-22,1
157,2016-02-29,1
157,2016-03-07,3
157,2016-03-21,1
157,2016-03-28,3
157,2016-04-04,5
157,2016-04-11,7
157,2016-04-18,3
157,2016-04-25,3
157,2016-05-02,3
157,2016-05-09,4
157,2016-05-16,1
157,2016-05-23,6
157,2016-05-30,3
157,2016-06-06,3
157,2016-06-13,4
157,2016-06-20,1
157,2016-06-27,1
157,2016-07-04,4
157,2016-07-11,2
157,2016-07-18,1
157,2016-07-25,1
157,2016-08-01,4
157,2016-08-08,6
157,2016-08-15,8
157,2016-08-22,4
157,2016-08-29,2
157,2016-09-05,8
157,2016-09-12,4
157,2016-09-19,5
157,2016-09-26,2
157,2016-10-03,4
157,2016-10-10,4
157,2016-10-17,3
157,2016-10-24,6
157,2016-10-31,7
157,2016-11-07,5
157,2016-11-14,3
157,2016-11-21,4
157,2016-11-28,5
157,2016-12-05,4
157,2016-12-12,2
157,2016-12-19,4
157,2016-12-26,4
157,2017-01-02,5
157,2017-01-09,3
157,2017-01-16,2
157,2017-01-23,4
157,2017-01-30,4
157,2017-02-06,3
157,2017-02-13,2
157,2017-02-20,3
157,2017-02-27,3
157,2017-03-06,2
157,2017-03-13,3
157,2017-03-20,3
157,2017-03-27,5
157,2017-04-03,3
157,2017-04-10,4
157,2017-04-17,4
157,2017-04-24,6
157,2017-05-01,11
157,2017-05-08,6
157,2017-05-29,1
157,2017-06-05,2
157,2017-06-12,1
157.0,2015-03-16,1
157.0,2015-04-13,1
157.0,2015-05-18,1
157.0,2015-05-25,3
157.0,2015-06-01,1
157.0,2015-06-08,1
157.0,2015-06-15,1
157.0,2015-07-13,1
157.0,2015-08-10,2
157.0,2015-08-17,1
157.0,2015-09-14,1
157.0,2015-10-19,1
157.0,2015-11-02,1
157.0,2015-11-16,1
157.0,2015-12-14,2
157.0,2015-12-28,2
157.0,2016-01-11,2
157.0,2016-01-25,1
157.0,2016-02-15,1
157.0,2016-03-07,1
157.0,2016-03-14,1
157.0,2016-04-04,1
157.0,2016-04-11,2
157.0,2016-04-18,1
157.0,2016-04-25,1
157.0,2016-05-02,1
157.0,2016-05-09,2
157.0,2016-05-16,2
157.0,2016-06-06,2
157.0,2016-07-04,2
157.0,2016-07-11,1
157.0,2016-07-18,1
157.0,2016-08-01,1
157.0,2016-08-15,3
157.0,2016-08-22,2
157.0,2016-08-29,1
157.0,2016-09-19,1
157.0,2016-10-10,2
157.0,2016-10-24,2
157.0,2016-10-31,2
157.0,2016-11-14,1
157.0,2016-11-21,1
157.0,2016-12-05,5
157.0,2016-12-12,1
157.0,2016-12-26,1
157.0,2017-01-02,1
157.0,2017-01-09,1
157.0,2017-01-16,3
157.0,2017-01-23,2
157.0,2017-01-30,4
157.0,2017-02-06,1
157.0,2017-02-13,1
157.0,2017-02-27,1
157.0,2017-03-13,1
157.0,2017-03-20,1
157.0,2017-04-03,1
157.0,2017-04-10,1
157.0,2017-05-01,1
157.0,2017-05-08,1
157.0,2017-05-15,2
157.0,2017-05-22,4
157.0,2017-05-29,3
157.0,2017-06-05,6
157.0,2017-06-12,3
157.0,2017-06-19,4
157.0,2017-06-26,5
157.0,2017-07-03,8
157.0,2017-07-10,8
157.0,2017-07-17,4
157.0,2017-07-24,3
157.0,2017-07-31,8
157.0,2017-08-14,2
157.0,2017-08-21,2
157.0,2017-08-28,1
157.0,2017-09-04,3
157.0,2017-09-18,1
158,2015-04-06,2
158,2015-04-20,1
158,2015-05-18,1
158,2015-05-25,1
158,2015-06-01,1
158,2015-06-08,1
158,2015-06-15,1
158,2015-07-13,1
158,2015-07-27,1
158,2015-08-03,1
158,2015-08-17,1
158,2015-09-14,1
158,2015-09-21,1
158,2015-10-19,1
158,2015-11-02,1
158,2015-11-09,1
158,2015-11-16,1
158,2015-11-30,2
158,2015-12-14,1
158,2016-01-11,1
158,2016-02-08,1
158,2016-02-29,1
158,2016-03-07,1
158,2016-03-21,1
158,2016-05-09,2
158,2016-05-16,3
158,2016-06-06,1
158,2016-06-13,1
158,2016-06-20,1
158,2016-08-15,1
158,2016-09-19,1
158,2016-10-03,1
158,2016-10-24,1
158,2016-11-21,1
158,2016-12-12,2
158,2017-01-02,1
158,2017-01-16,1
158,2017-01-23,1
158,2017-02-06,1
158,2017-02-13,1
158,2017-03-20,1
158,2017-05-01,2
158.0,2015-04-20,1
158.0,2015-07-20,1
158.0,2015-09-21,1
158.0,2015-10-26,1
158.0,2016-01-11,1
158.0,2016-03-21,1
158.0,2016-04-11,1
158.0,2016-06-13,1
158.0,2016-07-25,1
158.0,2016-12-12,1
158.0,2017-05-08,1
158.0,2017-06-12,1
158.0,2017-06-26,1
158.0,2017-07-17,3
158.0,2017-07-24,1
159,2015-04-20,1
159,2015-04-27,1
159,2015-05-11,1
159,2015-05-25,1
159,2015-06-01,1
159,2015-06-15,2
159,2015-06-22,1
159,2015-07-13,1
159,2015-07-27,3
159,2015-08-10,1
159,2015-08-17,2
159,2015-08-31,2
159,2015-09-07,1
159,2015-10-26,1
159,2015-11-02,2
159,2015-11-09,1
159,2015-12-07,3
159,2015-12-28,2
159,2016-01-04,3
159,2016-01-11,2
159,2016-01-18,1
159,2016-02-08,1
159,2016-02-15,1
159,2016-02-22,1
159,2016-03-14,1
159,2016-03-21,4
159,2016-03-28,1
159,2016-04-11,2
159,2016-04-18,2
159,2016-04-25,1
159,2016-05-09,3
159,2016-05-16,3
159,2016-05-23,1
159,2016-06-06,3
159,2016-06-13,1
159,2016-07-11,1
159,2016-07-18,2
159,2016-07-25,2
159,2016-08-08,1
159,2016-08-15,1
159,2016-08-22,1
159,2016-08-29,1
159,2016-09-12,1
159,2016-09-19,1
159,2016-09-26,1
159,2016-10-03,2
159,2016-10-17,3
159,2016-10-31,1
159,2016-11-07,1
159,2016-12-05,1
159,2016-12-12,1
159,2016-12-26,1
159,2017-01-02,1
159,2017-01-09,2
159,2017-01-16,1
159,2017-01-30,1
159,2017-02-13,1
159,2017-02-20,4
159,2017-02-27,2
159,2017-03-06,1
159,2017-04-10,1
159,2017-04-24,1
159,2017-05-01,1
159.0,2015-05-11,1
159.0,2015-06-22,1
159.0,2015-08-31,1
159.0,2015-11-02,1
159.0,2016-01-18,1
159.0,2016-08-01,1
159.0,2016-08-08,1
159.0,2016-10-17,1
159.0,2016-11-28,1
159.0,2016-12-05,1
159.0,2017-01-09,1
159.0,2017-01-23,1
159.0,2017-03-20,1
159.0,2017-05-29,1
159.0,2017-06-05,1
159.0,2017-06-12,1
159.0,2017-06-19,1
159.0,2017-07-17,1
159.0,2017-07-31,1
16,2015-06-01,1
16,2015-11-02,1
16,2015-11-09,6
16,2015-11-16,2
16,2015-11-23,1
16,2015-11-30,3
16,2015-12-14,1
16,2015-12-28,1
16,2016-01-04,1
16,2016-01-18,1
16,2016-02-29,2
16,2016-04-04,1
16,2016-04-11,9
16,2016-04-18,2
16,2016-05-02,1
16,2016-06-06,1
16,2016-07-11,3
16,2016-07-18,1
16,2016-07-25,1
16,2016-08-15,1
16,2016-09-05,2
16,2016-09-12,1
16,2016-10-31,1
16,2016-12-12,1
16,2017-01-02,1
16,2017-01-23,1
16,2017-02-20,1
16,2017-03-27,1
16,2017-05-15,1
16.0,2015-11-16,1
16.0,2015-11-23,1
16.0,2015-11-30,1
16.0,2016-04-11,5
16.0,2016-06-20,1
16.0,2016-07-25,1
16.0,2016-11-07,1
16.0,2016-11-14,1
16.0,2017-05-29,1
16.0,2017-06-05,1
160,2015-03-23,7
160,2015-03-30,2
160,2015-04-06,4
160,2015-04-13,6
160,2015-04-20,3
160,2015-04-27,5
160,2015-05-04,1
160,2015-05-11,2
160,2015-05-18,2
160,2015-05-25,4
160,2015-06-01,3
160,2015-06-08,7
160,2015-06-15,4
160,2015-06-22,4
160,2015-06-29,2
160,2015-07-06,5
160,2015-07-13,5
160,2015-07-20,3
160,2015-07-27,4
160,2015-08-03,3
160,2015-08-10,4
160,2015-08-17,5
160,2015-08-24,4
160,2015-08-31,3
160,2015-09-07,4
160,2015-09-14,6
160,2015-09-21,6
160,2015-09-28,3
160,2015-10-05,3
160,2015-10-12,4
160,2015-10-19,3
160,2015-10-26,6
160,2015-11-09,4
160,2015-11-16,2
160,2015-11-23,1
160,2015-11-30,4
160,2015-12-07,2
160,2015-12-14,2
160,2015-12-21,2
160,2015-12-28,2
160,2016-01-04,3
160,2016-01-11,3
160,2016-01-18,2
160,2016-02-01,4
160,2016-02-15,3
160,2016-02-22,2
160,2016-02-29,4
160,2016-03-07,1
160,2016-03-21,3
160,2016-03-28,4
160,2016-04-04,2
160,2016-04-11,5
160,2016-04-18,2
160,2016-04-25,1
160,2016-05-09,1
160,2016-05-16,2
160,2016-05-23,3
160,2016-05-30,1
160,2016-06-06,1
160,2016-06-13,1
160,2016-06-20,3
160,2016-06-27,3
160,2016-07-04,4
160,2016-07-11,3
160,2016-07-18,3
160,2016-07-25,3
160,2016-08-01,4
160,2016-08-08,1
160,2016-08-15,1
160,2016-08-22,4
160,2016-09-05,1
160,2016-09-12,3
160,2016-09-19,1
160,2016-09-26,1
160,2016-10-03,2
160,2016-10-10,2
160,2016-10-17,2
160,2016-10-31,1
160,2016-11-07,1
160,2016-11-14,3
160,2016-11-21,2
160,2016-11-28,4
160,2016-12-05,1
160,2016-12-12,2
160,2016-12-19,2
160,2016-12-26,1
160,2017-01-02,1
160,2017-01-09,1
160,2017-01-16,1
160,2017-01-23,2
160,2017-01-30,3
160,2017-02-06,4
160,2017-02-13,1
160,2017-02-20,2
160,2017-02-27,2
160,2017-03-06,2
160,2017-03-13,2
160,2017-03-20,2
160,2017-03-27,3
160,2017-04-03,1
160,2017-04-17,1
160,2017-04-24,2
160,2017-05-01,3
160,2017-05-08,2
160,2017-05-15,2
160.0,2015-03-23,2
160.0,2015-03-30,2
160.0,2015-04-06,1
160.0,2015-05-18,2
160.0,2015-05-25,2
160.0,2015-06-01,1
160.0,2015-06-22,1
160.0,2015-06-29,2
160.0,2015-07-13,2
160.0,2015-07-20,1
160.0,2015-07-27,1
160.0,2015-08-10,1
160.0,2015-08-24,1
160.0,2015-09-14,4
160.0,2015-09-28,1
160.0,2015-10-05,1
160.0,2015-10-26,1
160.0,2015-11-09,2
160.0,2015-11-16,2
160.0,2015-11-23,1
160.0,2015-12-14,2
160.0,2015-12-21,1
160.0,2015-12-28,1
160.0,2016-01-25,1
160.0,2016-02-08,1
160.0,2016-02-22,1
160.0,2016-03-07,1
160.0,2016-04-04,2
160.0,2016-04-11,1
160.0,2016-04-25,3
160.0,2016-05-02,2
160.0,2016-05-09,2
160.0,2016-05-16,2
160.0,2016-05-23,1
160.0,2016-05-30,1
160.0,2016-06-13,1
160.0,2016-07-25,2
160.0,2016-08-08,1
160.0,2016-08-15,2
160.0,2016-08-22,1
160.0,2016-09-19,1
160.0,2016-10-31,1
160.0,2016-11-28,1
160.0,2016-12-19,1
160.0,2016-12-26,1
160.0,2017-01-09,2
160.0,2017-01-16,3
160.0,2017-01-30,1
160.0,2017-02-06,1
160.0,2017-02-13,1
160.0,2017-02-20,1
160.0,2017-02-27,1
160.0,2017-03-27,1
160.0,2017-05-29,1
160.0,2017-06-12,1
160.0,2017-06-19,2
160.0,2017-06-26,4
160.0,2017-07-03,1
160.0,2017-07-10,3
160.0,2017-07-17,1
160.0,2017-07-24,2
160.0,2017-07-31,1
160.0,2017-08-07,2
161,2016-04-18,1
161,2017-05-01,4
161,2017-05-08,2
161,2017-05-15,2
161,2017-06-05,1
161.0,2016-04-11,1
161.0,2017-05-15,1
161.0,2017-05-22,11
161.0,2017-06-05,2
161.0,2017-06-19,1
161.0,2017-07-24,7
161.0,2017-09-04,1
162,2015-07-06,1
162,2015-08-03,1
162,2015-08-24,2
162,2015-09-28,1
162,2015-10-05,1
162,2016-01-25,2
162,2016-02-22,1
162,2016-02-29,1
162,2016-04-11,1
162,2016-04-18,1
162,2016-04-25,1
162,2016-05-02,1
162,2016-05-09,1
162,2016-05-16,1
162,2016-07-18,1
162,2016-08-15,1
162,2016-09-26,1
162,2016-10-03,2
162,2016-11-14,1
162,2016-11-21,1
162,2016-12-05,1
162,2016-12-12,1
162,2016-12-26,1
162,2017-01-09,1
162,2017-02-20,1
162,2017-03-20,2
162,2017-04-10,1
162,2017-04-17,1
162.0,2015-11-09,1
162.0,2016-05-30,1
162.0,2016-06-06,1
162.0,2016-09-05,1
162.0,2016-10-24,1
162.0,2016-11-28,1
162.0,2017-01-23,1
162.0,2017-04-24,1
162.0,2017-05-22,1
162.0,2017-06-19,1
162.0,2017-07-03,2
162.0,2017-07-10,1
162.0,2017-08-28,1
163,2015-03-30,1
163,2015-05-04,1
163,2015-05-25,1
163,2015-06-29,1
163,2015-07-06,1
163,2015-07-27,1
163,2015-09-14,1
163,2015-09-28,2
163,2015-10-19,1
163,2015-11-09,1
163,2016-03-07,1
163,2016-05-23,1
163,2016-05-30,1
163,2016-06-06,3
163,2016-09-19,1
163,2016-09-26,1
163,2016-10-10,1
163,2016-10-31,1
163,2016-12-05,1
163,2016-12-12,1
163,2017-02-27,1
163,2017-03-27,1
163,2017-04-03,1
163,2017-05-08,1
163,2017-05-15,1
163.0,2015-04-13,1
163.0,2015-10-05,1
163.0,2015-11-23,1
163.0,2016-01-18,1
163.0,2016-10-31,1
163.0,2017-03-13,1
163.0,2017-05-01,1
163.0,2017-05-29,1
163.0,2017-06-12,1
163.0,2017-07-10,1
163.0,2017-07-31,1
164,2015-03-23,1
164,2015-03-30,1
164,2015-04-13,1
164,2015-06-08,2
164,2015-06-22,1
164,2015-07-06,1
164,2015-07-27,1
164,2015-08-17,1
164,2015-09-07,1
164,2015-09-28,1
164,2015-10-19,1
164,2015-11-02,1
164,2015-11-30,1
164,2016-01-11,1
164,2016-01-18,1
164,2016-01-25,1
164,2016-02-08,2
164,2016-02-29,3
164,2016-03-28,2
164,2016-05-09,2
164,2016-05-23,1
164,2016-06-13,1
164,2016-08-15,2
164,2016-09-05,1
164,2016-10-17,1
164,2016-11-07,1
164,2017-02-13,1
164,2017-04-17,1
164.0,2015-03-30,1
164.0,2015-09-07,1
164.0,2015-11-23,1
164.0,2016-02-29,1
164.0,2016-06-27,1
164.0,2017-05-15,1
164.0,2017-05-29,1
165,2015-06-15,1
165,2015-07-13,2
165,2015-08-17,1
165,2015-08-24,1
165,2015-08-31,3
165,2016-01-11,1
165,2016-02-22,1
165,2016-02-29,1
165,2016-03-07,1
165,2016-03-14,1
165,2016-03-21,1
165,2016-04-25,1
165,2016-05-02,1
165,2016-05-09,1
165,2016-08-08,1
165,2016-08-15,1
165,2016-09-26,1
165,2016-10-03,1
165,2016-10-31,1
165,2017-01-23,1
165,2017-03-06,1
165,2017-04-17,1
165,2017-04-24,2
165,2017-05-15,1
165.0,2016-01-04,1
165.0,2016-02-22,1
165.0,2016-03-21,1
165.0,2016-06-27,1
165.0,2016-11-07,1
165.0,2017-01-23,1
165.0,2017-05-15,2
165.0,2017-06-05,1
165.0,2017-06-26,1
166,2015-03-16,2
166,2015-03-30,1
166,2015-04-27,2
166,2015-05-04,3
166,2015-05-11,2
166,2015-05-18,3
166,2015-05-25,1
166,2015-06-01,1
166,2015-06-08,1
166,2015-06-15,2
166,2015-06-22,1
166,2015-06-29,3
166,2015-07-06,2
166,2015-07-13,1
166,2015-07-27,3
166,2015-08-03,1
166,2015-08-10,3
166,2015-08-17,5
166,2015-08-24,1
166,2015-08-31,2
166,2015-09-07,2
166,2015-09-14,2
166,2015-09-21,3
166,2015-09-28,1
166,2015-10-12,3
166,2015-10-19,1
166,2015-10-26,1
166,2015-11-09,3
166,2015-11-16,2
166,2015-11-23,1
166,2015-11-30,1
166,2015-12-07,2
166,2015-12-14,2
166,2016-01-11,3
166,2016-01-18,1
166,2016-01-25,3
166,2016-02-08,2
166,2016-02-22,1
166,2016-02-29,1
166,2016-03-07,3
166,2016-03-14,1
166,2016-03-21,4
166,2016-03-28,2
166,2016-04-04,2
166,2016-04-11,2
166,2016-04-18,1
166,2016-05-09,1
166,2016-05-16,4
166,2016-06-06,3
166,2016-06-13,2
166,2016-06-20,3
166,2016-07-25,6
166,2016-08-08,1
166,2016-08-15,1
166,2016-08-22,1
166,2016-08-29,1
166,2016-09-05,2
166,2016-09-19,2
166,2016-09-26,3
166,2016-10-03,5
166,2016-10-17,1
166,2016-10-24,2
166,2016-10-31,1
166,2016-11-14,2
166,2016-12-05,1
166,2017-01-02,2
166,2017-01-09,3
166,2017-01-16,1
166,2017-01-30,5
166,2017-02-06,2
166,2017-02-13,2
166,2017-02-20,2
166,2017-02-27,1
166,2017-03-06,2
166,2017-03-20,1
166,2017-03-27,1
166,2017-04-03,1
166,2017-04-10,1
166,2017-04-24,2
166,2017-05-01,2
166,2017-05-08,2
166,2017-05-15,1
166.0,2015-04-20,1
166.0,2015-05-25,1
166.0,2015-07-06,1
166.0,2015-07-13,1
166.0,2015-08-03,1
166.0,2015-08-24,1
166.0,2015-09-07,1
166.0,2015-09-21,2
166.0,2015-09-28,1
166.0,2015-10-19,1
166.0,2015-11-02,1
166.0,2015-11-09,1
166.0,2015-11-23,1
166.0,2015-12-07,1
166.0,2015-12-14,1
166.0,2016-01-11,1
166.0,2016-02-22,1
166.0,2016-02-29,1
166.0,2016-03-28,1
166.0,2016-05-02,1
166.0,2016-05-16,1
166.0,2016-05-23,1
166.0,2016-05-30,1
166.0,2016-06-06,2
166.0,2016-06-20,1
166.0,2016-07-18,1
166.0,2016-08-08,1
166.0,2016-09-05,2
166.0,2016-09-26,1
166.0,2016-10-31,1
166.0,2016-11-14,1
166.0,2017-01-30,2
166.0,2017-02-27,1
166.0,2017-04-17,1
166.0,2017-05-08,1
166.0,2017-05-15,2
166.0,2017-05-22,2
166.0,2017-05-29,2
166.0,2017-06-05,2
166.0,2017-06-19,2
166.0,2017-06-26,2
166.0,2017-07-03,1
166.0,2017-07-10,1
166.0,2017-07-17,2
166.0,2017-07-31,3
167,2015-03-23,1
167,2015-08-10,1
167,2015-09-14,1
167,2016-03-14,2
167,2016-03-21,1
167,2016-05-02,1
167,2016-05-23,4
167,2016-05-30,1
167,2016-06-20,1
167,2016-08-15,1
167,2016-09-26,1
167,2016-10-17,1
167,2017-01-09,1
167,2017-03-27,1
167,2017-04-10,1
167,2017-04-24,1
167,2017-05-08,2
167.0,2016-01-04,1
167.0,2017-05-08,2
167.0,2017-05-29,1
167.0,2017-06-05,2
167.0,2017-06-26,1
167.0,2017-07-10,2
167.0,2017-07-17,2
167.0,2017-07-24,1
168,2015-03-23,2
168,2015-03-30,5
168,2015-04-06,3
168,2015-04-13,3
168,2015-04-20,2
168,2015-04-27,2
168,2015-05-04,1
168,2015-05-11,2
168,2015-05-18,1
168,2015-05-25,2
168,2015-06-01,3
168,2015-06-08,3
168,2015-06-15,3
168,2015-06-22,3
168,2015-06-29,3
168,2015-07-06,7
168,2015-07-13,3
168,2015-07-20,3
168,2015-07-27,3
168,2015-08-10,3
168,2015-08-17,1
168,2015-08-24,3
168,2015-08-31,2
168,2015-09-07,1
168,2015-09-14,4
168,2015-09-21,2
168,2015-10-05,6
168,2015-10-12,3
168,2015-10-26,4
168,2015-11-02,3
168,2015-11-09,1
168,2015-11-16,1
168,2015-11-23,1
168,2015-11-30,4
168,2015-12-07,1
168,2015-12-14,3
168,2015-12-21,4
168,2015-12-28,1
168,2016-01-04,4
168,2016-01-11,6
168,2016-01-18,2
168,2016-01-25,2
168,2016-02-01,2
168,2016-02-08,1
168,2016-02-15,1
168,2016-02-22,1
168,2016-02-29,7
168,2016-03-07,2
168,2016-03-14,2
168,2016-03-21,1
168,2016-03-28,5
168,2016-04-11,3
168,2016-04-18,2
168,2016-04-25,4
168,2016-05-02,1
168,2016-05-09,6
168,2016-05-16,3
168,2016-05-23,4
168,2016-05-30,1
168,2016-06-06,1
168,2016-06-13,4
168,2016-06-20,3
168,2016-06-27,7
168,2016-07-04,2
168,2016-07-11,4
168,2016-07-18,2
168,2016-07-25,4
168,2016-08-01,5
168,2016-08-08,1
168,2016-08-15,4
168,2016-08-22,4
168,2016-08-29,6
168,2016-09-05,2
168,2016-09-12,4
168,2016-09-19,9
168,2016-09-26,2
168,2016-10-03,4
168,2016-10-10,5
168,2016-10-17,5
168,2016-10-24,2
168,2016-10-31,5
168,2016-11-07,2
168,2016-11-14,4
168,2016-11-21,4
168,2016-11-28,6
168,2016-12-05,3
168,2016-12-12,7
168,2016-12-19,2
168,2016-12-26,3
168,2017-01-02,6
168,2017-01-09,4
168,2017-01-16,5
168,2017-01-23,6
168,2017-01-30,7
168,2017-02-06,3
168,2017-02-13,3
168,2017-02-20,4
168,2017-02-27,4
168,2017-03-06,1
168,2017-03-13,3
168,2017-03-20,3
168,2017-03-27,4
168,2017-04-03,10
168,2017-04-10,3
168,2017-04-17,6
168,2017-04-24,6
168,2017-05-01,6
168,2017-05-08,5
168,2017-05-15,1
168,2017-05-22,1
168.0,2015-03-30,1
168.0,2015-04-06,2
168.0,2015-04-20,1
168.0,2015-05-11,1
168.0,2015-05-18,2
168.0,2015-05-25,1
168.0,2015-06-01,3
168.0,2015-06-15,1
168.0,2015-06-22,2
168.0,2015-07-27,1
168.0,2015-08-03,1
168.0,2015-08-24,2
168.0,2015-10-05,1
168.0,2015-10-12,3
168.0,2015-10-19,1
168.0,2015-10-26,1
168.0,2015-11-09,2
168.0,2015-11-16,1
168.0,2015-12-14,2
168.0,2015-12-21,1
168.0,2015-12-28,1
168.0,2016-01-04,1
168.0,2016-01-18,1
168.0,2016-01-25,3
168.0,2016-02-01,1
168.0,2016-02-08,2
168.0,2016-02-15,3
168.0,2016-02-22,4
168.0,2016-03-14,1
168.0,2016-03-21,1
168.0,2016-04-11,1
168.0,2016-05-02,2
168.0,2016-05-09,2
168.0,2016-05-16,2
168.0,2016-06-20,1
168.0,2016-06-27,1
168.0,2016-07-11,1
168.0,2016-07-18,3
168.0,2016-08-01,2
168.0,2016-08-15,2
168.0,2016-08-22,2
168.0,2016-08-29,1
168.0,2016-09-05,1
168.0,2016-09-12,2
168.0,2016-09-19,1
168.0,2016-10-03,2
168.0,2016-10-10,4
168.0,2016-10-24,2
168.0,2016-10-31,1
168.0,2016-11-07,3
168.0,2016-11-14,3
168.0,2016-11-21,1
168.0,2016-11-28,1
168.0,2016-12-12,2
168.0,2017-01-09,1
168.0,2017-01-16,2
168.0,2017-01-23,1
168.0,2017-01-30,1
168.0,2017-02-06,3
168.0,2017-02-13,3
168.0,2017-02-20,2
168.0,2017-02-27,1
168.0,2017-03-06,1
168.0,2017-03-20,1
168.0,2017-04-10,1
168.0,2017-05-08,3
168.0,2017-05-15,7
168.0,2017-05-22,5
168.0,2017-05-29,2
168.0,2017-06-05,6
168.0,2017-06-12,5
168.0,2017-06-19,5
168.0,2017-06-26,2
168.0,2017-07-03,7
168.0,2017-07-10,7
168.0,2017-07-17,5
168.0,2017-07-24,4
168.0,2017-07-31,9
168.0,2017-08-07,1
168.0,2017-08-14,3
168.0,2017-09-04,1
169,2015-03-16,1
169,2015-03-23,1
169,2015-03-30,3
169,2015-04-06,1
169,2015-05-04,2
169,2015-05-11,2
169,2015-05-18,2
169,2015-05-25,3
169,2015-06-08,1
169,2015-06-15,1
169,2015-06-29,3
169,2015-07-06,1
169,2015-07-13,1
169,2015-07-20,1
169,2015-07-27,1
169,2015-08-03,1
169,2015-08-31,2
169,2015-09-07,1
169,2015-09-14,4
169,2015-09-21,1
169,2015-10-05,2
169,2015-10-26,3
169,2015-11-02,3
169,2015-11-09,2
169,2015-11-16,1
169,2015-11-23,4
169,2015-11-30,3
169,2015-12-14,1
169,2015-12-28,3
169,2016-01-04,6
169,2016-01-11,1
169,2016-01-18,1
169,2016-01-25,1
169,2016-02-08,3
169,2016-02-15,2
169,2016-02-22,1
169,2016-02-29,3
169,2016-03-07,1
169,2016-03-14,2
169,2016-03-21,1
169,2016-03-28,2
169,2016-04-04,5
169,2016-04-11,1
169,2016-04-18,1
169,2016-04-25,2
169,2016-05-02,7
169,2016-05-09,3
169,2016-05-16,2
169,2016-05-23,2
169,2016-06-13,1
169,2016-06-20,4
169,2016-06-27,3
169,2016-07-04,1
169,2016-07-11,3
169,2016-07-18,3
169,2016-07-25,3
169,2016-08-01,4
169,2016-08-08,2
169,2016-08-15,2
169,2016-08-22,3
169,2016-08-29,4
169,2016-09-05,2
169,2016-09-12,3
169,2016-09-19,3
169,2016-09-26,5
169,2016-10-03,1
169,2016-10-10,2
169,2016-10-17,1
169,2016-10-24,4
169,2016-10-31,1
169,2016-11-07,3
169,2016-11-14,3
169,2016-11-21,3
169,2016-11-28,2
169,2016-12-05,2
169,2016-12-12,3
169,2016-12-19,3
169,2016-12-26,1
169,2017-01-02,2
169,2017-01-09,5
169,2017-01-16,4
169,2017-01-23,1
169,2017-01-30,2
169,2017-02-06,3
169,2017-02-13,5
169,2017-02-20,4
169,2017-02-27,1
169,2017-03-06,2
169,2017-03-13,3
169,2017-03-20,6
169,2017-03-27,1
169,2017-04-03,1
169,2017-04-10,6
169,2017-04-17,8
169,2017-04-24,5
169,2017-05-01,6
169,2017-05-08,2
169.0,2015-03-23,1
169.0,2015-04-27,1
169.0,2015-06-01,2
169.0,2015-06-29,2
169.0,2015-07-13,1
169.0,2015-07-27,1
169.0,2015-08-17,1
169.0,2015-08-24,1
169.0,2015-09-07,1
169.0,2015-09-14,1
169.0,2015-09-28,1
169.0,2015-10-12,1
169.0,2015-10-26,1
169.0,2015-11-09,1
169.0,2015-12-14,1
169.0,2016-02-01,2
169.0,2016-02-15,1
169.0,2016-02-22,1
169.0,2016-03-07,2
169.0,2016-03-21,1
169.0,2016-04-04,2
169.0,2016-05-16,1
169.0,2016-05-30,1
169.0,2016-06-06,1
169.0,2016-07-04,1
169.0,2016-09-19,2
169.0,2016-09-26,1
169.0,2016-10-10,2
169.0,2016-10-17,1
169.0,2016-10-24,1
169.0,2016-11-14,1
169.0,2016-11-28,3
169.0,2016-12-05,2
169.0,2016-12-19,1
169.0,2016-12-26,1
169.0,2017-01-09,1
169.0,2017-01-16,2
169.0,2017-01-23,1
169.0,2017-01-30,2
169.0,2017-02-06,1
169.0,2017-02-20,1
169.0,2017-03-13,1
169.0,2017-03-27,1
169.0,2017-04-03,1
169.0,2017-05-15,1
169.0,2017-05-22,3
169.0,2017-05-29,2
169.0,2017-06-05,3
169.0,2017-06-12,2
169.0,2017-06-19,6
169.0,2017-06-26,2
169.0,2017-07-03,3
169.0,2017-07-10,3
169.0,2017-07-24,3
169.0,2017-07-31,1
169.0,2017-08-14,1
169.0,2017-08-21,3
17,2015-03-16,4
17,2015-03-23,7
17,2015-03-30,2
17,2015-04-06,1
17,2015-04-13,4
17,2015-04-20,4
17,2015-04-27,6
17,2015-05-04,3
17,2015-05-11,4
17,2015-05-18,3
17,2015-05-25,2
17,2015-06-01,5
17,2015-06-08,8
17,2015-06-15,5
17,2015-06-22,6
17,2015-06-29,7
17,2015-07-06,7
17,2015-07-13,5
17,2015-07-20,3
17,2015-07-27,4
17,2015-08-03,1
17,2015-08-10,8
17,2015-08-17,2
17,2015-08-24,5
17,2015-08-31,4
17,2015-09-07,2
17,2015-09-14,2
17,2015-09-21,3
17,2015-09-28,6
17,2015-10-05,5
17,2015-10-12,8
17,2015-10-19,4
17,2015-10-26,3
17,2015-11-02,5
17,2015-11-09,1
17,2015-11-16,4
17,2015-11-23,3
17,2015-11-30,4
17,2015-12-07,3
17,2015-12-14,6
17,2015-12-21,3
17,2015-12-28,4
17,2016-01-04,2
17,2016-01-11,6
17,2016-01-18,5
17,2016-01-25,5
17,2016-02-01,3
17,2016-02-08,8
17,2016-02-15,4
17,2016-02-22,5
17,2016-02-29,5
17,2016-03-07,1
17,2016-03-14,7
17,2016-03-21,4
17,2016-03-28,1
17,2016-04-04,4
17,2016-04-11,9
17,2016-04-18,6
17,2016-04-25,6
17,2016-05-02,6
17,2016-05-09,3
17,2016-05-16,3
17,2016-05-23,6
17,2016-05-30,7
17,2016-06-06,2
17,2016-06-13,3
17,2016-06-20,8
17,2016-06-27,3
17,2016-07-04,5
17,2016-07-11,6
17,2016-07-18,2
17,2016-07-25,5
17,2016-08-01,5
17,2016-08-08,10
17,2016-08-15,5
17,2016-08-22,4
17,2016-08-29,5
17,2016-09-05,3
17,2016-09-12,2
17,2016-09-19,4
17,2016-09-26,9
17,2016-10-03,10
17,2016-10-10,3
17,2016-10-17,4
17,2016-10-24,7
17,2016-10-31,5
17,2016-11-07,2
17,2016-11-14,7
17,2016-11-21,3
17,2016-11-28,3
17,2016-12-05,10
17,2016-12-12,9
17,2016-12-19,7
17,2016-12-26,6
17,2017-01-02,4
17,2017-01-09,13
17,2017-01-16,4
17,2017-01-23,6
17,2017-01-30,13
17,2017-02-06,8
17,2017-02-13,5
17,2017-02-20,7
17,2017-02-27,5
17,2017-03-06,6
17,2017-03-13,11
17,2017-03-20,6
17,2017-03-27,3
17,2017-04-03,8
17,2017-04-10,4
17,2017-04-17,6
17,2017-04-24,5
17,2017-05-01,6
17,2017-05-08,7
17,2017-05-15,4
17,2017-05-29,2
17.0,2015-03-23,2
17.0,2015-04-13,3
17.0,2015-04-20,1
17.0,2015-05-04,1
17.0,2015-05-18,1
17.0,2015-05-25,1
17.0,2015-06-01,2
17.0,2015-06-08,2
17.0,2015-06-15,1
17.0,2015-06-29,1
17.0,2015-07-06,3
17.0,2015-07-27,1
17.0,2015-08-03,2
17.0,2015-08-10,4
17.0,2015-09-14,1
17.0,2015-09-28,1
17.0,2015-10-12,1
17.0,2015-10-26,1
17.0,2015-11-02,2
17.0,2015-11-16,1
17.0,2015-11-23,4
17.0,2015-12-14,1
17.0,2015-12-21,1
17.0,2015-12-28,2
17.0,2016-01-18,1
17.0,2016-01-25,1
17.0,2016-02-01,2
17.0,2016-02-08,1
17.0,2016-02-22,1
17.0,2016-03-07,2
17.0,2016-03-14,1
17.0,2016-03-21,2
17.0,2016-03-28,3
17.0,2016-04-04,5
17.0,2016-04-11,5
17.0,2016-04-18,1
17.0,2016-04-25,1
17.0,2016-05-02,1
17.0,2016-05-16,2
17.0,2016-05-23,2
17.0,2016-06-06,1
17.0,2016-06-13,1
17.0,2016-06-20,1
17.0,2016-06-27,1
17.0,2016-07-04,3
17.0,2016-07-18,1
17.0,2016-07-25,1
17.0,2016-08-01,1
17.0,2016-08-08,1
17.0,2016-08-15,2
17.0,2016-08-22,1
17.0,2016-08-29,2
17.0,2016-09-05,1
17.0,2016-09-12,1
17.0,2016-09-19,1
17.0,2016-09-26,1
17.0,2016-10-03,1
17.0,2016-10-17,3
17.0,2016-10-24,2
17.0,2016-10-31,1
17.0,2016-11-07,1
17.0,2016-11-14,2
17.0,2016-11-21,1
17.0,2016-11-28,1
17.0,2016-12-05,2
17.0,2016-12-12,2
17.0,2016-12-19,2
17.0,2017-01-09,2
17.0,2017-01-16,2
17.0,2017-01-30,2
17.0,2017-02-06,2
17.0,2017-02-13,2
17.0,2017-02-20,1
17.0,2017-02-27,2
17.0,2017-03-06,3
17.0,2017-03-20,1
17.0,2017-04-03,1
17.0,2017-05-01,1
17.0,2017-05-08,2
17.0,2017-05-15,2
17.0,2017-05-22,9
17.0,2017-05-29,5
17.0,2017-06-05,8
17.0,2017-06-12,5
17.0,2017-06-19,8
17.0,2017-06-26,5
17.0,2017-07-03,6
17.0,2017-07-10,9
17.0,2017-07-17,6
17.0,2017-07-24,9
17.0,2017-07-31,12
17.0,2017-08-07,3
17.0,2017-08-14,4
17.0,2017-08-21,1
17.0,2017-08-28,1
17.0,2017-09-04,3
17.0,2017-09-11,1
170,2015-04-13,1
170,2015-06-08,1
170,2015-07-06,3
170,2015-07-13,1
170,2015-07-27,1
170,2015-08-03,1
170,2015-09-14,1
170,2015-11-09,1
170,2016-01-18,1
170,2016-02-29,1
170,2016-03-14,1
170,2016-05-16,1
170,2016-06-20,2
170,2016-07-11,2
170,2016-07-18,2
170,2016-08-08,1
170,2016-08-22,1
170,2016-09-19,1
170,2016-09-26,1
170,2016-12-12,2
170,2016-12-19,1
170,2016-12-26,1
170,2017-01-09,1
170,2017-01-23,1
170,2017-02-20,1
170.0,2015-05-18,1
170.0,2015-06-22,1
170.0,2015-08-10,1
170.0,2016-02-08,1
170.0,2016-06-13,1
170.0,2017-01-02,1
170.0,2017-07-10,1
170.0,2017-07-17,3
170.0,2017-08-07,1
171,2015-04-06,1
171,2015-10-12,1
171,2015-10-26,1
171,2016-02-22,1
171,2016-04-18,1
171,2016-05-02,1
171,2016-05-16,1
171,2016-06-06,1
171,2016-06-13,2
171,2016-06-27,2
171,2016-07-04,1
171,2016-07-11,2
171,2016-07-25,2
171,2016-10-03,1
171,2016-10-17,1
171,2016-10-24,1
171,2016-12-19,1
171,2017-01-23,1
171,2017-02-06,1
171,2017-04-17,1
171,2017-05-01,1
171.0,2015-08-24,1
171.0,2015-10-19,1
171.0,2016-05-02,2
171.0,2016-05-30,1
171.0,2016-06-06,1
171.0,2016-06-13,1
171.0,2016-08-15,1
171.0,2016-08-29,1
171.0,2016-12-12,1
171.0,2017-01-16,1
171.0,2017-05-15,1
171.0,2017-06-26,1
172,2015-03-16,1
172,2015-03-23,1
172,2015-04-13,1
172,2015-05-11,3
172,2015-05-25,1
172,2015-06-08,2
172,2015-06-15,2
172,2015-06-22,3
172,2015-06-29,1
172,2015-07-06,1
172,2015-07-13,3
172,2015-07-27,2
172,2015-08-10,2
172,2015-08-17,2
172,2015-08-24,3
172,2015-08-31,1
172,2015-09-21,1
172,2015-10-05,2
172,2015-10-19,1
172,2015-12-14,1
172,2015-12-28,1
172,2016-02-08,1
172,2016-02-29,1
172,2016-06-06,1
172,2016-09-12,1
172,2016-10-24,1
172,2016-11-21,1
172,2017-03-06,1
172.0,2015-03-16,1
172.0,2015-04-06,1
172.0,2015-05-18,1
172.0,2015-05-25,1
172.0,2015-06-01,1
172.0,2015-06-08,1
172.0,2015-07-13,2
172.0,2015-08-03,1
172.0,2015-08-24,1
172.0,2015-11-16,1
172.0,2015-11-30,1
172.0,2016-08-01,1
173,2015-03-16,1
173,2015-04-13,2
173,2015-05-18,1
173,2015-05-25,1
173,2015-06-01,2
173,2015-06-08,1
173,2015-07-06,1
173,2015-08-10,1
173,2015-08-17,3
173,2015-09-28,1
173,2015-10-19,1
173,2015-10-26,1
173,2015-11-02,1
173,2015-11-16,2
173,2015-11-30,1
173,2016-01-11,2
173,2016-01-25,1
173,2016-02-08,3
173,2016-02-15,1
173,2016-02-22,2
173,2016-02-29,1
173,2016-03-21,1
173,2016-03-28,1
173,2016-04-11,1
173,2016-04-18,1
173,2016-05-02,2
173,2016-05-09,2
173,2016-05-23,1
173,2016-05-30,3
173,2016-06-06,1
173,2016-06-27,2
173,2016-07-11,1
173,2016-07-18,3
173,2016-08-01,1
173,2016-09-12,3
173,2016-10-10,1
173,2016-11-14,1
173,2016-11-21,1
173,2016-11-28,1
173,2016-12-19,1
173,2017-01-23,1
173,2017-01-30,2
173,2017-02-13,1
173,2017-02-27,1
173,2017-03-06,2
173,2017-03-20,1
173,2017-04-10,1
173.0,2015-04-13,1
173.0,2015-04-20,1
173.0,2015-08-10,1
173.0,2015-10-05,1
173.0,2016-04-25,1
173.0,2016-05-30,1
173.0,2016-06-13,1
173.0,2016-07-11,2
173.0,2016-07-18,1
173.0,2016-07-25,1
173.0,2016-08-01,2
173.0,2016-08-15,1
173.0,2016-08-22,1
173.0,2016-09-26,1
173.0,2016-11-21,1
173.0,2016-12-12,2
173.0,2016-12-26,1
173.0,2017-01-02,2
173.0,2017-01-23,2
173.0,2017-02-13,1
173.0,2017-02-20,1
173.0,2017-03-06,1
173.0,2017-03-20,1
173.0,2017-04-03,1
173.0,2017-05-15,1
173.0,2017-05-29,3
173.0,2017-06-05,1
173.0,2017-06-26,1
173.0,2017-08-21,1
174,2015-04-06,1
174,2015-05-04,1
174,2015-06-01,2
174,2015-07-27,2
174,2015-08-31,1
174,2015-10-05,1
174,2015-10-12,1
174,2015-10-26,1
174,2015-11-16,1
174,2015-12-14,1
174,2016-02-01,2
174,2016-02-08,1
174,2016-02-15,1
174,2016-04-11,1
174,2016-05-02,1
174,2016-05-23,1
174,2016-06-06,1
174,2016-06-20,1
174,2016-07-18,1
174,2016-08-15,1
174,2016-10-24,1
174,2016-12-05,2
174,2017-01-30,1
174,2017-02-06,1
174,2017-02-20,1
174.0,2015-08-17,1
174.0,2015-09-28,1
174.0,2015-12-07,1
174.0,2016-05-23,1
174.0,2016-09-26,1
174.0,2016-11-28,2
174.0,2017-01-09,1
174.0,2017-02-27,1
174.0,2017-06-05,1
174.0,2017-06-19,2
174.0,2017-07-10,1
174.0,2017-07-17,2
174.0,2017-09-11,1
174.0,2017-09-18,2
175,2015-03-16,2
175,2015-03-23,5
175,2015-03-30,4
175,2015-04-06,7
175,2015-04-13,6
175,2015-04-20,3
175,2015-04-27,4
175,2015-05-04,6
175,2015-05-11,8
175,2015-05-18,7
175,2015-05-25,2
175,2015-06-01,5
175,2015-06-08,7
175,2015-06-15,4
175,2015-06-22,7
175,2015-06-29,8
175,2015-07-06,4
175,2015-07-13,13
175,2015-07-20,5
175,2015-07-27,6
175,2015-08-03,6
175,2015-08-10,4
175,2015-08-17,3
175,2015-08-24,3
175,2015-08-31,4
175,2015-09-07,5
175,2015-09-14,6
175,2015-09-21,10
175,2015-09-28,5
175,2015-10-05,3
175,2015-10-12,5
175,2015-10-19,6
175,2015-10-26,2
175,2015-11-02,3
175,2015-11-09,5
175,2015-11-16,7
175,2015-11-23,3
175,2015-11-30,3
175,2015-12-07,2
175,2015-12-14,3
175,2015-12-21,1
175,2015-12-28,2
175,2016-01-04,7
175,2016-01-11,5
175,2016-01-18,5
175,2016-01-25,6
175,2016-02-01,1
175,2016-02-08,3
175,2016-02-15,8
175,2016-02-22,3
175,2016-02-29,1
175,2016-03-07,3
175,2016-03-14,7
175,2016-03-21,6
175,2016-03-28,5
175,2016-04-04,10
175,2016-04-11,4
175,2016-04-18,7
175,2016-04-25,3
175,2016-05-02,1
175,2016-05-09,8
175,2016-05-16,4
175,2016-05-23,6
175,2016-05-30,5
175,2016-06-06,4
175,2016-06-13,6
175,2016-06-20,9
175,2016-06-27,5
175,2016-07-04,1
175,2016-07-11,7
175,2016-07-18,3
175,2016-07-25,10
175,2016-08-01,6
175,2016-08-08,2
175,2016-08-15,6
175,2016-08-22,6
175,2016-08-29,3
175,2016-09-05,4
175,2016-09-12,6
175,2016-09-19,3
175,2016-09-26,9
175,2016-10-03,6
175,2016-10-10,5
175,2016-10-17,1
175,2016-10-24,7
175,2016-10-31,2
175,2016-11-07,4
175,2016-11-14,5
175,2016-11-21,2
175,2016-11-28,5
175,2016-12-05,3
175,2016-12-12,5
175,2016-12-19,7
175,2016-12-26,9
175,2017-01-02,11
175,2017-01-09,5
175,2017-01-16,6
175,2017-01-23,6
175,2017-01-30,5
175,2017-02-06,1
175,2017-02-13,3
175,2017-02-20,3
175,2017-02-27,2
175,2017-03-06,3
175,2017-03-13,2
175,2017-03-20,5
175,2017-03-27,8
175,2017-04-03,4
175,2017-04-10,1
175,2017-04-17,5
175,2017-04-24,6
175,2017-05-01,3
175,2017-05-08,8
175,2017-05-15,2
175,2017-05-22,1
175.0,2015-03-23,2
175.0,2015-03-30,2
175.0,2015-04-13,1
175.0,2015-04-20,1
175.0,2015-04-27,1
175.0,2015-05-04,3
175.0,2015-05-25,2
175.0,2015-06-01,3
175.0,2015-06-22,2
175.0,2015-06-29,1
175.0,2015-07-06,2
175.0,2015-07-13,3
175.0,2015-07-20,2
175.0,2015-07-27,2
175.0,2015-08-03,1
175.0,2015-08-10,1
175.0,2015-08-17,1
175.0,2015-09-14,4
175.0,2015-09-21,2
175.0,2015-09-28,4
175.0,2015-10-05,1
175.0,2015-10-19,1
175.0,2015-11-02,1
175.0,2015-11-09,3
175.0,2015-11-16,1
175.0,2015-11-23,1
175.0,2015-11-30,1
175.0,2015-12-21,2
175.0,2015-12-28,1
175.0,2016-01-04,3
175.0,2016-01-11,2
175.0,2016-01-25,1
175.0,2016-02-01,2
175.0,2016-03-07,1
175.0,2016-03-14,2
175.0,2016-03-21,1
175.0,2016-03-28,2
175.0,2016-04-04,2
175.0,2016-04-11,2
175.0,2016-04-25,1
175.0,2016-05-09,1
175.0,2016-05-16,1
175.0,2016-05-30,1
175.0,2016-06-13,1
175.0,2016-07-04,1
175.0,2016-07-11,1
175.0,2016-07-18,1
175.0,2016-07-25,2
175.0,2016-08-01,1
175.0,2016-08-08,1
175.0,2016-08-15,2
175.0,2016-08-22,2
175.0,2016-08-29,1
175.0,2016-09-19,4
175.0,2016-09-26,4
175.0,2016-10-03,1
175.0,2016-10-10,1
175.0,2016-10-17,1
175.0,2016-10-31,2
175.0,2016-11-07,1
175.0,2016-11-14,2
175.0,2016-11-21,2
175.0,2016-11-28,1
175.0,2016-12-05,3
175.0,2016-12-19,1
175.0,2016-12-26,3
175.0,2017-01-09,2
175.0,2017-01-16,2
175.0,2017-01-23,1
175.0,2017-01-30,3
175.0,2017-02-06,2
175.0,2017-02-13,1
175.0,2017-02-20,1
175.0,2017-02-27,2
175.0,2017-03-06,1
175.0,2017-03-13,2
175.0,2017-04-03,1
175.0,2017-04-10,1
175.0,2017-04-17,1
175.0,2017-05-01,1
175.0,2017-05-08,1
175.0,2017-05-15,3
175.0,2017-05-22,4
175.0,2017-05-29,4
175.0,2017-06-05,4
175.0,2017-06-12,3
175.0,2017-06-19,3
175.0,2017-07-03,5
175.0,2017-07-10,6
175.0,2017-07-17,4
175.0,2017-07-24,4
175.0,2017-07-31,1
175.0,2017-08-14,1
175.0,2017-08-21,2
175.0,2017-09-25,1
176,2015-03-16,1
176,2015-03-23,1
176,2015-03-30,1
176,2015-04-06,1
176,2015-04-27,1
176,2015-05-04,1
176,2015-05-11,1
176,2015-05-18,1
176,2015-06-15,2
176,2015-06-29,1
176,2015-08-10,1
176,2015-09-07,1
176,2015-10-19,1
176,2015-10-26,1
176,2015-11-30,3
176,2016-02-01,1
176,2016-02-15,1
176,2016-02-22,2
176,2016-02-29,4
176,2016-03-07,1
176,2016-04-18,1
176,2016-06-06,1
176,2016-06-13,1
176,2016-06-20,1
176,2016-07-11,1
176,2016-07-25,1
176,2016-09-19,1
176,2016-10-03,2
176,2016-10-17,2
176,2016-10-24,1
176,2016-11-07,2
176,2016-11-28,1
176,2016-12-19,1
176,2017-01-16,2
176,2017-02-06,1
176,2017-02-13,1
176,2017-03-06,1
176,2017-03-20,1
176,2017-03-27,1
176,2017-04-03,1
176,2017-04-10,1
176.0,2015-04-13,1
176.0,2015-06-08,1
176.0,2015-07-13,1
176.0,2015-08-31,1
176.0,2015-11-09,1
176.0,2016-01-04,1
176.0,2016-03-07,1
176.0,2016-03-14,2
176.0,2016-07-18,1
176.0,2016-08-15,1
176.0,2016-08-29,1
176.0,2016-10-17,1
176.0,2016-12-26,1
176.0,2017-03-06,1
176.0,2017-05-29,1
176.0,2017-07-03,1
176.0,2017-07-10,1
176.0,2017-07-17,2
176.0,2017-07-24,1
176.0,2017-08-07,1
177,2015-10-12,1
177,2015-12-07,1
177,2015-12-14,1
177,2015-12-28,1
177,2016-01-25,1
177,2016-02-01,2
177,2016-02-08,1
177,2016-02-22,1
177,2016-02-29,3
177,2016-03-21,1
177,2016-04-25,1
177,2016-05-09,1
177,2016-06-06,1
177,2016-06-13,2
177,2016-06-20,1
177,2016-06-27,1
177,2016-07-04,2
177,2016-07-11,1
177,2016-07-18,1
177,2016-08-29,1
177,2016-09-19,2
177,2016-10-03,2
177,2016-10-17,2
177,2016-11-07,1
177,2016-11-14,1
177,2016-11-28,1
177,2016-12-12,2
177,2017-01-02,1
177,2017-01-09,2
177,2017-01-16,1
177,2017-01-23,1
177,2017-01-30,2
177,2017-02-13,1
177,2017-02-20,1
177,2017-02-27,2
177,2017-03-06,1
177,2017-03-20,2
177,2017-04-03,1
177,2017-04-10,1
177,2017-05-01,2
177,2017-05-08,1
177.0,2015-11-30,1
177.0,2015-12-21,1
177.0,2016-05-16,1
177.0,2016-06-20,1
177.0,2016-06-27,1
177.0,2016-07-11,1
177.0,2016-08-15,1
177.0,2016-09-05,1
177.0,2016-09-26,1
177.0,2016-10-17,1
177.0,2016-12-26,1
177.0,2017-01-23,1
177.0,2017-02-13,1
177.0,2017-02-20,1
177.0,2017-04-03,2
177.0,2017-05-01,1
177.0,2017-05-22,1
177.0,2017-06-05,1
177.0,2017-06-26,2
177.0,2017-07-17,2
178,2015-09-07,2
178,2015-09-28,3
178,2015-10-26,3
178,2015-11-09,2
178,2015-11-16,2
178,2015-11-30,3
178,2015-12-07,1
178,2015-12-14,3
178,2015-12-21,1
178,2016-01-04,3
178,2016-01-18,1
178,2016-02-01,2
178,2016-02-08,4
178,2016-02-15,4
178,2016-02-22,2
178,2016-03-07,2
178,2016-03-14,1
178,2016-03-21,4
178,2016-03-28,4
178,2016-04-04,4
178,2016-04-11,3
178,2016-04-18,5
178,2016-04-25,6
178,2016-05-09,3
178,2016-05-16,5
178,2016-05-23,9
178,2016-05-30,3
178,2016-06-06,10
178,2016-06-13,3
178,2016-06-20,5
178,2016-06-27,3
178,2016-07-04,7
178,2016-07-11,2
178,2016-07-18,4
178,2016-07-25,8
178,2016-08-01,7
178,2016-08-08,3
178,2016-08-15,1
178,2016-08-22,7
178,2016-08-29,1
178,2016-09-05,5
178,2016-09-12,2
178,2016-09-19,5
178,2016-09-26,2
178,2016-10-03,4
178,2016-10-10,1
178,2016-10-17,4
178,2016-10-24,7
178,2016-10-31,3
178,2016-11-07,2
178,2016-11-14,4
178,2016-11-21,3
178,2016-11-28,2
178,2016-12-05,1
178,2016-12-12,1
178,2016-12-19,3
178,2016-12-26,4
178,2017-01-02,2
178,2017-01-09,1
178,2017-01-16,1
178,2017-01-23,3
178,2017-01-30,3
178,2017-02-06,1
178,2017-02-13,3
178,2017-02-20,4
178,2017-02-27,4
178,2017-03-06,2
178,2017-03-13,1
178,2017-03-20,1
178,2017-03-27,1
178,2017-04-03,1
178,2017-04-10,2
178,2017-04-17,2
178,2017-04-24,5
178,2017-05-01,1
178,2017-05-08,3
178,2017-05-15,1
178,2017-07-10,1
178.0,2015-10-26,2
178.0,2015-11-16,1
178.0,2015-11-30,1
178.0,2015-12-07,1
178.0,2015-12-21,1
178.0,2016-01-04,1
178.0,2016-01-25,1
178.0,2016-02-15,1
178.0,2016-02-22,2
178.0,2016-03-21,2
178.0,2016-03-28,1
178.0,2016-04-11,1
178.0,2016-04-18,2
178.0,2016-04-25,1
178.0,2016-05-02,4
178.0,2016-05-16,2
178.0,2016-05-23,2
178.0,2016-05-30,3
178.0,2016-06-13,2
178.0,2016-06-27,3
178.0,2016-07-04,1
178.0,2016-07-11,1
178.0,2016-07-18,1
178.0,2016-08-15,1
178.0,2016-08-22,3
178.0,2016-08-29,2
178.0,2016-09-05,2
178.0,2016-09-12,1
178.0,2016-09-26,1
178.0,2016-10-24,1
178.0,2016-11-07,1
178.0,2016-11-21,1
178.0,2016-11-28,3
178.0,2017-01-30,3
178.0,2017-02-27,1
178.0,2017-03-06,1
178.0,2017-03-13,1
178.0,2017-03-20,1
178.0,2017-04-03,1
178.0,2017-05-08,1
178.0,2017-05-15,3
178.0,2017-05-22,1
178.0,2017-05-29,1
178.0,2017-06-05,3
178.0,2017-06-12,2
178.0,2017-06-19,4
178.0,2017-06-26,1
178.0,2017-07-03,1
178.0,2017-07-10,3
178.0,2017-07-17,3
178.0,2017-07-24,3
178.0,2017-07-31,4
178.0,2017-08-14,1
178.0,2017-08-21,1
178.0,2017-08-28,4
179,2015-03-16,4
179,2015-03-23,7
179,2015-03-30,6
179,2015-04-06,4
179,2015-04-13,10
179,2015-04-20,10
179,2015-04-27,16
179,2015-05-04,9
179,2015-05-11,14
179,2015-05-18,6
179,2015-05-25,10
179,2015-06-01,12
179,2015-06-08,10
179,2015-06-15,8
179,2015-06-22,7
179,2015-06-29,9
179,2015-07-06,7
179,2015-07-13,6
179,2015-07-20,12
179,2015-07-27,6
179,2015-08-03,10
179,2015-08-10,9
179,2015-08-17,12
179,2015-08-24,15
179,2015-08-31,4
179,2015-09-07,11
179,2015-09-14,8
179,2015-09-21,10
179,2015-09-28,3
179,2015-10-05,3
179,2015-10-12,4
179,2015-10-19,5
179,2015-10-26,4
179,2015-11-02,3
179,2015-11-09,3
179,2015-11-16,3
179,2015-11-23,4
179,2015-11-30,3
179,2015-12-07,3
179,2015-12-14,1
179,2015-12-21,1
179,2015-12-28,1
179,2016-01-04,4
179,2016-01-11,4
179,2016-01-18,4
179,2016-01-25,3
179,2016-02-01,1
179,2016-02-08,4
179,2016-02-22,4
179,2016-02-29,2
179,2016-03-07,1
179,2016-03-14,2
179,2016-03-21,1
179,2016-03-28,5
179,2016-04-04,1
179,2016-04-11,1
179,2016-04-18,2
179,2016-04-25,3
179,2016-05-02,2
179,2016-05-09,2
179,2016-05-16,2
179,2016-05-23,1
179,2016-05-30,2
179,2016-06-06,2
179,2016-06-13,3
179,2016-06-20,2
179,2016-06-27,2
179,2016-07-04,2
179,2016-07-11,2
179,2016-07-18,3
179,2016-07-25,1
179,2016-08-01,1
179,2016-08-08,1
179,2016-08-15,1
179,2016-08-22,2
179,2016-09-05,6
179,2016-09-12,6
179,2016-09-19,2
179,2016-09-26,1
179,2016-10-03,1
179,2016-10-10,1
179,2016-10-17,1
179,2016-10-24,1
179,2016-10-31,2
179,2016-11-07,1
179,2016-11-14,1
179,2016-11-21,2
179,2016-12-05,1
179,2016-12-12,2
179,2017-01-09,1
179,2017-01-30,2
179,2017-02-27,1
179,2017-03-06,1
179,2017-03-20,2
179,2017-04-03,1
179,2017-04-17,1
179,2017-05-01,2
179.0,2015-03-16,1
179.0,2015-03-23,2
179.0,2015-03-30,3
179.0,2015-04-06,2
179.0,2015-04-20,1
179.0,2015-04-27,1
179.0,2015-05-04,1
179.0,2015-05-11,1
179.0,2015-05-18,2
179.0,2015-05-25,2
179.0,2015-06-01,2
179.0,2015-06-08,1
179.0,2015-06-15,2
179.0,2015-06-22,2
179.0,2015-06-29,1
179.0,2015-07-06,3
179.0,2015-07-13,1
179.0,2015-07-20,2
179.0,2015-07-27,1
179.0,2015-08-10,3
179.0,2015-08-17,3
179.0,2015-08-24,2
179.0,2015-08-31,1
179.0,2015-09-07,2
179.0,2015-09-14,1
179.0,2015-09-21,1
179.0,2015-09-28,2
179.0,2015-10-05,1
179.0,2015-10-12,1
179.0,2015-10-19,1
179.0,2015-10-26,1
179.0,2015-11-02,1
179.0,2015-11-09,3
179.0,2015-11-30,2
179.0,2015-12-21,2
179.0,2015-12-28,2
179.0,2016-01-04,1
179.0,2016-01-11,2
179.0,2016-01-18,1
179.0,2016-01-25,1
179.0,2016-02-01,2
179.0,2016-02-08,1
179.0,2016-02-29,1
179.0,2016-04-11,1
179.0,2016-04-25,1
179.0,2016-05-02,2
179.0,2016-05-30,1
179.0,2016-06-20,1
179.0,2016-08-01,1
179.0,2016-08-15,1
179.0,2016-08-22,2
179.0,2016-09-05,4
179.0,2016-09-12,3
179.0,2016-09-19,1
179.0,2016-09-26,1
179.0,2016-10-03,3
179.0,2016-10-10,1
179.0,2016-10-17,2
179.0,2016-11-07,1
179.0,2016-11-14,2
179.0,2017-02-20,1
179.0,2017-02-27,1
179.0,2017-03-13,1
179.0,2017-04-24,1
179.0,2017-05-01,1
179.0,2017-05-29,1
179.0,2017-06-05,1
179.0,2017-06-12,1
179.0,2017-07-03,1
179.0,2017-07-10,1
179.0,2017-07-24,1
18,2015-03-23,1
18,2015-03-30,2
18,2015-04-06,2
18,2015-04-13,4
18,2015-04-20,2
18,2015-05-04,2
18,2015-05-11,4
18,2015-05-18,1
18,2015-05-25,2
18,2015-06-15,1
18,2015-06-22,2
18,2015-06-29,4
18,2015-07-06,5
18,2015-07-13,1
18,2015-07-20,2
18,2015-07-27,3
18,2015-08-03,2
18,2015-08-10,2
18,2015-08-17,6
18,2015-08-24,1
18,2015-08-31,3
18,2015-09-07,3
18,2015-09-14,3
18,2015-09-21,1
18,2015-09-28,1
18,2015-10-05,3
18,2015-10-12,3
18,2015-10-19,1
18,2015-10-26,1
18,2015-11-16,2
18,2015-11-23,3
18,2015-12-07,2
18,2015-12-14,2
18,2015-12-21,2
18,2016-01-04,2
18,2016-01-18,2
18,2016-01-25,1
18,2016-02-08,5
18,2016-02-15,3
18,2016-02-22,2
18,2016-02-29,2
18,2016-03-07,3
18,2016-03-28,1
18,2016-04-04,1
18,2016-04-18,2
18,2016-05-16,1
18,2016-05-23,2
18,2016-06-20,3
18,2016-06-27,2
18,2016-07-04,1
18,2016-07-18,2
18,2016-07-25,5
18,2016-08-01,1
18,2016-08-08,2
18,2016-08-15,2
18,2016-08-22,4
18,2016-08-29,2
18,2016-09-05,4
18,2016-09-12,1
18,2016-09-19,2
18,2016-09-26,2
18,2016-10-03,1
18,2016-10-10,14
18,2016-10-17,16
18,2016-10-24,5
18,2016-10-31,3
18,2016-11-07,2
18,2016-11-14,1
18,2016-11-28,4
18,2016-12-05,4
18,2016-12-12,3
18,2016-12-26,1
18,2017-01-02,4
18,2017-01-09,4
18,2017-01-16,7
18,2017-01-23,5
18,2017-01-30,2
18,2017-02-06,2
18,2017-02-13,1
18,2017-02-20,2
18,2017-02-27,1
18,2017-03-13,3
18,2017-03-20,3
18,2017-03-27,2
18,2017-04-03,6
18,2017-04-10,3
18,2017-04-17,2
18,2017-04-24,2
18,2017-05-01,5
18,2017-05-08,4
18,2017-05-22,1
18,2017-06-05,2
18,2017-06-12,1
18.0,2015-03-23,2
18.0,2015-03-30,1
18.0,2015-04-06,1
18.0,2015-04-13,2
18.0,2015-04-20,1
18.0,2015-04-27,2
18.0,2015-05-25,1
18.0,2015-06-08,1
18.0,2015-06-15,3
18.0,2015-07-13,1
18.0,2015-07-20,1
18.0,2015-07-27,1
18.0,2015-08-03,1
18.0,2015-08-17,2
18.0,2015-09-14,2
18.0,2015-09-21,1
18.0,2015-09-28,1
18.0,2015-11-02,1
18.0,2015-11-30,1
18.0,2015-12-07,1
18.0,2015-12-14,1
18.0,2016-01-25,2
18.0,2016-02-01,1
18.0,2016-03-14,2
18.0,2016-03-21,2
18.0,2016-04-04,1
18.0,2016-04-25,1
18.0,2016-05-02,2
18.0,2016-05-09,2
18.0,2016-05-16,1
18.0,2016-05-30,1
18.0,2016-06-13,1
18.0,2016-06-27,2
18.0,2016-07-11,1
18.0,2016-08-29,1
18.0,2016-09-12,2
18.0,2016-10-03,2
18.0,2016-10-10,4
18.0,2016-10-17,6
18.0,2016-10-24,2
18.0,2016-12-05,3
18.0,2016-12-12,1
18.0,2017-01-09,1
18.0,2017-01-23,4
18.0,2017-01-30,2
18.0,2017-02-06,1
18.0,2017-02-13,1
18.0,2017-02-20,2
18.0,2017-02-27,5
18.0,2017-03-06,2
18.0,2017-03-13,1
18.0,2017-03-20,2
18.0,2017-04-24,1
18.0,2017-05-15,5
18.0,2017-05-22,2
18.0,2017-05-29,2
18.0,2017-06-05,7
18.0,2017-06-12,2
18.0,2017-06-19,8
18.0,2017-06-26,3
18.0,2017-07-03,2
18.0,2017-07-10,5
18.0,2017-07-17,5
18.0,2017-07-24,5
18.0,2017-08-14,2
18.0,2017-09-04,1
18.0,2017-09-11,1
18.0,2017-09-18,1
180,2015-04-06,1
180,2015-04-13,4
180,2015-04-20,2
180,2015-04-27,5
180,2015-05-04,3
180,2015-05-11,1
180,2015-05-18,1
180,2015-06-01,1
180,2015-06-22,3
180,2015-07-06,2
180,2015-07-27,1
180,2015-08-24,2
180,2015-08-31,1
180,2015-09-21,1
180,2015-09-28,2
180,2015-10-12,2
180,2015-10-19,1
180,2015-11-02,1
180,2015-11-09,1
180,2015-11-23,1
180,2015-12-07,1
180,2015-12-28,1
180,2016-01-04,2
180,2016-01-18,1
180,2016-02-01,1
180,2016-02-08,1
180,2016-02-15,2
180,2016-02-29,2
180,2016-03-14,1
180,2016-04-25,1
180,2016-05-30,1
180,2016-06-13,2
180,2016-08-22,1
180,2016-08-29,1
180,2016-10-31,1
180,2016-11-14,1
180,2017-01-02,2
180,2017-01-09,1
180,2017-01-30,1
180,2017-04-03,1
180,2017-04-10,1
180,2017-04-17,1
180,2017-04-24,3
180,2017-05-01,1
180.0,2015-03-16,1
180.0,2015-03-30,1
180.0,2015-04-06,1
180.0,2015-04-13,1
180.0,2015-04-27,2
180.0,2015-07-27,1
180.0,2015-12-07,1
180.0,2016-01-04,1
180.0,2016-01-25,1
180.0,2016-02-01,1
180.0,2016-02-15,1
180.0,2016-04-04,1
180.0,2016-05-16,1
180.0,2016-06-27,1
180.0,2016-09-26,1
180.0,2016-12-05,1
180.0,2017-04-24,1
180.0,2017-05-22,1
180.0,2017-06-19,1
180.0,2017-07-10,2
180.0,2017-07-24,1
181,2015-03-16,1
181,2015-03-23,7
181,2015-03-30,9
181,2015-04-06,10
181,2015-04-13,5
181,2015-04-20,8
181,2015-04-27,9
181,2015-05-04,10
181,2015-05-11,15
181,2015-05-18,4
181,2015-05-25,6
181,2015-06-01,7
181,2015-06-08,17
181,2015-06-15,11
181,2015-06-22,8
181,2015-06-29,13
181,2015-07-06,11
181,2015-07-13,13
181,2015-07-20,17
181,2015-07-27,18
181,2015-08-03,14
181,2015-08-10,16
181,2015-08-17,17
181,2015-08-24,14
181,2015-08-31,10
181,2015-09-07,7
181,2015-09-14,8
181,2015-09-21,13
181,2015-09-28,10
181,2015-10-05,7
181,2015-10-12,10
181,2015-10-19,9
181,2015-10-26,8
181,2015-11-02,9
181,2015-11-09,12
181,2015-11-16,8
181,2015-11-23,5
181,2015-11-30,19
181,2015-12-07,8
181,2015-12-14,13
181,2015-12-21,2
181,2015-12-28,5
181,2016-01-04,12
181,2016-01-11,15
181,2016-01-18,5
181,2016-01-25,10
181,2016-02-01,14
181,2016-02-08,5
181,2016-02-15,12
181,2016-02-22,9
181,2016-02-29,14
181,2016-03-07,5
181,2016-03-14,9
181,2016-03-21,8
181,2016-03-28,5
181,2016-04-04,13
181,2016-04-11,8
181,2016-04-18,15
181,2016-04-25,10
181,2016-05-02,14
181,2016-05-09,8
181,2016-05-16,9
181,2016-05-23,12
181,2016-05-30,11
181,2016-06-06,21
181,2016-06-13,10
181,2016-06-20,10
181,2016-06-27,16
181,2016-07-04,12
181,2016-07-11,11
181,2016-07-18,8
181,2016-07-25,13
181,2016-08-01,8
181,2016-08-08,12
181,2016-08-15,8
181,2016-08-22,10
181,2016-08-29,13
181,2016-09-05,13
181,2016-09-12,11
181,2016-09-19,14
181,2016-09-26,13
181,2016-10-03,8
181,2016-10-10,13
181,2016-10-17,10
181,2016-10-24,14
181,2016-10-31,14
181,2016-11-07,7
181,2016-11-14,9
181,2016-11-21,14
181,2016-11-28,22
181,2016-12-05,20
181,2016-12-12,10
181,2016-12-19,13
181,2016-12-26,9
181,2017-01-02,10
181,2017-01-09,13
181,2017-01-16,11
181,2017-01-23,8
181,2017-01-30,9
181,2017-02-06,15
181,2017-02-13,12
181,2017-02-20,9
181,2017-02-27,11
181,2017-03-06,11
181,2017-03-13,7
181,2017-03-20,14
181,2017-03-27,6
181,2017-04-03,13
181,2017-04-10,11
181,2017-04-17,8
181,2017-04-24,13
181,2017-05-01,13
181,2017-05-08,12
181,2017-05-15,4
181,2017-05-22,2
181,2017-06-12,1
181.0,2015-03-23,3
181.0,2015-04-06,2
181.0,2015-04-13,4
181.0,2015-04-20,1
181.0,2015-04-27,2
181.0,2015-05-04,1
181.0,2015-05-11,4
181.0,2015-05-18,2
181.0,2015-05-25,5
181.0,2015-06-01,5
181.0,2015-06-08,2
181.0,2015-06-15,3
181.0,2015-06-22,2
181.0,2015-06-29,4
181.0,2015-07-06,7
181.0,2015-07-13,4
181.0,2015-07-20,5
181.0,2015-08-03,6
181.0,2015-08-10,2
181.0,2015-08-17,6
181.0,2015-08-24,1
181.0,2015-08-31,4
181.0,2015-09-07,5
181.0,2015-09-21,3
181.0,2015-09-28,4
181.0,2015-10-05,6
181.0,2015-10-12,1
181.0,2015-10-19,4
181.0,2015-10-26,2
181.0,2015-11-02,3
181.0,2015-11-09,6
181.0,2015-11-16,3
181.0,2015-11-23,2
181.0,2015-11-30,3
181.0,2015-12-07,7
181.0,2015-12-14,3
181.0,2015-12-21,2
181.0,2015-12-28,1
181.0,2016-01-04,4
181.0,2016-01-11,3
181.0,2016-01-18,3
181.0,2016-01-25,2
181.0,2016-02-01,1
181.0,2016-02-08,4
181.0,2016-02-15,5
181.0,2016-02-29,3
181.0,2016-03-07,2
181.0,2016-03-14,5
181.0,2016-03-21,5
181.0,2016-03-28,3
181.0,2016-04-04,3
181.0,2016-04-11,3
181.0,2016-04-25,5
181.0,2016-05-02,3
181.0,2016-05-09,2
181.0,2016-05-16,2
181.0,2016-05-23,8
181.0,2016-05-30,5
181.0,2016-06-06,1
181.0,2016-06-13,3
181.0,2016-06-20,4
181.0,2016-06-27,2
181.0,2016-07-04,1
181.0,2016-07-11,2
181.0,2016-07-18,1
181.0,2016-07-25,6
181.0,2016-08-01,5
181.0,2016-08-08,4
181.0,2016-08-15,3
181.0,2016-08-22,2
181.0,2016-08-29,5
181.0,2016-09-05,5
181.0,2016-09-12,5
181.0,2016-09-19,3
181.0,2016-09-26,7
181.0,2016-10-03,3
181.0,2016-10-10,3
181.0,2016-10-17,6
181.0,2016-10-24,5
181.0,2016-10-31,4
181.0,2016-11-07,2
181.0,2016-11-14,6
181.0,2016-11-21,5
181.0,2016-11-28,8
181.0,2016-12-05,5
181.0,2016-12-12,6
181.0,2016-12-19,5
181.0,2016-12-26,1
181.0,2017-01-02,6
181.0,2017-01-09,7
181.0,2017-01-16,3
181.0,2017-01-23,4
181.0,2017-01-30,1
181.0,2017-02-06,4
181.0,2017-02-13,3
181.0,2017-02-20,2
181.0,2017-02-27,8
181.0,2017-03-06,4
181.0,2017-03-13,4
181.0,2017-03-20,4
181.0,2017-04-03,2
181.0,2017-04-10,1
181.0,2017-04-17,1
181.0,2017-04-24,2
181.0,2017-05-01,1
181.0,2017-05-08,5
181.0,2017-05-15,8
181.0,2017-05-22,16
181.0,2017-05-29,10
181.0,2017-06-05,9
181.0,2017-06-12,12
181.0,2017-06-19,12
181.0,2017-06-26,7
181.0,2017-07-03,8
181.0,2017-07-10,10
181.0,2017-07-17,8
181.0,2017-07-24,5
181.0,2017-07-31,5
181.0,2017-08-07,2
181.0,2017-08-14,7
181.0,2017-08-21,4
181.0,2017-08-28,3
181.0,2017-09-04,1
181.0,2017-09-18,1
182,2015-03-16,1
182,2015-03-23,7
182,2015-03-30,2
182,2015-04-06,5
182,2015-04-13,7
182,2015-04-20,6
182,2015-04-27,6
182,2015-05-04,2
182,2015-05-11,2
182,2015-05-25,6
182,2015-06-01,4
182,2015-06-08,7
182,2015-06-15,8
182,2015-06-22,4
182,2015-06-29,6
182,2015-07-06,4
182,2015-07-13,8
182,2015-07-20,7
182,2015-07-27,12
182,2015-08-03,5
182,2015-08-10,7
182,2015-08-17,4
182,2015-08-24,10
182,2015-08-31,7
182,2015-09-07,6
182,2015-09-14,4
182,2015-09-21,4
182,2015-09-28,6
182,2015-10-05,1
182,2015-10-12,6
182,2015-10-19,3
182,2015-10-26,5
182,2015-11-02,8
182,2015-11-09,6
182,2015-11-16,6
182,2015-11-23,7
182,2015-11-30,4
182,2015-12-07,7
182,2015-12-14,7
182,2015-12-21,3
182,2016-01-04,5
182,2016-01-11,1
182,2016-01-18,6
182,2016-01-25,5
182,2016-02-01,2
182,2016-02-08,6
182,2016-02-15,3
182,2016-02-22,6
182,2016-02-29,7
182,2016-03-07,4
182,2016-03-14,3
182,2016-03-21,3
182,2016-03-28,4
182,2016-04-04,2
182,2016-04-11,3
182,2016-04-18,4
182,2016-04-25,2
182,2016-05-02,2
182,2016-05-09,3
182,2016-05-16,5
182,2016-05-23,5
182,2016-05-30,2
182,2016-06-06,4
182,2016-06-13,6
182,2016-06-20,5
182,2016-06-27,6
182,2016-07-04,2
182,2016-07-11,5
182,2016-07-18,6
182,2016-07-25,7
182,2016-08-01,10
182,2016-08-08,9
182,2016-08-15,4
182,2016-08-22,9
182,2016-08-29,6
182,2016-09-05,6
182,2016-09-12,2
182,2016-09-19,6
182,2016-09-26,4
182,2016-10-03,3
182,2016-10-10,2
182,2016-10-17,8
182,2016-10-24,6
182,2016-10-31,6
182,2016-11-07,2
182,2016-11-14,5
182,2016-11-21,3
182,2016-11-28,4
182,2016-12-05,7
182,2016-12-12,4
182,2016-12-19,6
182,2016-12-26,2
182,2017-01-02,7
182,2017-01-09,5
182,2017-01-16,6
182,2017-01-23,2
182,2017-01-30,2
182,2017-02-13,5
182,2017-02-20,3
182,2017-02-27,4
182,2017-03-06,8
182,2017-03-13,4
182,2017-03-20,4
182,2017-03-27,4
182,2017-04-03,2
182,2017-04-10,2
182,2017-04-17,3
182,2017-04-24,5
182,2017-05-01,4
182,2017-05-08,4
182,2017-05-15,4
182,2017-05-22,3
182,2017-05-29,1
182,2017-06-19,1
182.0,2015-04-06,1
182.0,2015-04-13,1
182.0,2015-05-04,1
182.0,2015-05-11,2
182.0,2015-05-18,2
182.0,2015-05-25,2
182.0,2015-06-08,1
182.0,2015-06-15,1
182.0,2015-06-22,2
182.0,2015-06-29,2
182.0,2015-07-06,3
182.0,2015-07-13,1
182.0,2015-07-20,1
182.0,2015-07-27,1
182.0,2015-08-03,1
182.0,2015-08-10,3
182.0,2015-08-17,3
182.0,2015-08-24,4
182.0,2015-08-31,2
182.0,2015-09-07,2
182.0,2015-09-14,1
182.0,2015-09-21,4
182.0,2015-09-28,2
182.0,2015-10-05,1
182.0,2015-10-12,2
182.0,2015-10-19,2
182.0,2015-10-26,3
182.0,2015-11-02,1
182.0,2015-11-09,1
182.0,2015-11-23,1
182.0,2015-11-30,1
182.0,2015-12-07,1
182.0,2015-12-21,1
182.0,2015-12-28,1
182.0,2016-01-04,1
182.0,2016-01-25,2
182.0,2016-02-01,3
182.0,2016-02-08,3
182.0,2016-02-22,1
182.0,2016-02-29,2
182.0,2016-03-14,1
182.0,2016-03-21,1
182.0,2016-03-28,2
182.0,2016-04-04,1
182.0,2016-04-25,2
182.0,2016-05-02,1
182.0,2016-05-09,1
182.0,2016-05-16,1
182.0,2016-05-23,1
182.0,2016-05-30,1
182.0,2016-06-06,1
182.0,2016-06-20,2
182.0,2016-06-27,1
182.0,2016-07-04,1
182.0,2016-07-11,2
182.0,2016-07-18,2
182.0,2016-07-25,1
182.0,2016-08-08,2
182.0,2016-08-15,4
182.0,2016-08-22,3
182.0,2016-08-29,2
182.0,2016-09-26,1
182.0,2016-10-10,2
182.0,2016-10-17,1
182.0,2016-10-24,3
182.0,2016-11-07,2
182.0,2016-11-14,1
182.0,2016-11-21,1
182.0,2016-11-28,1
182.0,2016-12-12,2
182.0,2016-12-19,1
182.0,2016-12-26,2
182.0,2017-01-02,3
182.0,2017-01-16,2
182.0,2017-01-23,1
182.0,2017-01-30,3
182.0,2017-02-06,2
182.0,2017-02-20,2
182.0,2017-03-06,1
182.0,2017-03-20,1
182.0,2017-04-10,1
182.0,2017-05-01,3
182.0,2017-05-08,2
182.0,2017-05-15,4
182.0,2017-05-22,6
182.0,2017-05-29,4
182.0,2017-06-05,7
182.0,2017-06-12,8
182.0,2017-06-19,4
182.0,2017-06-26,5
182.0,2017-07-03,1
182.0,2017-07-10,5
182.0,2017-07-17,6
182.0,2017-07-24,3
182.0,2017-07-31,2
182.0,2017-08-14,3
182.0,2017-08-21,1
182.0,2017-08-28,1
182.0,2017-09-18,1
183,2015-04-13,2
183,2015-04-20,1
183,2015-05-18,1
183,2015-06-01,3
183,2015-06-15,2
183,2015-06-29,1
183,2015-07-06,2
183,2015-07-13,1
183,2015-07-20,1
183,2015-07-27,1
183,2015-08-03,1
183,2015-08-10,1
183,2015-08-17,1
183,2015-08-24,2
183,2015-09-07,1
183,2015-09-14,2
183,2015-09-21,1
183,2015-10-05,2
183,2015-10-19,1
183,2015-10-26,1
183,2015-11-09,1
183,2015-11-16,1
183,2015-11-30,1
183,2015-12-21,1
183,2016-01-04,1
183,2016-01-11,2
183,2016-02-29,1
183,2016-03-28,2
183,2016-04-04,1
183,2016-05-09,2
183,2016-05-16,1
183,2016-05-23,1
183,2016-05-30,1
183,2016-06-13,1
183,2016-07-04,1
183,2016-07-11,2
183,2016-07-25,1
183,2016-08-01,1
183,2016-08-22,2
183,2016-08-29,1
183,2016-10-10,1
183,2016-11-14,1
183,2016-12-05,1
183,2016-12-12,2
183,2017-01-09,2
183,2017-01-16,2
183,2017-01-30,2
183,2017-02-06,1
183,2017-02-13,2
183,2017-03-06,1
183,2017-03-13,1
183,2017-03-27,1
183,2017-04-03,1
183,2017-04-10,1
183,2017-04-17,1
183,2017-04-24,1
183,2017-05-01,1
183,2017-05-08,1
183.0,2015-03-23,1
183.0,2015-04-20,1
183.0,2015-07-13,1
183.0,2015-09-14,1
183.0,2015-09-28,1
183.0,2015-12-14,1
183.0,2016-03-07,1
183.0,2016-04-18,1
183.0,2016-05-09,1
183.0,2016-05-30,1
183.0,2016-06-20,1
183.0,2016-07-04,2
183.0,2016-10-17,2
183.0,2016-12-26,1
183.0,2017-01-09,1
183.0,2017-02-27,1
183.0,2017-03-13,1
183.0,2017-04-17,1
183.0,2017-05-29,1
183.0,2017-06-05,1
183.0,2017-06-12,1
183.0,2017-08-07,1
183.0,2017-09-04,1
184,2015-03-23,1
184,2015-04-06,2
184,2015-04-27,1
184,2015-05-11,2
184,2015-05-25,1
184,2015-06-08,1
184,2015-06-22,2
184,2015-07-20,1
184,2015-07-27,2
184,2015-08-17,3
184,2015-08-24,1
184,2015-08-31,2
184,2015-09-28,1
184,2015-10-12,1
184,2015-10-19,1
184,2015-11-02,1
184,2015-11-09,2
184,2015-11-16,1
184,2015-11-23,1
184,2015-12-07,2
184,2015-12-28,1
184,2016-01-04,1
184,2016-01-25,1
184,2016-02-08,1
184,2016-02-15,1
184,2016-02-29,1
184,2016-03-07,1
184,2016-03-28,1
184,2016-04-04,2
184,2016-04-25,3
184,2016-05-02,1
184,2016-05-09,1
184,2016-05-16,2
184,2016-05-23,3
184,2016-05-30,3
184,2016-06-06,1
184,2016-06-13,2
184,2016-06-20,1
184,2016-06-27,1
184,2016-07-18,2
184,2016-07-25,1
184,2016-08-01,1
184,2016-08-08,2
184,2016-08-15,2
184,2016-08-29,1
184,2016-09-05,2
184,2016-09-12,3
184,2016-09-19,2
184,2016-09-26,4
184,2016-10-10,2
184,2016-10-17,1
184,2016-10-24,1
184,2016-10-31,4
184,2016-11-07,2
184,2016-11-14,5
184,2016-11-21,4
184,2016-11-28,5
184,2016-12-05,3
184,2016-12-12,2
184,2016-12-19,5
184,2016-12-26,1
184,2017-01-09,3
184,2017-01-23,4
184,2017-01-30,4
184,2017-02-06,2
184,2017-02-20,2
184,2017-02-27,2
184,2017-03-06,1
184,2017-03-13,2
184,2017-03-20,1
184,2017-04-03,1
184,2017-04-17,3
184,2017-04-24,3
184,2017-05-01,2
184.0,2015-05-18,1
184.0,2015-05-25,1
184.0,2015-06-01,1
184.0,2015-08-10,2
184.0,2015-10-12,1
184.0,2015-10-26,2
184.0,2015-11-02,1
184.0,2015-11-23,2
184.0,2015-12-07,1
184.0,2015-12-14,1
184.0,2016-04-11,1
184.0,2016-05-16,2
184.0,2016-06-27,1
184.0,2016-07-04,1
184.0,2016-08-01,1
184.0,2016-08-15,1
184.0,2016-08-22,1
184.0,2016-09-19,2
184.0,2016-10-03,1
184.0,2016-10-24,1
184.0,2016-11-07,2
184.0,2016-11-21,1
184.0,2016-12-05,1
184.0,2016-12-12,1
184.0,2016-12-26,2
184.0,2017-01-30,1
184.0,2017-02-06,1
184.0,2017-02-20,1
184.0,2017-03-13,1
184.0,2017-05-08,1
184.0,2017-05-15,2
184.0,2017-05-29,1
184.0,2017-06-05,6
184.0,2017-06-12,2
184.0,2017-06-19,1
184.0,2017-06-26,1
184.0,2017-07-03,1
184.0,2017-07-10,1
184.0,2017-08-07,1
184.0,2017-08-14,1
185,2015-03-23,2
185,2015-03-30,2
185,2015-04-06,1
185,2015-04-13,2
185,2015-04-27,1
185,2015-05-04,2
185,2015-05-11,2
185,2015-05-18,2
185,2015-06-01,1
185,2015-06-08,5
185,2015-06-15,1
185,2015-06-22,1
185,2015-07-06,2
185,2015-07-13,2
185,2015-07-20,2
185,2015-07-27,1
185,2015-08-31,2
185,2015-09-07,1
185,2015-09-14,4
185,2015-09-21,1
185,2015-09-28,3
185,2015-10-26,1
185,2015-11-02,1
185,2015-11-16,1
185,2015-12-07,2
185,2015-12-14,2
185,2015-12-21,2
185,2016-01-11,2
185,2016-01-18,2
185,2016-01-25,1
185,2016-02-01,2
185,2016-02-22,2
185,2016-03-21,2
185,2016-03-28,2
185,2016-04-18,3
185,2016-04-25,2
185,2016-05-02,1
185,2016-05-16,2
185,2016-05-23,1
185,2016-05-30,1
185,2016-06-06,2
185,2016-06-13,1
185,2016-06-27,1
185,2016-07-04,1
185,2016-07-11,1
185,2016-07-18,2
185,2016-07-25,1
185,2016-08-08,2
185,2016-08-29,2
185,2016-09-05,1
185,2016-09-12,2
185,2016-09-19,1
185,2016-10-10,1
185,2016-10-17,1
185,2016-11-14,1
185,2016-11-28,1
185,2016-12-19,1
185,2017-01-02,1
185,2017-01-16,1
185,2017-02-13,1
185,2017-02-20,1
185,2017-02-27,2
185,2017-03-06,1
185,2017-03-13,1
185,2017-03-27,1
185,2017-04-03,1
185,2017-04-10,1
185,2017-04-24,1
185,2017-06-05,1
185.0,2015-03-30,1
185.0,2015-04-20,1
185.0,2015-05-18,1
185.0,2015-06-08,1
185.0,2015-07-06,1
185.0,2015-07-13,1
185.0,2015-07-20,1
185.0,2015-08-17,1
185.0,2015-11-23,1
185.0,2016-01-11,2
185.0,2016-02-01,1
185.0,2016-02-22,1
185.0,2016-04-04,2
185.0,2016-04-25,1
185.0,2016-05-23,1
185.0,2016-05-30,1
185.0,2016-06-13,1
185.0,2016-07-25,1
185.0,2016-09-05,1
185.0,2016-11-07,1
185.0,2016-12-26,1
185.0,2017-02-20,1
185.0,2017-05-15,1
185.0,2017-05-29,1
185.0,2017-06-05,1
185.0,2017-06-12,2
186,2015-03-16,2
186,2015-03-23,2
186,2015-04-06,1
186,2015-04-13,1
186,2015-04-20,1
186,2015-04-27,4
186,2015-05-11,1
186,2015-05-18,1
186,2015-05-25,1
186,2015-06-01,1
186,2015-06-08,2
186,2015-06-22,1
186,2015-07-06,1
186,2015-07-13,2
186,2015-07-27,2
186,2015-08-03,1
186,2015-08-10,2
186,2015-08-17,2
186,2015-08-24,1
186,2015-09-14,5
186,2015-09-21,2
186,2015-09-28,4
186,2015-10-05,2
186,2015-10-12,1
186,2015-11-02,1
186,2015-11-09,3
186,2015-11-23,1
186,2015-12-07,2
186,2015-12-14,1
186,2015-12-28,1
186,2016-01-04,1
186,2016-01-11,2
186,2016-01-18,1
186,2016-01-25,2
186,2016-02-08,1
186,2016-02-22,2
186,2016-02-29,3
186,2016-03-07,1
186,2016-03-14,1
186,2016-03-21,1
186,2016-04-04,3
186,2016-04-11,1
186,2016-04-25,3
186,2016-05-02,1
186,2016-05-09,3
186,2016-05-16,1
186,2016-05-23,3
186,2016-05-30,1
186,2016-06-20,2
186,2016-06-27,1
186,2016-07-04,2
186,2016-07-18,2
186,2016-07-25,3
186,2016-08-01,1
186,2016-08-08,3
186,2016-08-29,2
186,2016-09-05,3
186,2016-09-12,4
186,2016-09-19,2
186,2016-09-26,3
186,2016-10-03,1
186,2016-10-17,1
186,2016-10-24,3
186,2016-11-07,4
186,2016-11-14,1
186,2016-11-21,1
186,2016-11-28,1
186,2016-12-05,1
186,2016-12-12,1
186,2016-12-19,2
186,2016-12-26,1
186,2017-01-09,3
186,2017-01-23,1
186,2017-01-30,1
186,2017-02-06,2
186,2017-02-20,3
186,2017-02-27,5
186,2017-03-06,1
186,2017-03-13,2
186,2017-03-20,2
186,2017-03-27,2
186,2017-04-10,1
186,2017-04-17,2
186,2017-04-24,5
186,2017-05-01,1
186,2017-05-08,1
186,2017-05-29,1
186.0,2015-03-16,1
186.0,2015-06-22,1
186.0,2015-07-06,1
186.0,2015-07-20,1
186.0,2015-08-31,1
186.0,2015-09-14,1
186.0,2015-09-28,1
186.0,2015-11-09,1
186.0,2016-01-04,1
186.0,2016-01-18,1
186.0,2016-01-25,1
186.0,2016-02-01,1
186.0,2016-02-08,1
186.0,2016-02-15,1
186.0,2016-02-22,1
186.0,2016-03-07,1
186.0,2016-05-02,2
186.0,2016-06-13,1
186.0,2016-07-11,1
186.0,2016-08-01,1
186.0,2016-09-19,2
186.0,2016-09-26,1
186.0,2016-10-17,1
186.0,2016-10-24,1
186.0,2016-11-14,1
186.0,2016-11-21,1
186.0,2016-11-28,1
186.0,2017-01-02,1
186.0,2017-01-16,1
186.0,2017-01-30,1
186.0,2017-02-13,1
186.0,2017-02-27,2
186.0,2017-03-27,2
186.0,2017-05-08,2
186.0,2017-05-15,1
186.0,2017-05-22,1
186.0,2017-05-29,1
186.0,2017-06-12,1
186.0,2017-06-19,2
186.0,2017-06-26,1
186.0,2017-07-10,1
186.0,2017-07-17,2
186.0,2017-07-24,1
186.0,2017-07-31,2
187,2015-03-30,4
187,2015-04-06,3
187,2015-04-20,2
187,2015-05-04,1
187,2015-05-11,2
187,2015-05-18,1
187,2015-05-25,1
187,2015-06-08,1
187,2015-06-15,1
187,2015-06-22,1
187,2015-06-29,3
187,2015-07-06,3
187,2015-07-13,1
187,2015-07-27,4
187,2015-08-03,2
187,2015-08-10,1
187,2015-08-24,2
187,2015-08-31,1
187,2015-09-14,1
187,2015-09-21,3
187,2015-09-28,4
187,2015-10-05,3
187,2015-10-19,4
187,2015-10-26,1
187,2015-11-09,1
187,2015-11-16,3
187,2015-11-30,1
187,2015-12-07,1
187,2015-12-14,1
187,2015-12-28,2
187,2016-01-04,1
187,2016-01-11,1
187,2016-01-25,3
187,2016-02-01,4
187,2016-02-08,3
187,2016-02-15,3
187,2016-02-22,1
187,2016-02-29,2
187,2016-03-07,1
187,2016-03-14,1
187,2016-03-21,3
187,2016-03-28,4
187,2016-04-04,2
187,2016-04-11,3
187,2016-04-18,2
187,2016-04-25,2
187,2016-05-02,1
187,2016-05-09,1
187,2016-05-16,1
187,2016-05-23,2
187,2016-05-30,1
187,2016-06-06,1
187,2016-06-13,1
187,2016-06-20,1
187,2016-06-27,4
187,2016-07-04,1
187,2016-07-18,1
187,2016-07-25,1
187,2016-08-01,4
187,2016-08-15,1
187,2016-08-22,2
187,2016-08-29,2
187,2016-09-05,2
187,2016-09-12,3
187,2016-09-19,1
187,2016-09-26,4
187,2016-10-03,2
187,2016-10-10,1
187,2016-10-17,5
187,2016-10-24,3
187,2016-10-31,3
187,2016-11-07,4
187,2016-11-14,4
187,2016-11-21,2
187,2016-11-28,4
187,2016-12-05,1
187,2016-12-12,2
187,2016-12-26,3
187,2017-01-09,2
187,2017-01-16,3
187,2017-01-23,6
187,2017-01-30,3
187,2017-02-06,1
187,2017-02-13,2
187,2017-02-20,4
187,2017-02-27,3
187,2017-03-13,4
187,2017-03-20,3
187,2017-03-27,1
187,2017-04-10,1
187,2017-04-17,2
187,2017-04-24,1
187,2017-05-01,2
187,2017-05-08,1
187,2017-05-15,1
187,2017-05-22,1
187.0,2015-05-25,2
187.0,2015-06-15,1
187.0,2015-06-22,2
187.0,2015-06-29,1
187.0,2015-07-13,1
187.0,2015-07-27,2
187.0,2015-08-24,1
187.0,2015-09-07,2
187.0,2015-10-05,1
187.0,2015-11-30,2
187.0,2015-12-07,2
187.0,2015-12-14,2
187.0,2015-12-21,1
187.0,2015-12-28,1
187.0,2016-01-11,1
187.0,2016-01-18,2
187.0,2016-01-25,2
187.0,2016-02-22,1
187.0,2016-02-29,1
187.0,2016-03-21,1
187.0,2016-03-28,1
187.0,2016-04-25,1
187.0,2016-05-02,1
187.0,2016-05-09,1
187.0,2016-05-16,1
187.0,2016-05-23,1
187.0,2016-06-06,1
187.0,2016-06-13,1
187.0,2016-06-20,1
187.0,2016-07-11,1
187.0,2016-07-18,1
187.0,2016-08-22,1
187.0,2016-09-12,1
187.0,2016-10-31,4
187.0,2016-11-07,1
187.0,2016-11-14,1
187.0,2016-11-21,1
187.0,2016-12-12,1
187.0,2016-12-26,1
187.0,2017-01-09,1
187.0,2017-01-23,1
187.0,2017-01-30,1
187.0,2017-02-13,4
187.0,2017-02-20,1
187.0,2017-03-06,2
187.0,2017-03-13,1
187.0,2017-03-27,1
187.0,2017-05-29,4
187.0,2017-06-05,1
187.0,2017-06-12,1
187.0,2017-06-19,1
187.0,2017-06-26,2
187.0,2017-07-03,4
187.0,2017-07-10,2
187.0,2017-07-17,3
187.0,2017-07-24,5
187.0,2017-07-31,2
187.0,2017-08-28,1
187.0,2017-09-04,1
188,2015-04-13,1
188,2015-04-27,2
188,2015-05-04,2
188,2015-05-11,1
188,2015-06-01,2
188,2015-06-15,1
188,2015-06-29,2
188,2015-07-20,1
188,2015-07-27,1
188,2015-08-17,2
188,2015-09-07,3
188,2015-09-21,2
188,2015-09-28,1
188,2015-10-05,2
188,2015-10-19,1
188,2015-10-26,1
188,2015-11-09,1
188,2015-11-23,1
188,2015-12-28,1
188,2016-01-11,1
188,2016-01-18,1
188,2016-02-08,2
188,2016-02-15,2
188,2016-02-22,1
188,2016-04-18,1
188,2016-04-25,2
188,2016-05-02,2
188,2016-05-09,1
188,2016-05-30,1
188,2016-06-20,2
188,2016-07-04,1
188,2016-07-25,1
188,2016-08-15,2
188,2016-08-22,2
188,2016-08-29,1
188,2016-09-12,2
188,2016-10-03,3
188,2016-10-17,1
188,2016-10-24,1
188,2016-11-14,1
188,2016-12-12,1
188,2016-12-26,1
188,2017-01-16,1
188,2017-01-30,1
188,2017-02-06,2
188,2017-02-27,1
188,2017-03-20,1
188,2017-03-27,1
188,2017-04-10,2
188,2017-04-24,4
188.0,2015-04-27,1
188.0,2015-06-08,1
188.0,2015-10-19,1
188.0,2015-12-28,1
188.0,2016-06-13,1
188.0,2016-06-20,1
188.0,2016-07-25,1
188.0,2016-08-01,1
188.0,2016-09-12,1
188.0,2016-10-10,1
188.0,2017-01-30,1
188.0,2017-02-27,1
188.0,2017-03-06,1
188.0,2017-05-15,2
188.0,2017-06-05,2
188.0,2017-07-10,1
188.0,2017-07-17,1
189,2015-03-16,3
189,2015-03-23,3
189,2015-03-30,5
189,2015-04-06,3
189,2015-04-13,6
189,2015-04-20,3
189,2015-04-27,3
189,2015-05-04,3
189,2015-05-11,8
189,2015-05-18,7
189,2015-05-25,4
189,2015-06-01,1
189,2015-06-08,4
189,2015-06-15,4
189,2015-06-22,4
189,2015-06-29,6
189,2015-07-06,9
189,2015-07-13,1
189,2015-07-20,3
189,2015-07-27,2
189,2015-08-03,1
189,2015-08-10,3
189,2015-08-17,2
189,2015-08-24,8
189,2015-08-31,2
189,2015-09-07,2
189,2015-09-21,5
189,2015-09-28,3
189,2015-10-05,5
189,2015-10-12,3
189,2015-10-19,3
189,2015-10-26,4
189,2015-11-02,2
189,2015-11-09,3
189,2015-11-16,1
189,2015-11-23,4
189,2015-11-30,2
189,2015-12-07,4
189,2015-12-14,4
189,2015-12-21,6
189,2015-12-28,3
189,2016-01-04,7
189,2016-01-11,7
189,2016-01-18,3
189,2016-01-25,3
189,2016-02-01,9
189,2016-02-08,6
189,2016-02-15,3
189,2016-02-22,4
189,2016-02-29,7
189,2016-03-07,5
189,2016-03-14,2
189,2016-03-21,3
189,2016-03-28,8
189,2016-04-04,3
189,2016-04-11,6
189,2016-04-18,2
189,2016-04-25,3
189,2016-05-02,3
189,2016-05-09,5
189,2016-05-16,3
189,2016-05-23,6
189,2016-05-30,4
189,2016-06-06,2
189,2016-06-13,3
189,2016-06-20,6
189,2016-06-27,2
189,2016-07-04,1
189,2016-07-11,9
189,2016-07-18,3
189,2016-07-25,6
189,2016-08-01,5
189,2016-08-08,2
189,2016-08-15,3
189,2016-08-22,4
189,2016-08-29,4
189,2016-09-05,7
189,2016-09-12,7
189,2016-09-19,4
189,2016-09-26,1
189,2016-10-03,1
189,2016-10-10,4
189,2016-10-17,4
189,2016-10-31,6
189,2016-11-07,7
189,2016-11-14,4
189,2016-11-21,5
189,2016-11-28,5
189,2016-12-05,4
189,2016-12-12,4
189,2016-12-19,7
189,2016-12-26,3
189,2017-01-02,5
189,2017-01-09,4
189,2017-01-16,6
189,2017-01-23,5
189,2017-01-30,7
189,2017-02-06,7
189,2017-02-13,10
189,2017-02-20,8
189,2017-02-27,10
189,2017-03-06,9
189,2017-03-13,6
189,2017-03-20,6
189,2017-03-27,6
189,2017-04-03,10
189,2017-04-10,7
189,2017-04-17,5
189,2017-04-24,8
189,2017-05-01,7
189,2017-05-08,6
189,2017-05-15,3
189,2017-05-22,1
189.0,2015-03-16,2
189.0,2015-03-23,3
189.0,2015-04-13,1
189.0,2015-04-20,1
189.0,2015-04-27,3
189.0,2015-05-04,1
189.0,2015-05-11,1
189.0,2015-05-18,1
189.0,2015-06-01,3
189.0,2015-06-08,1
189.0,2015-06-15,1
189.0,2015-06-22,1
189.0,2015-06-29,1
189.0,2015-07-06,2
189.0,2015-07-27,3
189.0,2015-08-31,1
189.0,2015-09-07,2
189.0,2015-09-14,1
189.0,2015-09-21,3
189.0,2015-09-28,2
189.0,2015-10-05,2
189.0,2015-10-12,3
189.0,2015-10-19,1
189.0,2015-11-02,2
189.0,2015-11-09,1
189.0,2015-11-16,1
189.0,2015-11-23,2
189.0,2015-11-30,3
189.0,2015-12-07,2
189.0,2015-12-14,2
189.0,2015-12-21,4
189.0,2016-01-11,5
189.0,2016-01-25,1
189.0,2016-02-01,2
189.0,2016-02-08,2
189.0,2016-02-15,4
189.0,2016-02-22,2
189.0,2016-02-29,3
189.0,2016-03-21,1
189.0,2016-04-04,4
189.0,2016-04-11,2
189.0,2016-04-25,2
189.0,2016-05-09,1
189.0,2016-05-16,2
189.0,2016-05-30,1
189.0,2016-06-06,1
189.0,2016-06-20,1
189.0,2016-06-27,1
189.0,2016-07-04,3
189.0,2016-07-11,2
189.0,2016-07-18,2
189.0,2016-07-25,1
189.0,2016-08-01,1
189.0,2016-08-15,2
189.0,2016-08-22,3
189.0,2016-08-29,1
189.0,2016-09-05,1
189.0,2016-09-12,1
189.0,2016-09-26,1
189.0,2016-10-10,1
189.0,2016-10-17,3
189.0,2016-10-31,1
189.0,2016-11-07,3
189.0,2016-11-14,1
189.0,2016-11-21,2
189.0,2016-11-28,1
189.0,2016-12-05,2
189.0,2016-12-12,2
189.0,2016-12-19,1
189.0,2016-12-26,2
189.0,2017-01-02,1
189.0,2017-01-09,2
189.0,2017-01-16,4
189.0,2017-01-23,6
189.0,2017-01-30,2
189.0,2017-02-06,3
189.0,2017-02-13,4
189.0,2017-02-20,1
189.0,2017-03-06,2
189.0,2017-03-13,6
189.0,2017-03-27,1
189.0,2017-04-10,3
189.0,2017-04-24,1
189.0,2017-05-15,4
189.0,2017-05-22,4
189.0,2017-05-29,8
189.0,2017-06-05,4
189.0,2017-06-12,4
189.0,2017-06-19,6
189.0,2017-06-26,5
189.0,2017-07-03,2
189.0,2017-07-10,4
189.0,2017-07-17,5
189.0,2017-07-24,2
189.0,2017-07-31,3
189.0,2017-08-07,6
189.0,2017-08-14,3
189.0,2017-08-21,1
189.0,2017-09-11,1
189.0,2017-09-25,1
19,2015-05-04,1
19,2015-05-18,1
19,2015-05-25,1
19,2015-06-01,1
19,2015-07-20,2
19,2015-08-17,2
19,2015-08-24,1
19,2015-10-19,1
19,2015-12-14,1
19,2015-12-28,1
19,2016-01-18,2
19,2016-01-25,1
19,2016-02-15,2
19,2016-02-22,1
19,2016-05-30,1
19,2016-06-06,1
19,2016-06-27,1
19,2016-07-25,1
19,2016-08-01,1
19,2016-09-12,1
19,2016-10-31,2
19,2016-11-07,1
19,2016-11-28,1
19,2016-12-05,1
19,2017-01-23,2
19,2017-03-06,1
19,2017-03-20,3
19,2017-04-10,1
19,2017-04-24,1
19.0,2016-01-11,1
19.0,2016-02-15,1
19.0,2016-04-04,1
19.0,2016-06-20,1
19.0,2016-12-12,1
19.0,2017-01-09,2
19.0,2017-03-06,1
19.0,2017-03-13,1
19.0,2017-06-05,1
19.0,2017-07-03,1
190,2015-04-20,1
190,2015-05-04,1
190,2015-05-11,2
190,2015-06-08,1
190,2015-07-13,1
190,2015-08-03,2
190,2015-08-10,1
190,2015-11-09,1
190,2015-12-07,1
190,2015-12-28,1
190,2016-01-11,1
190,2016-02-22,1
190,2016-03-14,1
190,2016-05-09,1
190,2016-06-20,1
190,2016-07-25,1
190,2016-08-01,1
190,2016-08-22,1
190,2016-08-29,1
190,2016-09-12,1
190,2016-09-19,1
190,2016-10-17,1
190,2016-10-24,1
190,2016-10-31,1
190,2016-12-12,1
190,2016-12-26,2
190,2017-01-16,1
190,2017-03-06,2
190,2017-03-13,3
190,2017-04-10,1
190,2017-06-12,2
190.0,2015-08-03,1
190.0,2015-08-17,1
190.0,2016-01-11,2
190.0,2016-02-29,1
190.0,2016-07-18,1
190.0,2016-07-25,1
190.0,2016-09-12,1
190.0,2017-02-27,1
190.0,2017-03-13,1
190.0,2017-05-22,1
190.0,2017-06-19,1
190.0,2017-07-31,2
190.0,2017-08-21,1
190.0,2017-09-04,1
191,2015-04-20,1
191,2015-06-08,1
191,2015-06-15,2
191,2015-07-06,1
191,2015-07-13,4
191,2015-08-10,1
191,2015-08-24,1
191,2015-09-14,2
191,2015-09-21,1
191,2015-09-28,1
191,2015-10-05,1
191,2015-10-19,1
191,2015-11-30,1
191,2015-12-14,1
191,2016-01-04,2
191,2016-01-18,1
191,2016-02-22,2
191,2016-04-18,2
191,2016-05-16,1
191,2016-06-20,1
191,2016-06-27,1
191,2016-08-22,2
191,2016-10-24,1
191,2016-11-14,1
191,2017-01-02,1
191,2017-01-23,1
191,2017-03-13,1
191,2017-04-17,1
191,2017-05-15,1
191.0,2015-04-06,1
191.0,2015-06-08,1
191.0,2015-08-31,1
191.0,2015-11-30,1
191.0,2016-01-18,1
191.0,2016-04-25,1
191.0,2016-10-10,1
191.0,2016-11-14,1
191.0,2016-11-28,1
192,2015-03-16,1
192,2015-03-30,3
192,2015-04-20,1
192,2015-04-27,2
192,2015-05-25,1
192,2015-06-01,1
192,2015-06-08,1
192,2015-06-15,1
192,2015-07-13,1
192,2015-08-03,1
192,2015-08-10,1
192,2015-08-17,2
192,2015-08-31,1
192,2015-09-14,1
192,2015-09-21,1
192,2015-10-12,1
192,2015-11-09,1
192,2015-11-16,1
192,2015-11-23,1
192,2015-11-30,1
192,2016-02-08,1
192,2016-02-22,1
192,2016-03-21,1
192,2016-04-11,1
192,2016-05-02,2
192,2016-05-23,1
192,2016-06-13,1
192,2016-06-20,2
192,2016-06-27,1
192,2016-07-11,1
192,2016-07-18,1
192,2016-08-01,1
192,2016-08-15,1
192,2016-09-19,1
192,2016-10-10,1
192,2016-11-07,2
192,2017-01-23,1
192,2017-03-13,1
192,2017-03-20,1
192.0,2015-07-13,1
192.0,2015-11-30,1
192.0,2015-12-07,1
192.0,2016-02-15,1
192.0,2016-04-04,1
192.0,2016-04-11,1
192.0,2016-05-02,1
192.0,2016-05-16,1
192.0,2016-10-03,1
192.0,2017-04-10,1
192.0,2017-06-26,1
193,2015-03-16,2
193,2015-03-23,2
193,2015-03-30,3
193,2015-04-06,4
193,2015-04-13,3
193,2015-04-27,2
193,2015-05-04,3
193,2015-05-11,5
193,2015-05-18,7
193,2015-05-25,5
193,2015-06-01,1
193,2015-06-08,5
193,2015-06-15,3
193,2015-06-22,8
193,2015-06-29,1
193,2015-07-06,3
193,2015-07-13,4
193,2015-07-20,2
193,2015-07-27,5
193,2015-08-03,2
193,2015-08-10,1
193,2015-08-17,3
193,2015-08-24,3
193,2015-08-31,3
193,2015-09-07,2
193,2015-09-14,3
193,2015-09-21,6
193,2015-09-28,3
193,2015-10-05,1
193,2015-10-12,1
193,2015-10-19,2
193,2015-10-26,5
193,2015-11-02,2
193,2015-11-09,4
193,2015-11-16,3
193,2015-11-23,3
193,2015-11-30,5
193,2015-12-07,3
193,2015-12-14,4
193,2015-12-21,4
193,2015-12-28,6
193,2016-01-04,3
193,2016-01-11,3
193,2016-01-18,3
193,2016-01-25,5
193,2016-02-01,3
193,2016-02-08,4
193,2016-02-15,2
193,2016-02-22,9
193,2016-02-29,4
193,2016-03-07,2
193,2016-03-14,3
193,2016-03-21,5
193,2016-04-04,2
193,2016-04-11,2
193,2016-04-18,2
193,2016-04-25,5
193,2016-05-02,2
193,2016-05-09,3
193,2016-05-16,2
193,2016-05-23,6
193,2016-05-30,2
193,2016-06-06,2
193,2016-06-13,2
193,2016-06-20,3
193,2016-06-27,2
193,2016-07-04,2
193,2016-07-11,2
193,2016-07-18,5
193,2016-07-25,4
193,2016-08-08,5
193,2016-08-15,4
193,2016-08-22,3
193,2016-08-29,2
193,2016-09-05,4
193,2016-09-12,5
193,2016-09-19,3
193,2016-09-26,4
193,2016-10-03,5
193,2016-10-10,4
193,2016-10-17,2
193,2016-10-24,7
193,2016-10-31,5
193,2016-11-07,1
193,2016-11-14,2
193,2016-11-21,3
193,2016-11-28,4
193,2016-12-05,4
193,2016-12-12,3
193,2016-12-19,6
193,2016-12-26,3
193,2017-01-02,2
193,2017-01-09,5
193,2017-01-16,6
193,2017-01-23,4
193,2017-01-30,3
193,2017-02-06,7
193,2017-02-13,3
193,2017-02-20,1
193,2017-02-27,3
193,2017-03-06,4
193,2017-03-13,5
193,2017-03-20,3
193,2017-04-03,4
193,2017-04-10,4
193,2017-04-17,9
193,2017-05-01,5
193,2017-05-08,7
193,2017-05-15,2
193,2017-06-19,1
193.0,2015-03-16,1
193.0,2015-04-20,1
193.0,2015-05-18,1
193.0,2015-06-08,1
193.0,2015-06-29,1
193.0,2015-07-06,1
193.0,2015-07-27,1
193.0,2015-08-03,1
193.0,2015-08-10,1
193.0,2015-09-07,1
193.0,2015-09-14,1
193.0,2015-09-28,2
193.0,2015-10-12,3
193.0,2015-10-19,2
193.0,2015-10-26,2
193.0,2015-11-16,1
193.0,2015-12-14,1
193.0,2015-12-21,1
193.0,2015-12-28,3
193.0,2016-01-11,1
193.0,2016-01-25,1
193.0,2016-02-08,2
193.0,2016-02-22,1
193.0,2016-03-07,1
193.0,2016-03-14,1
193.0,2016-04-18,1
193.0,2016-04-25,1
193.0,2016-05-02,3
193.0,2016-05-09,1
193.0,2016-05-30,1
193.0,2016-06-06,1
193.0,2016-06-13,1
193.0,2016-06-27,1
193.0,2016-07-11,1
193.0,2016-07-18,5
193.0,2016-08-01,2
193.0,2016-08-15,1
193.0,2016-08-22,2
193.0,2016-08-29,1
193.0,2016-09-19,2
193.0,2016-10-17,2
193.0,2016-10-24,2
193.0,2016-10-31,2
193.0,2016-11-07,3
193.0,2016-11-14,3
193.0,2016-11-28,1
193.0,2016-12-19,1
193.0,2016-12-26,1
193.0,2017-01-02,1
193.0,2017-01-16,2
193.0,2017-01-23,3
193.0,2017-02-06,1
193.0,2017-02-27,1
193.0,2017-03-06,1
193.0,2017-03-13,4
193.0,2017-03-20,2
193.0,2017-04-03,1
193.0,2017-05-15,2
193.0,2017-05-22,2
193.0,2017-05-29,5
193.0,2017-06-05,1
193.0,2017-06-12,1
193.0,2017-06-19,3
193.0,2017-06-26,7
193.0,2017-07-03,3
193.0,2017-07-10,3
193.0,2017-07-17,2
193.0,2017-07-24,3
193.0,2017-07-31,1
193.0,2017-08-14,3
193.0,2017-09-04,1
194,2015-03-23,3
194,2015-03-30,1
194,2015-04-06,2
194,2015-04-13,3
194,2015-04-20,1
194,2015-04-27,1
194,2015-05-11,3
194,2015-05-18,2
194,2015-05-25,6
194,2015-06-01,1
194,2015-06-08,3
194,2015-06-15,2
194,2015-06-22,1
194,2015-06-29,1
194,2015-07-13,1
194,2015-07-27,2
194,2015-08-03,1
194,2015-08-10,4
194,2015-08-17,1
194,2015-08-24,3
194,2015-09-07,1
194,2015-09-14,2
194,2015-09-21,1
194,2015-09-28,2
194,2015-10-05,4
194,2015-10-12,4
194,2015-10-19,4
194,2015-10-26,2
194,2015-11-09,2
194,2015-11-16,2
194,2015-11-30,1
194,2015-12-14,1
194,2015-12-21,1
194,2015-12-28,2
194,2016-01-04,2
194,2016-01-11,2
194,2016-01-18,1
194,2016-01-25,4
194,2016-02-01,1
194,2016-02-08,2
194,2016-02-22,5
194,2016-02-29,6
194,2016-03-07,6
194,2016-03-14,3
194,2016-03-21,2
194,2016-03-28,2
194,2016-04-04,4
194,2016-04-11,1
194,2016-04-18,2
194,2016-04-25,7
194,2016-05-16,4
194,2016-05-23,3
194,2016-05-30,3
194,2016-06-13,3
194,2016-06-20,2
194,2016-06-27,2
194,2016-07-04,1
194,2016-07-11,5
194,2016-07-18,4
194,2016-07-25,2
194,2016-08-01,1
194,2016-08-08,1
194,2016-08-22,1
194,2016-09-05,3
194,2016-09-12,3
194,2016-09-19,5
194,2016-09-26,1
194,2016-10-03,3
194,2016-10-10,3
194,2016-10-17,4
194,2016-10-24,2
194,2016-10-31,1
194,2016-11-21,1
194,2016-11-28,2
194,2016-12-05,4
194,2016-12-12,2
194,2016-12-19,1
194,2016-12-26,1
194,2017-01-02,1
194,2017-01-16,1
194,2017-01-23,3
194,2017-01-30,2
194,2017-02-06,3
194,2017-02-13,4
194,2017-02-20,4
194,2017-03-06,1
194,2017-03-13,3
194,2017-03-20,3
194,2017-03-27,3
194,2017-04-03,1
194,2017-04-10,2
194,2017-04-17,1
194,2017-04-24,6
194,2017-05-01,3
194,2017-05-08,1
194,2017-05-29,1
194.0,2015-03-30,2
194.0,2015-05-11,1
194.0,2015-05-18,1
194.0,2015-06-01,1
194.0,2015-06-08,1
194.0,2015-06-22,1
194.0,2015-07-06,1
194.0,2015-07-20,2
194.0,2015-07-27,1
194.0,2015-08-17,1
194.0,2015-09-07,1
194.0,2015-10-05,3
194.0,2015-11-02,1
194.0,2015-11-09,1
194.0,2015-11-16,1
194.0,2015-11-30,1
194.0,2015-12-28,3
194.0,2016-01-04,2
194.0,2016-01-18,3
194.0,2016-01-25,1
194.0,2016-02-08,2
194.0,2016-02-15,1
194.0,2016-02-22,1
194.0,2016-02-29,2
194.0,2016-03-28,1
194.0,2016-04-04,1
194.0,2016-04-11,2
194.0,2016-04-25,3
194.0,2016-05-02,2
194.0,2016-05-09,2
194.0,2016-06-20,1
194.0,2016-07-04,2
194.0,2016-07-11,2
194.0,2016-07-18,2
194.0,2016-08-01,1
194.0,2016-08-22,3
194.0,2016-08-29,2
194.0,2016-09-12,1
194.0,2016-09-19,2
194.0,2016-10-03,1
194.0,2016-10-17,1
194.0,2016-11-07,1
194.0,2016-11-14,2
194.0,2016-12-26,1
194.0,2017-02-06,1
194.0,2017-02-20,1
194.0,2017-02-27,1
194.0,2017-03-20,1
194.0,2017-04-03,1
194.0,2017-04-24,1
194.0,2017-05-08,2
194.0,2017-05-15,3
194.0,2017-05-22,1
194.0,2017-05-29,4
194.0,2017-06-05,1
194.0,2017-06-12,1
194.0,2017-06-19,2
194.0,2017-06-26,5
194.0,2017-07-03,3
194.0,2017-07-10,2
194.0,2017-07-17,4
194.0,2017-07-24,2
194.0,2017-07-31,1
194.0,2017-08-07,1
194.0,2017-08-14,1
194.0,2017-08-21,1
194.0,2017-08-28,2
195,2015-03-23,2
195,2015-04-13,1
195,2015-04-20,1
195,2015-05-04,2
195,2015-05-11,1
195,2015-05-25,1
195,2015-07-06,2
195,2015-07-13,2
195,2015-07-20,3
195,2015-07-27,1
195,2015-08-03,1
195,2015-08-10,1
195,2015-08-24,2
195,2015-08-31,2
195,2015-09-07,1
195,2015-09-14,2
195,2015-09-21,1
195,2015-10-05,2
195,2015-11-02,1
195,2015-11-09,1
195,2015-11-30,2
195,2015-12-21,1
195,2016-01-11,1
195,2016-02-01,1
195,2016-02-08,1
195,2016-02-15,1
195,2016-02-22,1
195,2016-03-07,1
195,2016-04-11,1
195,2016-04-18,1
195,2016-05-09,1
195,2016-06-06,1
195,2016-06-20,1
195,2016-07-11,1
195,2016-07-25,1
195,2016-08-08,1
195,2016-08-15,1
195,2016-08-22,1
195,2016-09-19,1
195,2016-10-10,1
195,2016-10-17,2
195,2016-10-24,1
195,2016-11-28,2
195,2016-12-05,1
195,2016-12-19,1
195,2016-12-26,1
195,2017-01-02,2
195,2017-01-16,1
195,2017-01-23,1
195,2017-01-30,1
195,2017-02-06,2
195,2017-02-13,3
195,2017-02-20,1
195,2017-02-27,2
195,2017-03-06,1
195,2017-03-13,1
195,2017-03-27,1
195,2017-04-10,1
195.0,2015-09-14,1
195.0,2015-10-12,1
195.0,2015-10-19,1
195.0,2015-12-07,1
195.0,2016-01-11,2
195.0,2016-03-28,1
195.0,2016-04-04,1
195.0,2016-07-11,1
195.0,2016-07-18,1
195.0,2016-08-08,1
195.0,2016-10-31,1
195.0,2016-12-05,1
195.0,2017-02-06,1
195.0,2017-03-06,1
195.0,2017-05-15,1
195.0,2017-05-29,1
195.0,2017-07-03,2
195.0,2017-07-10,1
195.0,2017-07-24,2
195.0,2017-07-31,1
195.0,2017-08-14,1
196,2015-05-11,1
196,2015-06-01,1
196,2015-07-06,1
196,2015-07-13,1
196,2015-09-14,1
196,2015-09-21,1
196,2015-11-09,1
196,2015-11-23,1
196,2015-12-07,1
196,2016-01-11,1
196,2016-02-15,1
196,2016-02-22,1
196,2016-04-25,1
196,2016-05-09,1
196,2016-06-27,1
196,2016-07-11,1
196,2016-10-10,1
196,2016-10-17,1
196,2016-10-24,1
196,2016-11-21,1
196,2017-01-30,1
196,2017-02-27,1
196.0,2015-05-04,1
196.0,2015-06-01,1
196.0,2015-06-22,2
196.0,2015-08-31,1
196.0,2016-05-23,1
196.0,2016-09-05,1
196.0,2017-03-06,1
196.0,2017-08-28,1
197,2015-03-23,4
197,2015-03-30,1
197,2015-04-06,3
197,2015-04-13,1
197,2015-04-20,5
197,2015-04-27,1
197,2015-05-04,1
197,2015-05-18,1
197,2015-05-25,4
197,2015-06-01,2
197,2015-06-15,2
197,2015-06-22,4
197,2015-06-29,1
197,2015-07-06,1
197,2015-07-13,5
197,2015-07-20,2
197,2015-08-03,2
197,2015-08-10,2
197,2015-08-17,3
197,2015-08-24,2
197,2015-08-31,1
197,2015-09-07,1
197,2015-09-14,2
197,2015-09-21,4
197,2015-10-05,3
197,2015-10-19,5
197,2015-10-26,4
197,2015-11-02,4
197,2015-11-09,3
197,2015-11-16,2
197,2015-11-30,6
197,2015-12-07,4
197,2015-12-14,5
197,2015-12-21,1
197,2015-12-28,1
197,2016-01-04,3
197,2016-01-18,2
197,2016-01-25,10
197,2016-02-01,5
197,2016-02-08,1
197,2016-02-15,3
197,2016-02-22,2
197,2016-02-29,4
197,2016-03-07,2
197,2016-03-14,4
197,2016-03-21,2
197,2016-03-28,2
197,2016-04-04,5
197,2016-04-11,3
197,2016-04-18,4
197,2016-05-02,3
197,2016-05-09,1
197,2016-05-16,3
197,2016-05-30,3
197,2016-06-06,4
197,2016-06-13,1
197,2016-06-20,1
197,2016-06-27,1
197,2016-07-04,3
197,2016-07-11,1
197,2016-07-25,3
197,2016-08-01,4
197,2016-08-08,2
197,2016-08-15,3
197,2016-08-29,4
197,2016-09-05,3
197,2016-09-12,3
197,2016-09-19,2
197,2016-09-26,3
197,2016-10-10,4
197,2016-10-17,4
197,2016-10-24,3
197,2016-10-31,8
197,2016-11-07,2
197,2016-11-14,1
197,2016-11-21,1
197,2016-11-28,6
197,2016-12-05,3
197,2016-12-12,2
197,2016-12-19,4
197,2016-12-26,2
197,2017-01-02,6
197,2017-01-09,6
197,2017-01-16,3
197,2017-01-23,7
197,2017-01-30,1
197,2017-02-06,1
197,2017-02-13,4
197,2017-02-20,3
197,2017-02-27,4
197,2017-03-06,2
197,2017-03-13,2
197,2017-03-20,2
197,2017-03-27,2
197,2017-04-03,1
197,2017-04-10,2
197,2017-04-17,3
197,2017-05-01,6
197,2017-05-08,3
197,2017-05-15,1
197,2017-05-29,1
197,2017-06-05,1
197.0,2015-03-23,1
197.0,2015-04-20,2
197.0,2015-05-04,1
197.0,2015-05-25,1
197.0,2015-06-01,2
197.0,2015-06-15,1
197.0,2015-07-06,1
197.0,2015-07-13,1
197.0,2015-07-27,3
197.0,2015-08-03,1
197.0,2015-08-31,1
197.0,2015-09-14,3
197.0,2015-09-28,3
197.0,2015-10-12,2
197.0,2015-11-02,1
197.0,2015-11-09,1
197.0,2015-11-16,1
197.0,2015-11-23,1
197.0,2015-12-14,1
197.0,2015-12-21,1
197.0,2015-12-28,1
197.0,2016-01-04,1
197.0,2016-01-18,3
197.0,2016-01-25,2
197.0,2016-02-01,2
197.0,2016-02-08,3
197.0,2016-02-15,1
197.0,2016-02-22,1
197.0,2016-03-07,1
197.0,2016-03-14,1
197.0,2016-03-21,1
197.0,2016-04-11,1
197.0,2016-04-18,1
197.0,2016-04-25,2
197.0,2016-05-02,1
197.0,2016-05-16,2
197.0,2016-05-23,1
197.0,2016-06-06,2
197.0,2016-07-18,1
197.0,2016-07-25,1
197.0,2016-08-01,1
197.0,2016-08-08,1
197.0,2016-08-15,1
197.0,2016-08-22,2
197.0,2016-08-29,1
197.0,2016-09-05,2
197.0,2016-09-12,1
197.0,2016-10-10,1
197.0,2016-10-17,3
197.0,2016-10-24,1
197.0,2016-10-31,2
197.0,2016-11-14,3
197.0,2016-11-28,2
197.0,2016-12-05,2
197.0,2016-12-12,1
197.0,2016-12-19,1
197.0,2016-12-26,3
197.0,2017-01-02,1
197.0,2017-01-09,2
197.0,2017-01-23,3
197.0,2017-01-30,4
197.0,2017-02-06,1
197.0,2017-02-13,1
197.0,2017-02-27,1
197.0,2017-03-13,1
197.0,2017-03-27,1
197.0,2017-04-03,1
197.0,2017-05-15,3
197.0,2017-05-22,1
197.0,2017-05-29,5
197.0,2017-06-05,1
197.0,2017-06-12,6
197.0,2017-06-19,2
197.0,2017-06-26,3
197.0,2017-07-03,2
197.0,2017-07-10,4
197.0,2017-07-17,1
197.0,2017-07-24,4
197.0,2017-07-31,3
197.0,2017-08-14,2
197.0,2017-08-28,2
198,2015-03-16,1
198,2015-03-30,3
198,2015-04-06,2
198,2015-04-13,2
198,2015-04-20,2
198,2015-04-27,5
198,2015-05-11,4
198,2015-05-18,1
198,2015-05-25,1
198,2015-06-01,1
198,2015-06-08,3
198,2015-06-15,2
198,2015-06-22,4
198,2015-07-06,1
198,2015-07-13,1
198,2015-07-20,1
198,2015-07-27,2
198,2015-08-03,3
198,2015-08-10,4
198,2015-08-17,3
198,2015-08-24,2
198,2015-08-31,7
198,2015-09-07,1
198,2015-09-14,4
198,2015-09-21,3
198,2015-09-28,5
198,2015-10-05,4
198,2015-10-12,2
198,2015-10-19,4
198,2015-10-26,2
198,2015-11-02,1
198,2015-11-09,1
198,2015-11-16,2
198,2015-11-23,4
198,2015-11-30,2
198,2015-12-07,5
198,2015-12-21,1
198,2015-12-28,4
198,2016-01-04,2
198,2016-01-11,4
198,2016-01-18,3
198,2016-01-25,1
198,2016-02-01,2
198,2016-02-08,5
198,2016-02-22,5
198,2016-02-29,4
198,2016-03-07,4
198,2016-03-14,1
198,2016-03-21,1
198,2016-03-28,1
198,2016-04-04,1
198,2016-04-18,1
198,2016-05-02,4
198,2016-05-09,5
198,2016-05-16,2
198,2016-05-23,2
198,2016-05-30,2
198,2016-06-06,2
198,2016-06-20,1
198,2016-06-27,1
198,2016-07-04,2
198,2016-07-18,2
198,2016-07-25,3
198,2016-08-01,2
198,2016-08-08,4
198,2016-08-15,2
198,2016-08-22,1
198,2016-08-29,2
198,2016-09-12,2
198,2016-09-26,2
198,2016-10-03,4
198,2016-10-10,3
198,2016-10-24,3
198,2016-10-31,2
198,2016-11-07,1
198,2016-11-14,1
198,2016-11-21,2
198,2016-11-28,2
198,2016-12-05,1
198,2016-12-12,1
198,2016-12-26,1
198,2017-01-02,1
198,2017-01-16,2
198,2017-01-30,2
198,2017-02-06,5
198,2017-02-13,4
198,2017-02-20,3
198,2017-03-06,1
198,2017-03-13,3
198,2017-03-20,3
198,2017-03-27,2
198,2017-04-03,1
198,2017-04-10,2
198,2017-04-17,2
198,2017-04-24,3
198,2017-05-01,1
198,2017-05-08,4
198.0,2015-03-23,2
198.0,2015-03-30,2
198.0,2015-04-13,1
198.0,2015-04-20,1
198.0,2015-05-11,1
198.0,2015-05-25,1
198.0,2015-06-01,2
198.0,2015-07-06,1
198.0,2015-07-20,1
198.0,2015-08-24,2
198.0,2015-08-31,1
198.0,2015-09-14,1
198.0,2015-09-21,1
198.0,2015-10-05,1
198.0,2015-10-12,1
198.0,2015-10-26,1
198.0,2015-11-02,1
198.0,2015-11-09,1
198.0,2015-11-16,2
198.0,2015-11-23,1
198.0,2015-11-30,1
198.0,2015-12-21,1
198.0,2015-12-28,2
198.0,2016-01-25,1
198.0,2016-02-08,1
198.0,2016-02-15,1
198.0,2016-02-22,1
198.0,2016-02-29,2
198.0,2016-03-14,1
198.0,2016-04-18,1
198.0,2016-04-25,1
198.0,2016-05-02,1
198.0,2016-08-01,2
198.0,2016-08-08,1
198.0,2016-08-29,1
198.0,2016-09-05,2
198.0,2016-09-19,1
198.0,2016-09-26,1
198.0,2016-10-10,1
198.0,2016-10-24,1
198.0,2016-11-14,1
198.0,2016-12-19,1
198.0,2017-01-09,1
198.0,2017-01-16,1
198.0,2017-01-30,1
198.0,2017-03-06,2
198.0,2017-04-03,1
198.0,2017-05-01,1
198.0,2017-05-15,2
198.0,2017-05-22,1
198.0,2017-05-29,1
198.0,2017-06-05,1
198.0,2017-06-12,4
198.0,2017-06-19,1
198.0,2017-06-26,3
198.0,2017-07-03,2
198.0,2017-07-10,1
198.0,2017-07-17,1
198.0,2017-07-24,4
198.0,2017-07-31,4
198.0,2017-08-28,2
199,2015-04-27,1
199,2015-05-11,1
199,2015-06-01,1
199,2015-06-22,1
199,2015-07-13,1
199,2015-09-14,1
199,2015-11-30,1
199,2016-01-18,1
199,2016-03-14,1
199,2016-07-11,1
199,2016-08-01,1
199,2016-08-29,1
199,2016-10-17,2
199,2016-11-14,1
199,2016-12-05,1
199,2016-12-12,1
199,2017-01-09,1
199,2017-02-27,1
199,2017-03-20,1
199,2017-04-17,1
199,2017-04-24,1
199,2017-05-01,1
199.0,2015-05-04,1
199.0,2016-08-08,1
199.0,2016-10-31,1
199.0,2016-12-26,1
199.0,2017-05-22,1
199.0,2017-07-10,2
2,2015-10-12,2
2,2015-10-19,1
2,2015-10-26,29
2,2015-11-02,36
2,2015-11-09,10
2,2015-11-16,2
2,2015-12-07,12
2,2015-12-28,6
2,2016-01-04,8
2,2016-01-11,1
2,2016-01-18,1
2,2016-09-19,1
2,2016-11-07,1
2,2016-12-12,1
2,2017-02-27,1
2,2017-04-03,2
2,2017-05-01,1
2.0,2015-10-19,2
2.0,2015-10-26,7
2.0,2015-11-02,4
2.0,2015-11-09,2
2.0,2015-12-14,1
2.0,2015-12-28,1
2.0,2016-01-18,2
2.0,2016-08-08,1
2.0,2016-10-10,1
20,2015-07-06,1
20,2015-09-07,1
20,2015-10-26,1
20,2015-11-16,1
20,2016-01-04,1
20,2016-02-01,1
20,2016-02-22,2
20,2016-04-04,1
20,2016-06-20,2
20,2016-10-10,4
20,2016-11-07,1
20,2016-12-05,8
20,2016-12-12,3
20,2017-01-30,3
20.0,2015-08-17,1
20.0,2016-10-10,2
20.0,2016-10-17,1
20.0,2016-11-07,1
20.0,2017-01-30,2
20.0,2017-06-05,2
20.0,2017-07-03,1
200,2015-03-23,2
200,2015-04-06,2
200,2015-05-18,2
200,2015-06-22,1
200,2015-07-20,1
200,2015-07-27,1
200,2015-08-03,1
200,2015-08-17,1
200,2015-10-05,1
200,2015-11-09,1
200,2015-11-30,1
200,2016-02-08,1
200,2016-03-21,1
200,2016-04-11,1
200,2016-06-06,2
200,2016-09-12,1
200,2016-09-26,1
200,2016-10-24,2
200,2016-11-14,1
200,2016-11-21,1
200,2016-12-05,2
200,2017-01-30,3
200,2017-02-06,1
200,2017-02-13,1
200,2017-02-20,1
200,2017-02-27,1
200,2017-03-20,1
200,2017-04-17,1
200,2017-04-24,3
200,2017-05-01,3
200,2017-05-08,3
200.0,2015-11-09,1
200.0,2016-10-03,1
200.0,2016-10-17,1
200.0,2016-10-31,1
200.0,2017-01-09,1
200.0,2017-01-23,2
200.0,2017-01-30,3
200.0,2017-02-13,1
200.0,2017-02-20,1
200.0,2017-03-13,1
200.0,2017-03-20,2
200.0,2017-05-08,1
200.0,2017-05-29,1
200.0,2017-06-05,1
200.0,2017-06-12,1
200.0,2017-06-19,2
200.0,2017-07-03,2
200.0,2017-07-17,1
200.0,2017-07-31,2
200.0,2017-08-07,1
200.0,2017-08-14,1
201,2015-03-16,1
201,2015-03-23,1
201,2015-04-13,2
201,2015-04-27,1
201,2015-05-04,1
201,2015-05-18,1
201,2015-08-10,1
201,2015-09-07,1
201,2015-10-12,1
201,2015-10-26,1
201,2015-11-02,2
201,2015-11-30,1
201,2015-12-21,1
201,2016-01-11,1
201,2016-01-18,2
201,2016-02-29,1
201,2016-03-07,1
201,2016-03-14,1
201,2016-04-04,1
201,2016-05-02,1
201,2016-05-09,1
201,2016-08-01,1
201,2016-09-12,2
201,2016-09-26,1
201,2017-02-06,1
201,2017-02-13,1
201,2017-03-13,1
201,2017-03-27,1
201,2017-04-17,1
201.0,2015-09-07,1
201.0,2015-10-05,1
201.0,2015-11-09,1
201.0,2015-11-30,1
201.0,2016-01-25,1
201.0,2016-08-08,1
201.0,2016-10-10,1
201.0,2016-12-12,1
201.0,2017-01-23,1
201.0,2017-05-22,1
201.0,2017-07-03,1
202,2015-03-16,2
202,2015-03-23,4
202,2015-03-30,3
202,2015-04-06,4
202,2015-04-13,1
202,2015-04-20,3
202,2015-05-04,1
202,2015-05-11,1
202,2015-05-25,2
202,2015-06-15,1
202,2015-06-22,2
202,2015-07-06,1
202,2015-07-27,1
202,2015-08-03,1
202,2015-08-10,2
202,2015-08-17,1
202,2015-09-07,2
202,2015-09-14,2
202,2015-09-21,1
202,2015-10-05,1
202,2015-10-12,3
202,2015-11-02,1
202,2015-11-09,1
202,2015-11-16,3
202,2015-12-14,1
202,2015-12-21,1
202,2016-01-04,1
202,2016-01-18,1
202,2016-01-25,1
202,2016-02-01,1
202,2016-02-08,1
202,2016-02-29,3
202,2016-03-14,1
202,2016-03-21,1
202,2016-04-04,2
202,2016-04-18,2
202,2016-04-25,3
202,2016-05-02,1
202,2016-05-09,1
202,2016-05-16,1
202,2016-05-30,2
202,2016-06-27,1
202,2016-07-04,2
202,2016-07-11,1
202,2016-07-25,1
202,2016-08-01,2
202,2016-09-05,1
202,2016-09-19,2
202,2016-09-26,1
202,2016-10-10,1
202,2016-10-24,1
202,2016-10-31,1
202,2016-11-14,2
202,2016-11-28,1
202,2016-12-05,1
202,2016-12-19,1
202,2017-01-02,1
202,2017-01-09,2
202,2017-01-23,1
202,2017-01-30,2
202,2017-02-06,2
202,2017-02-20,1
202,2017-03-06,2
202,2017-03-13,2
202,2017-04-10,3
202,2017-04-24,2
202,2017-05-08,3
202,2017-05-15,1
202.0,2015-03-23,1
202.0,2015-03-30,2
202.0,2015-04-06,1
202.0,2015-05-25,1
202.0,2015-06-22,1
202.0,2015-07-06,1
202.0,2015-07-27,1
202.0,2015-08-10,1
202.0,2015-08-17,1
202.0,2015-08-31,1
202.0,2015-09-07,1
202.0,2015-09-14,1
202.0,2015-10-19,1
202.0,2015-11-23,2
202.0,2015-11-30,1
202.0,2016-01-11,1
202.0,2016-02-08,1
202.0,2016-02-22,1
202.0,2016-06-27,1
202.0,2016-07-11,1
202.0,2016-08-08,1
202.0,2016-08-15,1
202.0,2016-09-12,2
202.0,2016-09-26,1
202.0,2016-10-03,1
202.0,2016-10-17,1
202.0,2016-10-24,1
202.0,2017-05-08,1
202.0,2017-05-29,1
202.0,2017-06-05,1
202.0,2017-06-12,1
202.0,2017-06-19,2
202.0,2017-07-03,1
202.0,2017-07-10,2
202.0,2017-07-24,3
203,2015-03-16,1
203,2015-03-23,4
203,2015-03-30,1
203,2015-04-06,1
203,2015-04-13,1
203,2015-04-20,2
203,2015-04-27,1
203,2015-05-04,2
203,2015-05-11,4
203,2015-05-18,2
203,2015-05-25,1
203,2015-06-01,4
203,2015-06-08,2
203,2015-06-15,2
203,2015-06-22,3
203,2015-06-29,2
203,2015-07-06,8
203,2015-07-13,5
203,2015-07-20,1
203,2015-07-27,5
203,2015-08-03,1
203,2015-08-10,2
203,2015-08-24,3
203,2015-09-07,4
203,2015-09-14,1
203,2015-09-21,2
203,2015-09-28,2
203,2015-10-05,1
203,2015-10-26,1
203,2015-11-02,1
203,2015-11-09,1
203,2015-11-23,1
203,2015-12-07,2
203,2015-12-14,2
203,2015-12-21,2
203,2015-12-28,1
203,2016-01-04,1
203,2016-01-18,1
203,2016-01-25,5
203,2016-02-01,1
203,2016-02-08,3
203,2016-02-15,1
203,2016-02-22,2
203,2016-02-29,4
203,2016-03-07,3
203,2016-03-14,2
203,2016-03-21,2
203,2016-03-28,1
203,2016-04-11,3
203,2016-04-18,2
203,2016-04-25,2
203,2016-05-02,2
203,2016-05-09,1
203,2016-05-16,1
203,2016-05-30,2
203,2016-06-06,2
203,2016-06-13,1
203,2016-06-27,4
203,2016-07-04,2
203,2016-07-18,1
203,2016-08-01,3
203,2016-08-08,1
203,2016-08-15,1
203,2016-08-22,1
203,2016-09-05,1
203,2016-09-12,1
203,2016-09-19,1
203,2016-09-26,2
203,2016-10-03,1
203,2016-10-17,6
203,2016-10-24,1
203,2016-11-14,1
203,2016-11-28,3
203,2016-12-05,3
203,2016-12-19,1
203,2017-01-02,1
203,2017-01-09,3
203,2017-01-16,1
203,2017-01-23,1
203,2017-01-30,4
203,2017-02-20,4
203,2017-03-06,2
203,2017-03-13,1
203,2017-03-20,3
203,2017-03-27,1
203,2017-04-03,4
203,2017-04-10,1
203,2017-04-17,2
203,2017-04-24,1
203,2017-05-01,3
203,2017-05-08,1
203,2017-05-15,1
203.0,2015-05-04,1
203.0,2015-05-11,1
203.0,2015-06-01,1
203.0,2015-06-15,1
203.0,2015-09-14,1
203.0,2015-09-28,1
203.0,2015-10-12,2
203.0,2015-10-19,1
203.0,2015-10-26,1
203.0,2015-11-09,2
203.0,2015-11-23,1
203.0,2016-02-01,1
203.0,2016-02-08,1
203.0,2016-03-07,1
203.0,2016-03-14,1
203.0,2016-04-18,1
203.0,2016-05-30,1
203.0,2016-06-06,1
203.0,2016-07-04,1
203.0,2016-07-25,1
203.0,2016-08-15,1
203.0,2016-09-12,1
203.0,2016-09-26,1
203.0,2016-10-10,1
203.0,2016-10-17,1
203.0,2016-11-14,2
203.0,2016-12-19,1
203.0,2016-12-26,1
203.0,2017-01-02,1
203.0,2017-01-16,1
203.0,2017-02-06,1
203.0,2017-05-15,2
203.0,2017-05-22,3
203.0,2017-06-05,1
203.0,2017-06-12,1
203.0,2017-06-19,2
203.0,2017-06-26,2
203.0,2017-07-03,2
203.0,2017-07-10,2
203.0,2017-07-31,1
203.0,2017-08-07,1
204,2015-04-06,2
204,2015-04-27,1
204,2015-06-22,1
204,2015-06-29,1
204,2015-07-06,1
204,2015-07-13,1
204,2015-08-17,3
204,2015-08-24,2
204,2015-09-14,1
204,2015-09-21,1
204,2015-09-28,1
204,2015-10-05,1
204,2015-11-09,1
204,2015-11-23,1
204,2015-12-21,1
204,2015-12-28,1
204,2016-01-04,1
204,2016-03-07,1
204,2016-03-14,1
204,2016-03-21,1
204,2016-03-28,1
204,2016-04-04,1
204,2016-04-25,1
204,2016-05-02,1
204,2016-05-09,1
204,2016-05-16,1
204,2016-05-30,1
204,2016-06-20,1
204,2016-06-27,1
204,2016-07-11,1
204,2016-07-18,1
204,2016-07-25,1
204,2016-09-12,1
204,2016-09-19,1
204,2016-09-26,1
204,2016-10-03,1
204,2016-10-10,1
204,2016-10-17,1
204,2016-11-14,2
204,2016-11-28,3
204,2016-12-12,2
204,2016-12-26,1
204,2017-01-02,1
204,2017-01-30,3
204,2017-02-13,2
204,2017-02-20,1
204,2017-03-06,2
204,2017-03-27,3
204,2017-04-03,1
204,2017-04-24,1
204,2017-05-01,1
204,2017-05-08,1
204.0,2015-06-08,1
204.0,2015-08-24,1
204.0,2015-09-07,1
204.0,2016-01-04,1
204.0,2016-04-25,1
204.0,2016-05-30,1
204.0,2016-07-04,1
204.0,2016-07-18,1
204.0,2016-12-12,1
204.0,2017-02-20,2
204.0,2017-04-03,1
204.0,2017-05-15,1
204.0,2017-06-12,1
204.0,2017-07-17,1
204.0,2017-07-31,1
205,2015-03-23,1
205,2015-03-30,1
205,2015-04-06,2
205,2015-04-20,1
205,2015-04-27,1
205,2015-05-18,3
205,2015-05-25,1
205,2015-06-01,1
205,2015-06-08,1
205,2015-06-15,1
205,2015-07-27,1
205,2015-08-10,2
205,2015-08-17,1
205,2015-09-28,1
205,2015-10-05,1
205,2015-10-12,2
205,2015-10-26,1
205,2015-11-02,1
205,2015-12-07,1
205,2016-01-11,1
205,2016-02-08,1
205,2016-02-15,1
205,2016-02-22,1
205,2016-03-07,1
205,2016-03-14,1
205,2016-03-21,1
205,2016-03-28,2
205,2016-05-02,2
205,2016-05-09,1
205,2016-05-16,1
205,2016-06-06,1
205,2016-06-27,1
205,2016-07-11,2
205,2016-07-18,1
205,2016-08-01,1
205,2016-09-12,1
205,2016-09-26,2
205,2016-10-03,1
205,2016-10-10,1
205,2016-11-21,5
205,2016-12-05,1
205,2017-01-16,1
205,2017-01-23,1
205,2017-01-30,2
205,2017-03-06,2
205,2017-03-20,1
205,2017-04-03,1
205,2017-04-10,1
205,2017-04-17,3
205,2017-05-01,5
205,2017-05-08,3
205,2017-05-15,2
205,2017-07-10,1
205.0,2015-04-20,1
205.0,2015-04-27,1
205.0,2015-05-18,2
205.0,2015-06-01,1
205.0,2015-06-08,2
205.0,2015-07-20,1
205.0,2015-10-12,1
205.0,2016-02-15,3
205.0,2016-04-18,1
205.0,2016-10-24,1
205.0,2017-02-27,1
205.0,2017-03-06,1
205.0,2017-05-01,1
205.0,2017-05-15,4
205.0,2017-05-22,1
205.0,2017-06-12,5
205.0,2017-06-19,1
205.0,2017-06-26,1
205.0,2017-07-03,2
205.0,2017-07-10,5
205.0,2017-08-07,1
205.0,2017-08-21,1
206,2015-04-13,1
206,2015-04-27,1
206,2015-05-25,1
206,2015-06-15,1
206,2015-06-29,1
206,2015-07-13,1
206,2015-08-03,1
206,2015-08-17,2
206,2015-08-24,3
206,2015-08-31,2
206,2015-09-14,1
206,2015-10-19,1
206,2015-11-02,1
206,2015-11-09,1
206,2015-11-16,2
206,2015-11-30,1
206,2015-12-07,1
206,2015-12-28,1
206,2016-01-11,1
206,2016-01-18,2
206,2016-03-07,1
206,2016-03-14,2
206,2016-03-21,1
206,2016-03-28,1
206,2016-04-11,1
206,2016-04-18,1
206,2016-04-25,1
206,2016-05-09,1
206,2016-05-30,1
206,2016-06-06,1
206,2016-06-13,1
206,2016-07-04,3
206,2016-08-08,4
206,2016-09-19,1
206,2016-09-26,1
206,2016-10-24,1
206,2016-11-14,1
206,2016-11-21,1
206,2016-12-12,1
206,2016-12-26,1
206,2017-01-23,1
206,2017-02-06,1
206,2017-02-13,1
206,2017-02-20,1
206,2017-02-27,1
206,2017-03-06,1
206,2017-03-13,2
206,2017-03-20,3
206,2017-03-27,4
206,2017-04-03,1
206,2017-04-10,1
206,2017-04-17,2
206,2017-04-24,3
206,2017-05-08,1
206,2017-05-15,2
206,2017-05-29,1
206.0,2015-06-01,1
206.0,2015-06-15,1
206.0,2015-08-31,1
206.0,2015-09-28,1
206.0,2015-10-05,2
206.0,2015-10-19,1
206.0,2015-11-23,1
206.0,2015-11-30,1
206.0,2015-12-14,1
206.0,2016-02-22,1
206.0,2016-04-18,1
206.0,2016-04-25,1
206.0,2016-05-30,1
206.0,2016-11-07,1
206.0,2016-11-28,1
206.0,2016-12-19,1
206.0,2017-01-23,1
206.0,2017-03-20,1
206.0,2017-05-22,6
206.0,2017-06-05,2
206.0,2017-06-12,1
206.0,2017-06-19,3
206.0,2017-06-26,1
206.0,2017-07-03,1
206.0,2017-07-10,4
206.0,2017-07-17,1
206.0,2017-07-24,3
206.0,2017-07-31,3
206.0,2017-08-07,1
206.0,2017-09-11,1
207,2015-06-08,1
207,2015-09-21,1
207,2016-07-25,1
207,2016-11-14,1
207,2016-12-12,1
207,2016-12-19,1
207,2017-01-16,2
207,2017-02-20,1
207,2017-03-06,1
207,2017-03-27,4
207,2017-04-24,3
207,2017-05-01,4
207.0,2016-06-20,1
207.0,2016-12-12,1
207.0,2017-02-20,2
207.0,2017-05-01,1
207.0,2017-05-29,2
207.0,2017-07-24,1
207.0,2017-07-31,1
207.0,2017-08-14,2
208,2015-04-06,1
208,2015-06-01,4
208,2015-08-03,1
208,2015-08-17,1
208,2015-10-05,1
208,2015-11-16,1
208,2015-12-21,1
208,2015-12-28,1
208,2016-01-04,1
208,2016-02-08,1
208,2016-02-15,1
208,2016-03-21,1
208,2016-04-04,1
208,2016-04-18,1
208,2016-05-02,1
208,2016-05-23,1
208,2016-08-01,1
208,2016-08-08,1
208,2016-10-10,1
208,2016-10-17,2
208,2016-12-05,1
208,2017-01-23,1
208,2017-02-06,1
208,2017-03-06,1
208,2017-03-27,1
208,2017-04-10,1
208,2017-05-15,1
208,2017-06-05,1
208.0,2015-09-07,1
208.0,2015-10-19,1
208.0,2016-01-18,1
208.0,2016-02-15,1
208.0,2016-11-21,1
208.0,2017-05-15,1
208.0,2017-06-19,2
208.0,2017-06-26,2
208.0,2017-07-10,2
208.0,2017-07-31,1
208.0,2017-08-07,1
208.0,2017-08-21,1
209,2015-05-18,1
209,2015-06-01,1
209,2015-06-08,1
209,2015-06-22,1
209,2015-09-07,1
209,2015-10-19,1
209,2015-11-09,1
209,2015-12-21,1
209,2016-05-02,1
209,2016-06-20,1
209,2016-08-01,1
209,2016-09-19,1
209,2016-12-26,1
209,2017-01-09,1
209,2017-02-06,1
209,2017-03-13,1
209,2017-04-10,1
209,2017-04-17,4
209,2017-04-24,1
209,2017-05-01,1
209,2017-05-08,1
209,2017-05-22,1
209.0,2015-06-15,1
209.0,2015-07-27,1
209.0,2015-09-28,1
209.0,2015-10-26,1
209.0,2015-12-07,1
209.0,2016-01-11,1
209.0,2016-04-11,1
209.0,2016-05-09,1
209.0,2016-10-31,1
209.0,2017-02-13,2
209.0,2017-03-20,1
209.0,2017-05-01,1
209.0,2017-05-29,1
209.0,2017-06-05,1
209.0,2017-06-26,2
209.0,2017-07-24,1
209.0,2017-08-14,1
21,2015-04-13,1
21,2015-05-11,1
21,2015-05-18,3
21,2015-05-25,2
21,2015-06-08,3
21,2015-06-15,2
21,2015-06-22,1
21,2015-06-29,1
21,2015-07-06,1
21,2015-07-20,2
21,2015-08-03,1
21,2015-08-10,2
21,2015-08-17,1
21,2015-08-24,1
21,2015-08-31,1
21,2015-09-07,1
21,2015-09-21,3
21,2015-09-28,1
21,2015-10-12,1
21,2015-10-19,2
21,2015-10-26,3
21,2015-11-16,1
21,2015-11-23,1
21,2015-12-07,2
21,2015-12-14,1
21,2016-01-04,2
21,2016-01-25,1
21,2016-02-08,3
21,2016-02-29,2
21,2016-03-07,3
21,2016-04-11,1
21,2016-04-18,1
21,2016-04-25,2
21,2016-05-23,1
21,2016-05-30,1
21,2016-06-06,1
21,2016-06-13,1
21,2016-06-27,1
21,2016-07-11,1
21,2016-07-25,1
21,2016-08-01,3
21,2016-08-22,1
21,2016-08-29,1
21,2016-09-19,3
21,2016-09-26,2
21,2016-10-03,1
21,2016-11-07,2
21,2016-11-21,1
21,2016-11-28,1
21,2016-12-05,1
21,2016-12-12,1
21,2016-12-19,2
21,2016-12-26,3
21,2017-01-02,1
21,2017-01-09,2
21,2017-01-23,1
21,2017-02-06,2
21,2017-02-13,2
21,2017-02-20,3
21,2017-02-27,1
21,2017-03-06,1
21,2017-03-20,3
21,2017-03-27,3
21,2017-04-03,2
21,2017-04-10,2
21,2017-04-17,2
21,2017-04-24,4
21,2017-05-01,1
21,2017-05-08,1
21,2017-05-15,1
21.0,2015-06-29,1
21.0,2015-10-05,1
21.0,2015-10-26,1
21.0,2015-11-09,1
21.0,2015-11-16,1
21.0,2015-11-30,2
21.0,2015-12-07,2
21.0,2015-12-14,1
21.0,2016-01-04,1
21.0,2016-01-11,1
21.0,2016-01-25,1
21.0,2016-02-08,1
21.0,2016-03-14,1
21.0,2016-03-28,1
21.0,2016-05-09,1
21.0,2016-05-16,1
21.0,2016-07-25,1
21.0,2016-08-22,1
21.0,2016-10-31,1
21.0,2016-11-14,1
21.0,2016-11-21,1
21.0,2016-12-26,1
21.0,2017-02-06,1
21.0,2017-05-01,1
21.0,2017-05-15,2
21.0,2017-05-29,2
21.0,2017-06-05,1
21.0,2017-06-12,1
21.0,2017-06-19,1
21.0,2017-07-03,1
21.0,2017-07-10,2
21.0,2017-07-17,5
21.0,2017-07-24,1
21.0,2017-07-31,3
21.0,2017-08-14,1
21.0,2017-08-21,1
210,2015-03-16,2
210,2015-03-23,4
210,2015-03-30,6
210,2015-04-06,5
210,2015-04-13,9
210,2015-04-20,4
210,2015-04-27,6
210,2015-05-04,11
210,2015-05-11,6
210,2015-05-18,8
210,2015-05-25,8
210,2015-06-01,10
210,2015-06-08,7
210,2015-06-15,5
210,2015-06-22,9
210,2015-06-29,3
210,2015-07-06,9
210,2015-07-13,5
210,2015-07-20,8
210,2015-07-27,2
210,2015-08-03,3
210,2015-08-10,3
210,2015-08-17,4
210,2015-08-24,4
210,2015-08-31,11
210,2015-09-07,5
210,2015-09-14,8
210,2015-09-21,1
210,2015-09-28,4
210,2015-10-05,5
210,2015-10-12,1
210,2015-10-19,4
210,2015-10-26,5
210,2015-11-02,5
210,2015-11-09,3
210,2015-11-16,2
210,2015-11-23,1
210,2015-11-30,4
210,2015-12-07,3
210,2015-12-14,1
210,2015-12-21,4
210,2015-12-28,2
210,2016-01-04,10
210,2016-01-11,4
210,2016-01-18,10
210,2016-01-25,2
210,2016-02-01,5
210,2016-02-08,5
210,2016-02-15,8
210,2016-02-22,4
210,2016-02-29,3
210,2016-03-07,9
210,2016-03-14,4
210,2016-03-21,3
210,2016-03-28,5
210,2016-04-04,7
210,2016-04-11,5
210,2016-04-18,7
210,2016-04-25,3
210,2016-05-02,7
210,2016-05-09,6
210,2016-05-16,4
210,2016-05-23,7
210,2016-05-30,3
210,2016-06-06,5
210,2016-06-13,4
210,2016-06-20,4
210,2016-06-27,3
210,2016-07-04,2
210,2016-07-11,1
210,2016-07-18,12
210,2016-07-25,7
210,2016-08-01,8
210,2016-08-08,7
210,2016-08-15,4
210,2016-08-22,9
210,2016-08-29,3
210,2016-09-05,5
210,2016-09-12,5
210,2016-09-19,5
210,2016-09-26,4
210,2016-10-03,4
210,2016-10-10,5
210,2016-10-17,1
210,2016-10-24,8
210,2016-10-31,5
210,2016-11-07,4
210,2016-11-14,6
210,2016-11-21,3
210,2016-11-28,10
210,2016-12-05,5
210,2016-12-12,4
210,2016-12-19,4
210,2016-12-26,5
210,2017-01-02,6
210,2017-01-09,3
210,2017-01-16,7
210,2017-01-23,8
210,2017-01-30,2
210,2017-02-06,9
210,2017-02-13,10
210,2017-02-20,8
210,2017-03-06,9
210,2017-03-13,5
210,2017-03-20,5
210,2017-03-27,6
210,2017-04-03,12
210,2017-04-10,3
210,2017-04-17,7
210,2017-04-24,9
210,2017-05-01,9
210,2017-05-08,5
210,2017-05-15,9
210.0,2015-03-16,1
210.0,2015-03-23,1
210.0,2015-04-06,1
210.0,2015-04-13,1
210.0,2015-04-20,3
210.0,2015-05-18,1
210.0,2015-06-01,2
210.0,2015-06-08,2
210.0,2015-06-15,2
210.0,2015-06-29,3
210.0,2015-07-06,1
210.0,2015-07-20,2
210.0,2015-08-03,2
210.0,2015-08-10,1
210.0,2015-08-31,1
210.0,2015-09-14,3
210.0,2015-09-21,1
210.0,2015-09-28,2
210.0,2015-10-05,1
210.0,2015-10-12,1
210.0,2015-10-19,1
210.0,2015-11-09,1
210.0,2015-11-16,1
210.0,2015-11-30,2
210.0,2015-12-07,1
210.0,2015-12-14,1
210.0,2015-12-21,1
210.0,2015-12-28,2
210.0,2016-01-04,2
210.0,2016-01-18,2
210.0,2016-01-25,1
210.0,2016-02-01,1
210.0,2016-02-08,2
210.0,2016-02-15,3
210.0,2016-02-22,3
210.0,2016-02-29,2
210.0,2016-03-07,2
210.0,2016-03-14,1
210.0,2016-04-04,1
210.0,2016-04-11,1
210.0,2016-04-25,1
210.0,2016-05-02,1
210.0,2016-05-09,2
210.0,2016-05-16,3
210.0,2016-06-06,2
210.0,2016-06-27,1
210.0,2016-07-04,2
210.0,2016-07-18,2
210.0,2016-07-25,1
210.0,2016-08-01,4
210.0,2016-08-08,3
210.0,2016-08-15,2
210.0,2016-08-22,1
210.0,2016-08-29,2
210.0,2016-09-05,1
210.0,2016-09-12,1
210.0,2016-09-19,1
210.0,2016-09-26,3
210.0,2016-10-03,3
210.0,2016-10-10,3
210.0,2016-10-17,1
210.0,2016-10-24,4
210.0,2016-10-31,2
210.0,2016-11-07,1
210.0,2016-11-14,1
210.0,2016-11-21,1
210.0,2016-12-05,2
210.0,2016-12-12,3
210.0,2016-12-19,2
210.0,2017-01-02,1
210.0,2017-01-09,3
210.0,2017-01-16,3
210.0,2017-01-23,2
210.0,2017-01-30,3
210.0,2017-02-06,1
210.0,2017-02-13,6
210.0,2017-02-20,2
210.0,2017-02-27,4
210.0,2017-03-06,2
210.0,2017-03-13,1
210.0,2017-03-20,1
210.0,2017-03-27,4
210.0,2017-04-03,1
210.0,2017-04-10,1
210.0,2017-04-17,1
210.0,2017-04-24,1
210.0,2017-05-01,1
210.0,2017-05-15,9
210.0,2017-05-22,8
210.0,2017-05-29,10
210.0,2017-06-05,13
210.0,2017-06-12,5
210.0,2017-06-19,10
210.0,2017-06-26,5
210.0,2017-07-03,5
210.0,2017-07-10,12
210.0,2017-07-17,7
210.0,2017-07-24,8
210.0,2017-07-31,3
210.0,2017-08-07,2
210.0,2017-08-21,5
210.0,2017-09-04,5
211,2015-05-11,2
211,2015-06-15,1
211,2015-09-14,1
211,2015-12-28,2
211,2016-01-18,1
211,2016-02-29,1
211,2016-04-04,1
211,2016-05-16,2
211,2016-08-15,1
211,2016-09-12,1
211,2016-09-26,1
211,2016-10-17,1
211,2016-11-07,1
211,2016-11-14,1
211,2016-12-26,1
211,2017-01-09,6
211,2017-01-30,1
211,2017-02-13,1
211,2017-02-20,1
211,2017-02-27,2
211,2017-03-20,1
211,2017-04-24,5
211,2017-05-08,1
211,2017-05-15,1
211,2017-06-05,3
211.0,2015-09-07,1
211.0,2015-10-19,1
211.0,2016-11-07,1
211.0,2017-01-09,2
211.0,2017-02-20,2
211.0,2017-03-27,1
211.0,2017-05-15,1
211.0,2017-05-22,1
211.0,2017-06-05,3
211.0,2017-06-12,7
211.0,2017-06-19,2
211.0,2017-07-03,1
211.0,2017-07-17,3
211.0,2017-07-24,1
211.0,2017-08-14,1
211.0,2017-08-21,2
211.0,2017-08-28,1
212,2015-04-20,1
212,2015-04-27,1
212,2015-06-29,1
212,2015-07-13,1
212,2015-07-20,2
212,2015-08-03,1
212,2015-08-10,1
212,2015-09-07,1
212,2015-10-05,1
212,2015-10-19,1
212,2015-11-02,1
212,2015-11-09,1
212,2015-12-14,1
212,2016-01-11,2
212,2016-02-22,1
212,2016-02-29,1
212,2016-03-07,1
212,2016-03-14,1
212,2016-05-30,1
212,2016-06-06,1
212,2016-07-04,1
212,2016-07-11,1
212,2016-08-22,1
212,2016-10-31,1
212,2016-11-28,1
212,2017-01-30,1
212,2017-02-13,1
212,2017-02-27,1
212,2017-03-20,1
212,2017-04-03,1
212,2017-04-24,1
212,2017-05-01,1
212.0,2015-03-16,1
212.0,2015-05-11,1
212.0,2015-06-01,1
212.0,2015-08-10,1
212.0,2015-08-24,1
212.0,2015-11-02,2
212.0,2015-11-09,1
212.0,2016-07-04,1
212.0,2016-08-29,1
212.0,2016-09-26,1
212.0,2017-01-23,1
212.0,2017-02-27,1
212.0,2017-03-13,1
212.0,2017-05-15,1
212.0,2017-05-29,1
212.0,2017-06-05,1
212.0,2017-06-19,1
212.0,2017-06-26,1
212.0,2017-08-14,2
213,2015-05-04,1
213,2015-06-01,1
213,2015-07-06,1
213,2015-07-27,1
213,2015-09-07,1
213,2015-10-05,1
213,2015-10-26,1
213,2015-12-14,1
213,2015-12-28,2
213,2016-01-04,1
213,2016-01-18,1
213,2016-01-25,2
213,2016-02-08,1
213,2016-02-29,1
213,2016-03-14,1
213,2016-03-28,1
213,2016-04-18,3
213,2016-04-25,2
213,2016-05-02,2
213,2016-05-09,3
213,2016-05-16,1
213,2016-05-23,3
213,2016-05-30,1
213,2016-06-06,2
213,2016-06-13,2
213,2016-06-20,4
213,2016-06-27,1
213,2016-07-04,3
213,2016-07-11,1
213,2016-07-18,4
213,2016-07-25,4
213,2016-08-01,1
213,2016-08-08,1
213,2016-08-15,1
213,2016-08-29,1
213,2016-09-05,1
213,2016-10-03,3
213,2016-10-24,1
213,2016-11-14,1
213,2016-12-05,1
213,2016-12-12,4
213,2017-01-30,1
213,2017-02-13,1
213,2017-02-20,1
213,2017-02-27,2
213,2017-04-03,1
213,2017-04-10,1
213,2017-04-17,1
213,2017-04-24,1
213.0,2015-06-01,1
213.0,2015-08-03,2
213.0,2015-12-07,1
213.0,2016-01-18,1
213.0,2016-03-07,1
213.0,2016-05-09,2
213.0,2016-06-20,1
213.0,2016-07-04,1
213.0,2016-07-18,1
213.0,2016-07-25,1
213.0,2016-08-01,1
213.0,2016-08-29,1
213.0,2016-09-05,1
213.0,2016-11-14,1
213.0,2017-02-06,1
213.0,2017-02-13,1
213.0,2017-03-06,1
213.0,2017-05-15,1
213.0,2017-06-19,1
213.0,2017-07-03,1
213.0,2017-07-10,1
214,2015-07-13,1
214,2015-08-17,1
214,2015-09-07,1
214,2016-03-07,1
214,2017-03-27,1
214,2017-04-03,1
214,2017-04-10,1
214,2017-04-24,1
214,2017-05-08,2
214,2017-05-15,1
214,2017-06-05,1
214.0,2016-12-12,1
214.0,2017-03-20,1
214.0,2017-03-27,2
214.0,2017-05-22,6
214.0,2017-05-29,7
214.0,2017-06-05,5
214.0,2017-08-07,1
214.0,2017-08-14,1
214.0,2017-09-04,1
214.0,2017-10-30,1
215,2015-03-23,2
215,2015-04-06,1
215,2015-04-20,1
215,2015-05-04,2
215,2015-05-18,1
215,2015-05-25,1
215,2015-06-08,1
215,2015-06-15,3
215,2015-07-06,1
215,2015-08-03,1
215,2015-08-10,1
215,2015-08-24,1
215,2015-09-07,1
215,2015-09-14,1
215,2015-09-21,1
215,2015-10-12,1
215,2015-10-26,3
215,2015-11-02,1
215,2015-11-23,1
215,2015-11-30,1
215,2015-12-14,1
215,2015-12-28,2
215,2016-01-11,3
215,2016-01-25,1
215,2016-02-01,1
215,2016-02-15,1
215,2016-02-29,1
215,2016-03-07,1
215,2016-03-21,1
215,2016-04-11,1
215,2016-04-18,2
215,2016-04-25,2
215,2016-05-02,2
215,2016-05-09,1
215,2016-05-16,3
215,2016-05-23,1
215,2016-05-30,1
215,2016-06-06,1
215,2016-06-13,1
215,2016-06-20,3
215,2016-07-04,1
215,2016-07-11,3
215,2016-07-18,1
215,2016-07-25,3
215,2016-08-01,1
215,2016-08-08,1
215,2016-08-22,2
215,2016-08-29,3
215,2016-09-05,2
215,2016-09-12,1
215,2016-09-19,1
215,2016-09-26,2
215,2016-10-24,2
215,2016-10-31,1
215,2016-11-14,1
215,2016-11-28,3
215,2016-12-19,2
215,2017-01-02,3
215,2017-01-09,3
215,2017-01-16,2
215,2017-02-06,4
215,2017-02-13,2
215,2017-03-06,1
215,2017-03-13,3
215,2017-03-20,4
215,2017-03-27,2
215,2017-04-03,3
215,2017-04-10,1
215,2017-04-17,1
215,2017-04-24,1
215,2017-05-01,3
215,2017-05-08,1
215,2017-05-15,2
215,2017-05-22,1
215,2017-05-29,1
215.0,2015-03-23,1
215.0,2015-04-13,1
215.0,2015-06-08,1
215.0,2015-06-15,1
215.0,2015-06-22,1
215.0,2015-07-13,1
215.0,2015-08-31,2
215.0,2015-10-05,1
215.0,2015-10-19,4
215.0,2015-11-23,2
215.0,2015-12-07,1
215.0,2016-05-09,1
215.0,2016-06-06,1
215.0,2016-07-11,1
215.0,2016-07-18,1
215.0,2016-07-25,1
215.0,2016-08-01,2
215.0,2016-08-15,1
215.0,2016-10-31,2
215.0,2016-11-14,1
215.0,2016-12-05,2
215.0,2017-01-09,1
215.0,2017-01-30,1
215.0,2017-02-13,1
215.0,2017-04-03,1
215.0,2017-04-10,1
215.0,2017-05-01,1
215.0,2017-05-08,1
215.0,2017-05-15,3
215.0,2017-06-05,2
215.0,2017-06-12,3
215.0,2017-06-19,1
215.0,2017-06-26,3
215.0,2017-07-10,3
215.0,2017-07-17,1
215.0,2017-07-31,2
215.0,2017-08-14,1
215.0,2017-09-04,1
216,2015-04-13,3
216,2015-06-01,4
216,2015-08-03,17
216,2015-09-07,4
216,2015-10-05,3
216,2015-10-12,27
216,2015-10-19,6
216,2015-10-26,2
216,2015-11-02,4
216,2016-06-06,1
216,2016-09-05,1
216,2016-10-31,1
216,2017-02-06,1
216,2017-03-13,2
216,2017-05-08,2
216,2017-05-29,1
216.0,2015-08-03,5
216.0,2015-10-05,1
216.0,2015-10-12,5
216.0,2015-10-19,2
216.0,2015-11-02,1
216.0,2016-03-14,1
216.0,2016-06-13,1
216.0,2017-04-03,1
216.0,2017-05-08,1
216.0,2017-05-22,3
216.0,2017-06-12,1
216.0,2017-06-26,1
216.0,2017-08-07,1
217,2015-03-16,1
217,2015-03-30,1
217,2015-05-04,1
217,2015-05-25,2
217,2015-06-08,1
217,2015-06-29,2
217,2015-07-20,1
217,2015-11-02,1
217,2015-11-09,1
217,2015-11-23,1
217,2015-11-30,1
217,2015-12-21,1
217,2015-12-28,1
217,2016-03-07,1
217,2016-03-21,1
217,2016-04-04,1
217,2016-04-11,1
217,2016-05-09,1
217,2016-05-30,1
217,2016-07-25,1
217,2016-08-01,2
217,2016-08-29,1
217,2016-09-26,2
217,2016-10-03,1
217,2016-10-17,1
217,2016-10-24,1
217,2016-11-14,1
217,2016-11-21,2
217,2016-11-28,1
217,2016-12-19,1
217,2017-01-02,1
217,2017-02-06,1
217,2017-03-06,1
217,2017-03-27,1
217,2017-04-10,1
217,2017-04-17,1
217,2017-04-24,1
217,2017-06-05,1
217.0,2015-05-25,1
217.0,2016-02-01,1
217.0,2016-04-11,1
217.0,2016-08-08,1
217.0,2016-11-14,1
217.0,2017-01-16,1
217.0,2017-01-23,1
217.0,2017-02-06,1
217.0,2017-02-20,2
217.0,2017-04-10,1
217.0,2017-05-22,1
217.0,2017-06-05,3
217.0,2017-06-19,1
217.0,2017-06-26,2
217.0,2017-07-10,2
217.0,2017-07-24,1
217.0,2017-07-31,1
217.0,2017-08-14,3
217.0,2017-08-21,1
218,2015-09-07,1
218,2015-12-21,1
218,2016-02-29,2
218,2016-06-13,1
218,2017-05-15,1
218.0,2015-06-15,1
218.0,2015-06-29,1
218.0,2017-06-12,1
218.0,2017-06-19,18
218.0,2017-07-03,3
218.0,2017-07-17,1
219,2015-03-23,1
219,2015-04-13,1
219,2015-04-27,1
219,2015-05-25,1
219,2015-07-06,1
219,2015-07-13,1
219,2015-07-27,1
219,2015-10-12,1
219,2016-02-29,2
219,2016-04-11,1
219,2016-05-30,1
219,2016-06-20,1
219,2016-07-25,1
219,2016-10-03,1
219,2016-10-17,1
219,2016-10-24,2
219,2016-11-07,1
219,2017-01-30,1
219,2017-04-10,1
219.0,2015-03-16,1
219.0,2015-11-30,1
219.0,2016-05-30,1
219.0,2016-10-10,1
219.0,2017-05-22,1
219.0,2017-06-12,4
219.0,2017-07-31,2
22,2015-07-13,1
22,2015-11-23,1
22,2015-12-21,2
22,2016-02-22,1
22,2016-03-21,1
22,2016-04-11,1
22,2016-05-16,1
22,2016-06-13,1
22,2016-06-27,1
22,2016-08-08,1
22,2016-08-15,2
22,2016-08-22,3
22,2016-08-29,1
22,2016-09-12,1
22,2016-10-10,1
22,2016-10-24,1
22,2016-10-31,1
22,2016-12-12,1
22,2016-12-19,1
22,2017-01-09,1
22,2017-01-30,2
22,2017-02-13,1
22,2017-02-20,1
22,2017-03-06,1
22,2017-04-03,2
22,2017-04-17,1
22,2017-04-24,1
22,2017-05-01,1
22,2017-05-08,3
22,2017-06-19,1
22,2017-07-03,1
22.0,2015-07-13,1
22.0,2015-11-23,1
22.0,2016-02-22,1
22.0,2016-06-20,1
22.0,2016-07-11,1
22.0,2016-07-18,1
22.0,2016-07-25,1
22.0,2016-08-29,1
22.0,2016-10-10,1
22.0,2016-10-31,1
22.0,2017-01-02,1
22.0,2017-05-22,2
22.0,2017-06-05,3
22.0,2017-06-12,3
22.0,2017-06-19,3
22.0,2017-06-26,2
22.0,2017-07-10,3
22.0,2017-07-17,2
22.0,2017-07-24,1
22.0,2017-07-31,2
22.0,2017-08-14,1
22.0,2017-09-04,1
220,2015-07-27,1
220,2015-08-10,1
220,2015-09-07,1
220,2015-10-12,1
220,2015-12-21,1
220,2016-02-15,1
220,2016-03-28,1
220,2016-04-11,1
220,2016-04-18,2
220,2016-06-13,1
220,2016-08-29,1
220,2016-09-05,1
220,2017-02-13,3
220,2017-02-20,1
220,2017-02-27,1
220,2017-03-20,2
220,2017-04-03,1
220,2017-04-24,1
220,2017-05-08,1
220,2017-05-15,1
220.0,2015-10-05,1
220.0,2016-06-27,1
220.0,2016-07-04,1
220.0,2017-04-03,1
220.0,2017-05-15,2
220.0,2017-06-12,1
220.0,2017-07-10,1
221,2015-09-21,2
221,2015-12-28,1
221,2016-02-15,2
221,2016-03-14,1
221,2016-05-30,2
221,2016-07-11,1
221,2016-09-26,4
221,2016-10-03,2
221,2016-10-10,5
221,2016-11-21,1
221,2016-12-05,2
221,2017-01-02,3
221,2017-02-27,3
221,2017-03-20,2
221,2017-03-27,1
221,2017-04-03,3
221,2017-04-24,2
221,2017-05-01,8
221.0,2015-11-02,1
221.0,2016-09-26,1
221.0,2016-10-10,3
221.0,2016-10-24,1
221.0,2016-12-05,1
221.0,2017-03-27,1
221.0,2017-05-01,1
221.0,2017-07-31,3
221.0,2017-08-07,2
222,2015-04-06,1
222,2015-04-20,2
222,2015-05-25,3
222,2015-06-01,1
222,2015-06-08,1
222,2015-07-06,1
222,2015-07-13,1
222,2015-08-03,1
222,2015-08-17,1
222,2015-08-24,2
222,2015-08-31,2
222,2015-09-28,1
222,2015-10-19,1
222,2015-11-02,1
222,2015-11-30,1
222,2016-02-01,1
222,2016-03-07,1
222,2016-05-09,1
222,2016-05-30,1
222,2016-07-04,2
222,2016-07-25,2
222,2016-08-01,1
222,2016-09-26,1
222,2016-10-03,1
222,2016-12-12,1
222,2017-01-16,1
222,2017-02-06,1
222,2017-04-17,1
222,2017-04-24,1
222.0,2015-07-13,2
222.0,2015-07-27,1
222.0,2016-02-01,1
222.0,2016-08-22,1
222.0,2017-01-30,1
222.0,2017-05-22,2
222.0,2017-05-29,1
222.0,2017-06-12,3
222.0,2017-06-26,1
222.0,2017-07-03,1
222.0,2017-07-17,2
222.0,2017-07-31,1
223,2015-04-06,1
223,2015-10-26,1
223,2016-03-21,1
223,2016-04-04,1
223,2016-06-13,1
223,2016-07-04,1
223,2016-07-11,1
223,2016-08-22,1
223,2016-09-12,2
223,2016-09-26,1
223,2016-10-10,1
223,2016-10-17,3
223,2017-01-30,1
223,2017-02-27,1
223,2017-03-13,1
223,2017-05-08,1
223.0,2015-06-29,1
223.0,2015-11-02,1
223.0,2016-05-23,1
223.0,2016-08-01,1
223.0,2016-09-26,2
223.0,2016-10-10,2
223.0,2017-05-15,1
223.0,2017-06-26,1
223.0,2017-07-17,1
224,2015-03-16,2
224,2015-03-23,4
224,2015-04-06,1
224,2015-04-20,1
224,2015-04-27,3
224,2015-05-11,1
224,2015-05-18,1
224,2015-05-25,1
224,2015-06-22,3
224,2015-07-06,2
224,2015-07-13,1
224,2015-07-20,1
224,2015-07-27,3
224,2015-08-03,3
224,2015-08-10,2
224,2015-08-24,1
224,2015-08-31,2
224,2015-09-14,3
224,2015-09-21,4
224,2015-09-28,1
224,2015-10-05,4
224,2015-10-12,2
224,2015-10-19,2
224,2015-10-26,2
224,2015-11-02,2
224,2015-11-16,3
224,2015-11-23,1
224,2015-11-30,1
224,2015-12-14,1
224,2015-12-21,2
224,2016-01-04,1
224,2016-01-11,1
224,2016-01-18,1
224,2016-02-08,1
224,2016-02-29,1
224,2016-03-07,1
224,2016-03-21,1
224,2016-03-28,3
224,2016-04-04,1
224,2016-04-11,1
224,2016-04-18,1
224,2016-04-25,3
224,2016-05-02,1
224,2016-05-09,2
224,2016-05-16,2
224,2016-05-23,2
224,2016-06-06,1
224,2016-06-13,3
224,2016-06-20,2
224,2016-06-27,2
224,2016-07-04,1
224,2016-08-01,1
224,2016-08-08,1
224,2016-08-15,1
224,2016-08-22,3
224,2016-08-29,3
224,2016-09-12,1
224,2016-09-19,2
224,2016-09-26,3
224,2016-10-17,3
224,2016-10-24,1
224,2016-10-31,4
224,2016-11-14,1
224,2016-11-21,1
224,2016-11-28,1
224,2016-12-12,3
224,2016-12-19,1
224,2017-01-02,1
224,2017-01-16,2
224,2017-01-23,1
224,2017-01-30,3
224,2017-02-06,3
224,2017-02-13,1
224,2017-02-20,2
224,2017-02-27,2
224,2017-03-06,2
224,2017-03-13,5
224,2017-03-20,2
224,2017-04-03,3
224,2017-04-10,1
224,2017-04-17,1
224.0,2015-06-08,1
224.0,2015-07-27,1
224.0,2015-09-07,1
224.0,2015-10-05,1
224.0,2015-10-12,1
224.0,2015-10-26,1
224.0,2015-12-28,1
224.0,2016-01-11,1
224.0,2016-02-15,1
224.0,2016-02-29,1
224.0,2016-03-07,1
224.0,2016-03-21,1
224.0,2016-03-28,1
224.0,2016-04-04,2
224.0,2016-04-11,1
224.0,2016-04-18,1
224.0,2016-05-23,1
224.0,2016-08-29,1
224.0,2016-10-24,1
224.0,2016-10-31,1
224.0,2016-11-14,1
224.0,2016-11-28,1
224.0,2016-12-05,1
224.0,2017-01-02,1
224.0,2017-01-16,1
224.0,2017-02-06,1
224.0,2017-04-03,1
224.0,2017-04-10,2
224.0,2017-05-15,1
224.0,2017-05-22,2
224.0,2017-05-29,1
224.0,2017-06-05,2
224.0,2017-06-12,1
224.0,2017-06-19,1
224.0,2017-07-10,1
224.0,2017-07-17,1
224.0,2017-07-31,2
224.0,2017-08-07,1
224.0,2017-08-14,1
224.0,2017-08-21,1
224.0,2017-09-11,1
225,2015-03-16,1
225,2015-03-23,2
225,2015-03-30,1
225,2015-04-13,2
225,2015-04-20,2
225,2015-04-27,3
225,2015-05-04,9
225,2015-05-11,2
225,2015-05-18,9
225,2015-05-25,1
225,2015-06-01,1
225,2015-06-08,5
225,2015-06-15,4
225,2015-06-29,1
225,2015-07-06,9
225,2015-07-13,6
225,2015-07-20,2
225,2015-08-03,3
225,2015-08-10,6
225,2015-08-17,4
225,2015-08-24,6
225,2015-08-31,1
225,2015-09-07,5
225,2015-09-14,2
225,2015-09-21,5
225,2015-10-05,3
225,2015-10-12,4
225,2015-10-19,2
225,2015-10-26,3
225,2015-11-02,4
225,2015-11-09,3
225,2015-11-16,2
225,2015-11-23,2
225,2015-11-30,1
225,2015-12-07,6
225,2015-12-14,3
225,2015-12-21,3
225,2015-12-28,5
225,2016-01-04,1
225,2016-01-11,1
225,2016-01-18,2
225,2016-01-25,1
225,2016-02-01,3
225,2016-02-08,1
225,2016-02-22,2
225,2016-02-29,6
225,2016-03-07,1
225,2016-03-14,2
225,2016-03-21,1
225,2016-03-28,2
225,2016-04-04,4
225,2016-04-11,4
225,2016-04-18,4
225,2016-04-25,1
225,2016-05-02,3
225,2016-05-09,5
225,2016-05-16,1
225,2016-05-23,4
225,2016-05-30,4
225,2016-06-06,4
225,2016-06-13,1
225,2016-06-20,4
225,2016-06-27,4
225,2016-07-04,1
225,2016-07-11,5
225,2016-07-18,3
225,2016-07-25,1
225,2016-08-01,2
225,2016-08-08,5
225,2016-08-15,3
225,2016-08-22,1
225,2016-08-29,2
225,2016-09-05,1
225,2016-09-12,1
225,2016-09-26,2
225,2016-10-03,3
225,2016-10-10,1
225,2016-10-17,6
225,2016-10-24,3
225,2016-10-31,2
225,2016-11-07,5
225,2016-11-14,8
225,2016-11-21,2
225,2016-11-28,3
225,2016-12-05,2
225,2016-12-12,1
225,2016-12-19,4
225,2016-12-26,3
225,2017-01-02,4
225,2017-01-09,1
225,2017-01-16,3
225,2017-01-23,4
225,2017-01-30,5
225,2017-02-06,1
225,2017-02-13,4
225,2017-02-20,10
225,2017-02-27,6
225,2017-03-06,4
225,2017-03-13,4
225,2017-03-20,2
225,2017-03-27,6
225,2017-04-03,8
225,2017-04-10,3
225,2017-04-17,4
225,2017-04-24,14
225,2017-05-01,6
225,2017-05-08,8
225,2017-05-15,3
225,2017-05-29,5
225,2017-06-12,2
225,2017-06-19,4
225,2017-06-26,1
225,2017-07-10,1
225.0,2015-03-23,1
225.0,2015-04-06,1
225.0,2015-05-11,1
225.0,2015-06-22,1
225.0,2015-06-29,1
225.0,2015-07-06,4
225.0,2015-07-13,1
225.0,2015-08-03,1
225.0,2015-08-24,1
225.0,2015-08-31,2
225.0,2015-09-07,2
225.0,2015-09-14,1
225.0,2015-09-21,2
225.0,2015-10-19,3
225.0,2015-11-09,4
225.0,2015-12-07,1
225.0,2015-12-21,1
225.0,2015-12-28,1
225.0,2016-01-04,1
225.0,2016-01-11,1
225.0,2016-01-18,1
225.0,2016-01-25,1
225.0,2016-02-15,2
225.0,2016-02-22,1
225.0,2016-02-29,1
225.0,2016-03-14,1
225.0,2016-03-28,2
225.0,2016-04-11,1
225.0,2016-05-09,2
225.0,2016-05-16,1
225.0,2016-05-30,2
225.0,2016-06-06,1
225.0,2016-07-11,2
225.0,2016-07-25,2
225.0,2016-08-01,1
225.0,2016-08-08,1
225.0,2016-08-15,1
225.0,2016-09-26,1
225.0,2016-10-10,3
225.0,2016-10-17,3
225.0,2016-10-24,1
225.0,2016-11-07,1
225.0,2016-11-14,2
225.0,2016-11-21,1
225.0,2016-12-05,1
225.0,2016-12-12,2
225.0,2016-12-26,1
225.0,2017-01-09,2
225.0,2017-01-16,1
225.0,2017-02-06,1
225.0,2017-02-13,3
225.0,2017-02-20,3
225.0,2017-02-27,2
225.0,2017-03-06,1
225.0,2017-03-13,1
225.0,2017-03-20,1
225.0,2017-05-15,5
225.0,2017-05-22,6
225.0,2017-05-29,8
225.0,2017-06-05,4
225.0,2017-06-12,10
225.0,2017-06-19,19
225.0,2017-06-26,21
225.0,2017-07-03,7
225.0,2017-07-10,13
225.0,2017-07-17,9
225.0,2017-07-24,8
225.0,2017-07-31,1
225.0,2017-08-07,17
225.0,2017-08-14,20
225.0,2017-08-21,5
225.0,2017-08-28,12
225.0,2017-09-04,6
225.0,2017-09-25,2
226,2015-03-16,1
226,2015-03-23,3
226,2015-04-06,1
226,2015-05-04,1
226,2015-05-18,1
226,2015-06-01,1
226,2015-06-15,2
226,2015-06-29,1
226,2015-07-06,1
226,2015-07-27,1
226,2015-08-03,2
226,2015-08-17,1
226,2015-08-24,1
226,2015-09-14,1
226,2015-09-21,1
226,2015-10-19,1
226,2015-10-26,2
226,2015-11-09,2
226,2015-11-16,1
226,2015-12-14,1
226,2016-01-25,1
226,2016-02-01,1
226,2016-02-08,2
226,2016-02-15,1
226,2016-02-22,1
226,2016-03-07,1
226,2016-03-28,2
226,2016-06-06,1
226,2016-06-13,2
226,2016-06-20,2
226,2016-07-04,1
226,2016-07-18,1
226,2016-07-25,3
226,2016-08-01,3
226,2016-08-08,1
226,2016-08-15,1
226,2016-08-22,3
226,2016-10-03,1
226,2016-10-10,1
226,2016-10-24,2
226,2016-10-31,1
226,2016-11-14,1
226,2016-11-28,1
226,2016-12-05,1
226,2016-12-12,1
226,2017-01-02,1
226,2017-01-30,2
226,2017-02-06,2
226,2017-02-13,1
226,2017-02-27,2
226,2017-03-13,1
226,2017-03-20,3
226,2017-04-10,1
226,2017-04-17,1
226,2017-04-24,2
226,2017-05-15,1
226,2017-05-22,1
226.0,2015-04-06,1
226.0,2015-05-04,1
226.0,2015-05-18,2
226.0,2015-07-06,1
226.0,2015-08-03,1
226.0,2015-08-24,2
226.0,2015-11-30,1
226.0,2016-01-04,1
226.0,2016-01-18,1
226.0,2016-03-28,2
226.0,2016-04-11,1
226.0,2016-05-23,1
226.0,2016-08-01,1
226.0,2016-08-15,1
226.0,2016-09-26,2
226.0,2016-10-10,1
226.0,2016-10-17,1
226.0,2016-12-19,1
226.0,2017-02-27,2
226.0,2017-03-06,1
226.0,2017-05-08,1
226.0,2017-05-22,1
226.0,2017-06-12,1
226.0,2017-06-19,1
226.0,2017-07-31,2
227,2015-04-06,1
227,2015-06-08,1
227,2015-07-20,1
227,2015-09-14,1
227,2015-10-05,1
227,2015-10-26,1
227,2016-01-11,1
227,2016-04-25,1
227,2016-05-09,1
227,2016-05-16,2
227,2016-07-11,1
227,2016-10-17,1
227,2016-12-05,1
227,2016-12-12,1
227,2017-03-20,1
227,2017-05-01,5
227,2017-05-15,1
227.0,2015-10-26,2
227.0,2016-02-01,1
227.0,2016-04-25,1
227.0,2016-05-16,2
227.0,2017-01-02,1
227.0,2017-01-23,2
227.0,2017-05-08,1
227.0,2017-05-22,2
227.0,2017-06-05,1
227.0,2017-07-10,6
227.0,2017-07-17,1
228,2015-03-30,1
228,2015-04-06,1
228,2015-05-11,1
228,2015-05-25,1
228,2015-06-01,1
228,2015-06-22,1
228,2015-06-29,2
228,2015-07-13,1
228,2015-07-20,1
228,2015-08-03,1
228,2015-09-14,1
228,2015-10-26,1
228,2015-11-09,1
228,2015-12-07,1
228,2015-12-28,1
228,2016-01-04,3
228,2016-02-15,1
228,2016-02-22,1
228,2016-03-14,2
228,2016-04-04,1
228,2016-04-11,1
228,2016-04-18,1
228,2016-04-25,1
228,2016-05-09,2
228,2016-06-20,1
228,2016-08-08,3
228,2016-09-05,1
228,2016-10-17,2
228,2017-02-27,1
228,2017-03-13,1
228.0,2015-04-06,1
228.0,2015-05-11,1
228.0,2015-05-25,1
228.0,2015-08-03,1
228.0,2015-08-17,1
228.0,2015-11-02,1
228.0,2015-12-28,1
228.0,2016-02-15,1
228.0,2016-05-16,1
228.0,2016-05-30,1
228.0,2016-06-27,1
228.0,2016-07-04,1
228.0,2016-12-12,1
228.0,2017-02-20,1
228.0,2017-07-31,1
228.0,2017-08-07,1
229,2015-05-25,1
229,2015-06-01,2
229,2015-06-08,2
229,2015-07-06,1
229,2015-07-13,1
229,2015-07-27,1
229,2015-08-03,1
229,2015-08-31,1
229,2015-09-28,1
229,2015-10-12,1
229,2015-11-09,1
229,2015-11-30,1
229,2015-12-07,2
229,2016-01-04,1
229,2016-01-11,1
229,2016-02-22,2
229,2016-02-29,1
229,2016-03-14,1
229,2016-03-21,2
229,2016-04-11,1
229,2016-04-18,1
229,2016-04-25,1
229,2016-05-02,1
229,2016-05-09,1
229,2016-06-13,1
229,2016-06-20,3
229,2016-07-04,1
229,2016-08-22,3
229,2016-09-05,2
229,2016-09-12,1
229,2016-10-24,1
229,2016-11-21,1
229,2016-12-12,1
229,2016-12-19,1
229,2017-02-06,1
229,2017-02-13,2
229,2017-02-20,1
229,2017-03-06,1
229,2017-03-13,5
229,2017-03-20,1
229,2017-03-27,1
229,2017-04-10,1
229.0,2015-05-18,1
229.0,2015-06-01,2
229.0,2016-03-21,1
229.0,2016-06-20,1
229.0,2016-07-25,1
229.0,2016-10-03,1
229.0,2016-10-24,1
229.0,2016-11-07,1
229.0,2016-11-14,1
229.0,2016-12-05,1
229.0,2016-12-12,1
229.0,2017-01-09,1
229.0,2017-03-13,2
229.0,2017-06-12,1
229.0,2017-06-19,2
229.0,2017-07-24,2
229.0,2017-07-31,2
229.0,2017-08-14,1
229.0,2017-08-21,1
23,2015-03-23,3
23,2015-03-30,1
23,2015-04-20,1
23,2015-04-27,1
23,2015-05-04,2
23,2015-05-18,2
23,2015-05-25,1
23,2015-06-15,4
23,2015-06-22,2
23,2015-07-06,3
23,2015-07-13,2
23,2015-07-20,2
23,2015-07-27,1
23,2015-08-03,2
23,2015-08-24,2
23,2015-09-07,2
23,2015-09-14,3
23,2015-09-21,1
23,2015-09-28,1
23,2015-10-05,3
23,2015-10-12,1
23,2015-10-26,1
23,2015-11-02,2
23,2015-11-09,2
23,2015-11-16,1
23,2015-11-23,1
23,2015-11-30,1
23,2015-12-07,2
23,2015-12-28,2
23,2016-01-04,2
23,2016-01-18,4
23,2016-01-25,2
23,2016-02-01,4
23,2016-02-08,2
23,2016-02-15,1
23,2016-02-22,5
23,2016-03-14,2
23,2016-03-21,2
23,2016-03-28,1
23,2016-04-04,3
23,2016-04-11,3
23,2016-04-18,2
23,2016-04-25,1
23,2016-05-02,4
23,2016-05-09,3
23,2016-05-16,1
23,2016-05-30,2
23,2016-06-06,1
23,2016-06-13,3
23,2016-06-20,2
23,2016-06-27,4
23,2016-07-04,2
23,2016-07-11,1
23,2016-07-18,2
23,2016-07-25,2
23,2016-08-01,2
23,2016-08-08,1
23,2016-08-15,1
23,2016-09-05,1
23,2016-09-19,4
23,2016-10-03,3
23,2016-10-10,2
23,2016-10-17,1
23,2016-11-07,2
23,2016-11-14,2
23,2016-11-28,2
23,2016-12-05,1
23,2016-12-12,1
23,2016-12-19,1
23,2016-12-26,1
23,2017-01-09,2
23,2017-01-16,2
23,2017-01-30,1
23,2017-02-06,1
23,2017-02-20,1
23,2017-02-27,1
23,2017-03-06,1
23,2017-03-13,2
23,2017-03-20,1
23,2017-04-17,1
23,2017-05-01,2
23,2017-05-15,1
23.0,2015-04-20,1
23.0,2015-05-04,1
23.0,2015-06-01,1
23.0,2015-07-06,1
23.0,2015-07-13,2
23.0,2015-07-20,1
23.0,2015-08-10,1
23.0,2015-08-31,1
23.0,2015-09-14,1
23.0,2015-10-12,1
23.0,2015-10-19,1
23.0,2015-11-02,1
23.0,2015-11-16,1
23.0,2015-11-30,2
23.0,2015-12-14,2
23.0,2015-12-21,1
23.0,2016-02-29,1
23.0,2016-04-11,1
23.0,2016-05-16,1
23.0,2016-06-27,1
23.0,2016-07-11,1
23.0,2016-07-25,1
23.0,2016-08-29,1
23.0,2016-09-12,1
23.0,2016-10-31,1
23.0,2017-01-16,1
23.0,2017-02-27,1
23.0,2017-03-13,1
23.0,2017-05-15,1
23.0,2017-05-22,1
23.0,2017-05-29,2
23.0,2017-06-05,1
23.0,2017-06-19,2
23.0,2017-06-26,1
23.0,2017-07-17,2
23.0,2017-07-31,1
230,2015-03-16,1
230,2015-03-23,1
230,2015-03-30,2
230,2015-04-06,2
230,2015-05-11,3
230,2015-05-25,1
230,2015-06-01,1
230,2015-06-08,1
230,2015-06-15,3
230,2015-07-06,1
230,2015-07-27,3
230,2015-08-17,5
230,2015-08-24,1
230,2015-09-14,1
230,2015-09-21,2
230,2015-09-28,3
230,2015-10-05,1
230,2015-10-19,2
230,2015-10-26,1
230,2015-11-02,1
230,2015-11-09,1
230,2015-11-30,2
230,2016-01-04,1
230,2016-01-25,1
230,2016-02-01,1
230,2016-02-15,1
230,2016-02-22,1
230,2016-02-29,2
230,2016-03-14,1
230,2016-03-28,1
230,2016-04-04,1
230,2016-04-18,1
230,2016-04-25,1
230,2016-05-16,1
230,2016-05-23,4
230,2016-05-30,3
230,2016-06-06,1
230,2016-06-20,2
230,2016-07-04,3
230,2016-07-18,3
230,2016-08-08,1
230,2016-08-15,3
230,2016-08-22,2
230,2016-09-05,1
230,2016-09-12,1
230,2016-10-03,1
230,2016-10-24,1
230,2016-11-28,1
230,2016-12-05,2
230,2017-01-02,1
230,2017-01-16,1
230,2017-01-23,1
230,2017-01-30,1
230,2017-02-06,1
230,2017-02-13,2
230,2017-02-27,4
230,2017-03-06,1
230,2017-03-13,1
230,2017-03-20,2
230,2017-03-27,5
230,2017-04-03,1
230,2017-04-17,1
230,2017-04-24,4
230,2017-05-01,1
230,2017-05-08,4
230,2017-05-15,1
230,2017-05-29,1
230.0,2015-03-23,1
230.0,2015-04-27,2
230.0,2015-05-25,1
230.0,2015-06-15,1
230.0,2015-06-29,1
230.0,2015-08-03,1
230.0,2015-08-17,1
230.0,2015-09-28,1
230.0,2015-11-02,1
230.0,2016-02-01,1
230.0,2016-02-15,1
230.0,2016-02-29,1
230.0,2016-04-25,1
230.0,2016-05-16,1
230.0,2016-06-06,1
230.0,2016-06-13,1
230.0,2016-06-20,1
230.0,2016-08-08,1
230.0,2016-08-22,1
230.0,2016-09-26,1
230.0,2016-11-21,1
230.0,2017-02-13,1
230.0,2017-02-27,1
230.0,2017-05-15,2
230.0,2017-05-22,3
230.0,2017-05-29,3
230.0,2017-06-05,1
230.0,2017-06-26,3
230.0,2017-07-10,1
230.0,2017-07-24,1
230.0,2017-07-31,2
230.0,2017-08-14,4
230.0,2017-09-18,1
231,2015-05-11,1
231,2016-02-22,1
231,2016-02-29,1
231,2016-04-25,1
231,2016-05-30,1
231,2016-06-13,1
231,2016-06-27,2
231,2016-07-11,1
231,2016-08-08,1
231,2016-11-28,1
231,2017-01-02,1
231,2017-01-09,1
231,2017-03-20,1
231,2017-04-03,1
231,2017-05-08,1
231.0,2015-08-24,1
231.0,2016-01-04,1
231.0,2016-03-21,1
231.0,2016-09-05,2
231.0,2017-02-27,1
231.0,2017-06-26,1
231.0,2017-07-03,2
231.0,2017-07-10,1
231.0,2017-07-17,1
231.0,2017-07-24,1
231.0,2017-08-21,2
232,2015-06-15,1
232,2015-07-20,2
232,2015-08-17,2
232,2015-10-05,1
232,2015-12-28,1
232,2016-02-01,1
232,2016-02-22,1
232,2016-03-14,1
232,2016-03-28,1
232,2016-07-18,1
232,2016-08-22,1
232,2016-09-19,1
232,2016-09-26,1
232,2016-10-31,2
232,2016-11-07,1
232,2016-11-14,1
232,2016-12-26,1
232,2017-01-09,1
232,2017-03-27,2
232,2017-05-22,1
232.0,2015-12-07,1
232.0,2016-08-01,1
232.0,2016-09-05,1
232.0,2017-01-16,1
232.0,2017-02-20,1
232.0,2017-06-05,1
232.0,2017-06-19,1
232.0,2017-06-26,1
232.0,2017-07-03,1
232.0,2017-08-07,1
232.0,2017-09-04,1
233,2016-04-04,1
233,2016-07-04,1
233,2016-12-19,1
233,2017-03-27,1
233,2017-04-03,6
233,2017-04-10,9
233,2017-04-17,6
233,2017-04-24,11
233,2017-05-01,9
233,2017-05-08,16
233,2017-05-15,1
233.0,2017-03-27,1
233.0,2017-04-03,2
233.0,2017-04-10,7
233.0,2017-05-01,1
233.0,2017-05-15,4
233.0,2017-05-22,5
233.0,2017-05-29,2
233.0,2017-06-19,5
233.0,2017-07-24,1
233.0,2017-07-31,1
233.0,2017-08-07,1
234,2015-06-01,1
234,2015-07-06,1
234,2015-10-05,1
234,2015-10-26,1
234,2015-11-02,2
234,2015-11-23,1
234,2015-11-30,1
234,2015-12-07,1
234,2015-12-14,1
234,2015-12-21,1
234,2015-12-28,1
234,2016-01-18,1
234,2016-01-25,1
234,2016-02-08,1
234,2016-02-15,1
234,2016-02-29,1
234,2016-03-07,1
234,2016-03-28,1
234,2016-04-04,1
234,2016-04-18,1
234,2016-04-25,1
234,2016-05-02,4
234,2016-05-09,2
234,2016-05-16,2
234,2016-05-23,3
234,2016-05-30,3
234,2016-06-06,1
234,2016-06-13,1
234,2016-06-20,1
234,2016-06-27,2
234,2016-07-04,3
234,2016-07-11,3
234,2016-07-18,3
234,2016-07-25,3
234,2016-08-01,2
234,2016-08-08,2
234,2016-08-15,1
234,2016-08-22,1
234,2016-08-29,2
234,2016-09-05,4
234,2016-09-26,1
234,2016-10-03,2
234,2016-10-10,1
234,2016-11-07,2
234,2016-11-14,2
234,2016-11-28,3
234,2016-12-12,1
234,2016-12-26,1
234,2017-01-30,1
234,2017-02-06,1
234,2017-02-20,1
234,2017-02-27,1
234,2017-03-13,1
234,2017-04-10,1
234,2017-04-17,1
234,2017-05-01,2
234,2017-05-29,1
234.0,2015-06-29,1
234.0,2015-09-07,1
234.0,2015-10-12,1
234.0,2015-10-19,1
234.0,2016-03-14,1
234.0,2016-05-09,3
234.0,2016-06-06,1
234.0,2016-06-13,1
234.0,2016-06-27,1
234.0,2016-07-18,1
234.0,2016-11-28,1
234.0,2017-01-09,1
234.0,2017-02-13,1
234.0,2017-02-27,2
234.0,2017-03-20,1
234.0,2017-06-19,2
234.0,2017-07-03,1
234.0,2017-07-31,1
235,2015-03-16,6
235,2015-03-23,5
235,2015-03-30,6
235,2015-04-06,8
235,2015-04-13,7
235,2015-04-20,6
235,2015-04-27,3
235,2015-05-04,8
235,2015-05-11,14
235,2015-05-18,7
235,2015-05-25,5
235,2015-06-01,5
235,2015-06-08,10
235,2015-06-15,9
235,2015-06-22,6
235,2015-06-29,8
235,2015-07-06,7
235,2015-07-13,14
235,2015-07-20,8
235,2015-07-27,6
235,2015-08-03,8
235,2015-08-10,9
235,2015-08-17,14
235,2015-08-24,8
235,2015-08-31,13
235,2015-09-07,14
235,2015-09-14,3
235,2015-09-21,5
235,2015-09-28,8
235,2015-10-05,9
235,2015-10-12,10
235,2015-10-19,1
235,2015-10-26,10
235,2015-11-02,8
235,2015-11-09,10
235,2015-11-16,7
235,2015-11-23,9
235,2015-11-30,12
235,2015-12-07,7
235,2015-12-14,7
235,2015-12-21,2
235,2015-12-28,7
235,2016-01-04,12
235,2016-01-11,7
235,2016-01-18,11
235,2016-01-25,12
235,2016-02-01,8
235,2016-02-08,9
235,2016-02-15,7
235,2016-02-22,12
235,2016-02-29,14
235,2016-03-07,15
235,2016-03-14,14
235,2016-03-21,13
235,2016-03-28,12
235,2016-04-04,7
235,2016-04-11,14
235,2016-04-18,9
235,2016-04-25,17
235,2016-05-02,26
235,2016-05-09,12
235,2016-05-16,8
235,2016-05-23,6
235,2016-05-30,19
235,2016-06-06,18
235,2016-06-13,26
235,2016-06-20,16
235,2016-06-27,15
235,2016-07-04,14
235,2016-07-11,23
235,2016-07-18,18
235,2016-07-25,18
235,2016-08-01,12
235,2016-08-08,13
235,2016-08-15,12
235,2016-08-22,7
235,2016-08-29,15
235,2016-09-05,4
235,2016-09-12,17
235,2016-09-19,19
235,2016-09-26,12
235,2016-10-03,19
235,2016-10-10,20
235,2016-10-17,11
235,2016-10-24,13
235,2016-10-31,10
235,2016-11-07,12
235,2016-11-14,7
235,2016-11-21,10
235,2016-11-28,10
235,2016-12-05,12
235,2016-12-12,16
235,2016-12-19,8
235,2016-12-26,11
235,2017-01-02,12
235,2017-01-09,16
235,2017-01-16,7
235,2017-01-23,14
235,2017-01-30,10
235,2017-02-06,19
235,2017-02-13,16
235,2017-02-20,19
235,2017-02-27,18
235,2017-03-06,18
235,2017-03-13,7
235,2017-03-20,16
235,2017-03-27,26
235,2017-04-03,26
235,2017-04-10,16
235,2017-04-17,20
235,2017-04-24,28
235,2017-05-01,21
235,2017-05-08,13
235,2017-05-15,8
235,2017-05-22,1
235,2017-05-29,1
235,2017-06-05,1
235,2017-06-12,1
235,2017-06-26,1
235,2017-07-03,2
235,2017-07-10,3
235.0,2015-03-16,2
235.0,2015-03-23,4
235.0,2015-03-30,4
235.0,2015-04-06,2
235.0,2015-04-13,2
235.0,2015-04-20,2
235.0,2015-04-27,1
235.0,2015-05-04,5
235.0,2015-05-11,3
235.0,2015-05-18,4
235.0,2015-05-25,5
235.0,2015-06-01,2
235.0,2015-06-08,2
235.0,2015-06-15,2
235.0,2015-07-06,2
235.0,2015-07-13,2
235.0,2015-07-20,3
235.0,2015-08-03,5
235.0,2015-08-10,1
235.0,2015-08-17,2
235.0,2015-08-24,3
235.0,2015-08-31,2
235.0,2015-09-07,5
235.0,2015-09-14,4
235.0,2015-09-21,2
235.0,2015-09-28,2
235.0,2015-10-12,4
235.0,2015-10-19,1
235.0,2015-10-26,1
235.0,2015-11-02,2
235.0,2015-11-09,4
235.0,2015-11-16,2
235.0,2015-11-23,1
235.0,2015-11-30,2
235.0,2015-12-07,2
235.0,2015-12-14,1
235.0,2015-12-21,1
235.0,2015-12-28,1
235.0,2016-01-04,4
235.0,2016-01-11,6
235.0,2016-01-18,4
235.0,2016-01-25,1
235.0,2016-02-01,3
235.0,2016-02-08,3
235.0,2016-02-15,2
235.0,2016-02-22,1
235.0,2016-02-29,4
235.0,2016-03-07,5
235.0,2016-03-14,4
235.0,2016-03-21,1
235.0,2016-03-28,3
235.0,2016-04-04,3
235.0,2016-04-11,4
235.0,2016-04-18,3
235.0,2016-04-25,7
235.0,2016-05-02,2
235.0,2016-05-09,3
235.0,2016-05-16,2
235.0,2016-05-23,2
235.0,2016-05-30,5
235.0,2016-06-06,9
235.0,2016-06-13,6
235.0,2016-06-20,1
235.0,2016-06-27,2
235.0,2016-07-04,2
235.0,2016-07-11,5
235.0,2016-07-18,3
235.0,2016-07-25,4
235.0,2016-08-01,3
235.0,2016-08-08,5
235.0,2016-08-15,3
235.0,2016-08-22,2
235.0,2016-08-29,6
235.0,2016-09-05,2
235.0,2016-09-12,4
235.0,2016-09-19,2
235.0,2016-09-26,6
235.0,2016-10-03,1
235.0,2016-10-10,7
235.0,2016-10-17,5
235.0,2016-10-24,2
235.0,2016-10-31,7
235.0,2016-11-07,2
235.0,2016-11-14,7
235.0,2016-11-21,4
235.0,2016-11-28,3
235.0,2016-12-05,1
235.0,2016-12-12,4
235.0,2016-12-19,3
235.0,2016-12-26,2
235.0,2017-01-02,1
235.0,2017-01-09,4
235.0,2017-01-16,3
235.0,2017-01-23,6
235.0,2017-01-30,8
235.0,2017-02-06,2
235.0,2017-02-13,6
235.0,2017-02-20,8
235.0,2017-02-27,5
235.0,2017-03-06,5
235.0,2017-03-13,11
235.0,2017-03-20,5
235.0,2017-03-27,6
235.0,2017-04-03,9
235.0,2017-04-10,2
235.0,2017-04-17,3
235.0,2017-04-24,2
235.0,2017-05-01,3
235.0,2017-05-08,3
235.0,2017-05-15,7
235.0,2017-05-22,13
235.0,2017-05-29,11
235.0,2017-06-05,14
235.0,2017-06-12,8
235.0,2017-06-19,13
235.0,2017-06-26,15
235.0,2017-07-03,20
235.0,2017-07-10,15
235.0,2017-07-17,15
235.0,2017-07-24,17
235.0,2017-07-31,18
235.0,2017-08-07,4
235.0,2017-08-14,10
235.0,2017-08-21,5
235.0,2017-08-28,8
235.0,2017-09-04,2
235.0,2017-09-11,2
235.0,2017-09-18,5
235.0,2017-09-25,3
235.0,2017-10-30,1
236,2015-05-18,1
236,2015-06-29,1
236,2015-07-13,1
236,2015-09-28,1
236,2015-11-09,1
236,2016-07-11,1
236,2016-10-10,2
236,2016-10-24,3
236,2016-10-31,1
236,2016-11-07,2
236,2016-12-12,1
236,2017-01-02,2
236,2017-01-09,1
236,2017-01-16,1
236,2017-03-06,2
236,2017-04-17,1
236,2017-04-24,1
236,2017-05-01,6
236,2017-05-08,1
236,2017-05-15,1
236.0,2015-08-10,1
236.0,2016-05-16,1
236.0,2016-10-17,2
236.0,2017-01-02,1
236.0,2017-03-13,1
236.0,2017-05-15,1
236.0,2017-05-22,1
236.0,2017-05-29,4
236.0,2017-06-12,1
236.0,2017-07-03,3
236.0,2017-07-10,2
236.0,2017-07-17,1
236.0,2017-07-24,4
236.0,2017-08-07,1
236.0,2017-08-14,1
236.0,2017-08-28,1
237,2015-03-16,1
237,2015-03-23,1
237,2015-03-30,3
237,2015-04-13,3
237,2015-04-20,6
237,2015-04-27,3
237,2015-05-04,3
237,2015-05-11,1
237,2015-05-25,2
237,2015-06-01,2
237,2015-06-08,2
237,2015-06-15,1
237,2015-06-22,3
237,2015-06-29,2
237,2015-07-06,1
237,2015-07-13,1
237,2015-07-20,1
237,2015-07-27,1
237,2015-08-10,2
237,2015-08-24,1
237,2015-08-31,1
237,2015-09-07,1
237,2015-09-21,4
237,2015-09-28,1
237,2015-10-05,1
237,2015-10-12,1
237,2015-10-19,1
237,2015-11-09,1
237,2015-11-16,1
237,2015-11-30,1
237,2015-12-07,2
237,2015-12-14,3
237,2015-12-21,1
237,2015-12-28,3
237,2016-01-04,4
237,2016-01-18,1
237,2016-01-25,1
237,2016-02-01,4
237,2016-02-08,1
237,2016-02-15,4
237,2016-02-22,4
237,2016-02-29,3
237,2016-03-07,3
237,2016-03-14,3
237,2016-03-28,4
237,2016-04-04,1
237,2016-04-11,2
237,2016-04-18,4
237,2016-04-25,1
237,2016-05-16,1
237,2016-05-23,2
237,2016-05-30,1
237,2016-06-06,1
237,2016-06-13,2
237,2016-06-20,2
237,2016-06-27,2
237,2016-07-04,2
237,2016-07-11,3
237,2016-07-25,3
237,2016-08-01,1
237,2016-08-08,1
237,2016-08-15,1
237,2016-08-22,2
237,2016-09-05,1
237,2016-09-12,1
237,2016-09-19,2
237,2016-10-03,1
237,2016-10-17,3
237,2016-10-31,1
237,2016-11-07,1
237,2016-11-14,1
237,2016-12-12,2
237,2016-12-19,2
237,2016-12-26,1
237,2017-01-02,1
237,2017-01-09,2
237,2017-01-16,6
237,2017-01-23,2
237,2017-01-30,1
237,2017-02-06,5
237,2017-02-13,4
237,2017-02-20,1
237,2017-02-27,1
237,2017-03-06,1
237,2017-03-13,1
237,2017-03-20,3
237,2017-03-27,1
237,2017-04-03,2
237,2017-04-10,2
237,2017-04-17,2
237,2017-04-24,3
237,2017-05-01,2
237,2017-05-08,3
237,2017-05-15,2
237,2017-05-29,1
237.0,2015-04-13,1
237.0,2015-06-22,1
237.0,2015-09-07,1
237.0,2015-09-28,1
237.0,2015-10-12,1
237.0,2016-01-11,2
237.0,2016-02-01,2
237.0,2016-02-15,1
237.0,2016-02-29,2
237.0,2016-03-07,1
237.0,2016-03-14,1
237.0,2016-03-21,2
237.0,2016-04-04,1
237.0,2016-05-02,1
237.0,2016-05-23,1
237.0,2016-05-30,2
237.0,2016-06-06,1
237.0,2016-08-08,1
237.0,2016-09-19,1
237.0,2016-10-10,1
237.0,2016-10-24,1
237.0,2016-12-26,1
237.0,2017-01-09,2
237.0,2017-01-16,1
237.0,2017-01-23,1
237.0,2017-02-20,1
237.0,2017-02-27,1
237.0,2017-04-03,2
237.0,2017-04-10,2
237.0,2017-05-01,1
237.0,2017-05-22,5
237.0,2017-05-29,2
237.0,2017-06-05,5
237.0,2017-06-12,4
237.0,2017-06-26,2
237.0,2017-07-03,2
237.0,2017-07-10,1
237.0,2017-07-17,1
237.0,2017-07-24,2
237.0,2017-07-31,1
237.0,2017-08-07,2
237.0,2017-08-14,4
237.0,2017-09-04,1
238,2015-05-25,3
238,2015-06-01,1
238,2015-06-08,1
238,2015-06-29,2
238,2015-07-06,1
238,2015-07-27,1
238,2015-08-10,2
238,2015-09-21,1
238,2015-10-19,1
238,2015-10-26,1
238,2015-11-09,1
238,2015-11-16,1
238,2015-11-30,1
238,2015-12-21,1
238,2016-01-11,1
238,2016-01-18,2
238,2016-01-25,3
238,2016-02-01,1
238,2016-02-08,1
238,2016-02-15,1
238,2016-03-07,2
238,2016-04-18,1
238,2016-05-09,1
238,2016-05-30,1
238,2016-06-13,1
238,2016-07-04,1
238,2016-07-11,2
238,2016-07-25,1
238,2016-08-01,3
238,2016-08-08,1
238,2016-09-05,2
238,2016-09-12,1
238,2016-10-03,2
238,2016-10-10,1
238,2016-11-28,1
238,2016-12-05,2
238,2016-12-12,1
238,2017-01-09,1
238,2017-01-16,1
238,2017-01-30,1
238,2017-02-20,1
238,2017-02-27,2
238,2017-03-13,1
238,2017-03-27,1
238,2017-04-10,1
238,2017-04-17,2
238,2017-05-01,2
238.0,2015-06-08,1
238.0,2015-07-06,1
238.0,2015-07-27,1
238.0,2015-10-19,1
238.0,2015-10-26,1
238.0,2015-11-02,1
238.0,2015-11-30,1
238.0,2016-01-18,1
238.0,2016-01-25,1
238.0,2016-06-27,1
238.0,2016-07-11,1
238.0,2016-07-25,2
238.0,2016-08-01,1
238.0,2016-08-08,1
238.0,2016-08-29,1
238.0,2016-09-12,1
238.0,2016-09-19,1
238.0,2016-10-10,1
238.0,2017-01-02,1
238.0,2017-01-30,1
238.0,2017-02-13,1
238.0,2017-02-20,1
238.0,2017-03-20,1
238.0,2017-05-01,1
238.0,2017-05-22,3
238.0,2017-05-29,2
238.0,2017-06-05,1
238.0,2017-06-19,1
238.0,2017-07-10,2
238.0,2017-07-31,1
238.0,2017-08-14,1
239,2015-03-16,1
239,2015-03-23,1
239,2015-03-30,4
239,2015-04-06,4
239,2015-04-13,1
239,2015-05-04,1
239,2015-05-18,3
239,2015-06-01,3
239,2015-06-15,3
239,2015-06-29,2
239,2015-07-06,2
239,2015-07-13,2
239,2015-07-20,3
239,2015-07-27,2
239,2015-08-03,1
239,2015-08-10,1
239,2015-08-17,1
239,2015-08-31,4
239,2015-09-07,2
239,2015-09-14,2
239,2015-09-21,1
239,2015-10-05,3
239,2015-10-12,1
239,2015-10-26,1
239,2015-11-02,3
239,2015-11-09,1
239,2015-11-23,1
239,2015-12-07,1
239,2015-12-14,3
239,2015-12-21,1
239,2015-12-28,1
239,2016-01-04,2
239,2016-01-11,3
239,2016-01-18,1
239,2016-01-25,6
239,2016-02-08,2
239,2016-02-22,2
239,2016-02-29,1
239,2016-03-07,1
239,2016-03-14,6
239,2016-03-21,2
239,2016-03-28,2
239,2016-04-04,2
239,2016-04-18,2
239,2016-04-25,2
239,2016-05-02,2
239,2016-05-09,1
239,2016-05-30,1
239,2016-06-13,5
239,2016-06-20,1
239,2016-07-04,1
239,2016-07-18,1
239,2016-07-25,3
239,2016-08-08,2
239,2016-08-15,1
239,2016-08-22,1
239,2016-08-29,2
239,2016-09-12,1
239,2016-09-19,3
239,2016-09-26,1
239,2016-10-03,2
239,2016-10-17,4
239,2016-10-24,1
239,2016-10-31,3
239,2016-11-07,1
239,2016-11-14,1
239,2016-11-21,1
239,2016-11-28,1
239,2016-12-12,1
239,2016-12-19,1
239,2017-01-09,1
239,2017-01-16,19
239,2017-01-23,13
239,2017-01-30,4
239,2017-02-06,2
239,2017-02-13,2
239,2017-02-20,1
239,2017-02-27,2
239,2017-03-13,2
239,2017-03-20,1
239,2017-03-27,4
239,2017-04-03,4
239,2017-04-10,1
239,2017-04-17,2
239,2017-05-01,1
239,2017-05-08,1
239,2017-05-22,1
239,2017-07-10,1
239.0,2015-03-23,2
239.0,2015-04-06,1
239.0,2015-04-20,1
239.0,2015-06-01,1
239.0,2015-07-06,1
239.0,2015-08-10,1
239.0,2015-08-17,1
239.0,2015-10-26,1
239.0,2016-01-11,1
239.0,2016-01-18,2
239.0,2016-02-22,1
239.0,2016-03-14,1
239.0,2016-04-04,1
239.0,2016-04-11,1
239.0,2016-04-25,1
239.0,2016-05-02,1
239.0,2016-07-04,1
239.0,2016-07-18,1
239.0,2016-08-01,1
239.0,2016-08-08,2
239.0,2016-08-22,1
239.0,2016-08-29,1
239.0,2016-09-05,1
239.0,2016-09-12,1
239.0,2016-09-19,1
239.0,2016-09-26,2
239.0,2016-10-17,1
239.0,2016-11-14,1
239.0,2016-11-28,1
239.0,2016-12-05,2
239.0,2017-01-02,1
239.0,2017-01-09,1
239.0,2017-01-16,7
239.0,2017-01-23,5
239.0,2017-01-30,2
239.0,2017-02-06,2
239.0,2017-02-13,2
239.0,2017-02-20,1
239.0,2017-02-27,1
239.0,2017-03-20,1
239.0,2017-04-10,2
239.0,2017-05-08,1
239.0,2017-05-15,3
239.0,2017-05-29,5
239.0,2017-06-05,4
239.0,2017-06-12,5
239.0,2017-06-19,1
239.0,2017-06-26,2
239.0,2017-07-03,2
239.0,2017-07-10,3
239.0,2017-07-31,3
239.0,2017-08-07,2
239.0,2017-08-14,1
24.0,2017-07-03,2
24.0,2017-07-24,38
24.0,2017-07-31,10
24.0,2017-08-07,1
24.0,2017-08-28,3
24.0,2017-09-18,1
240,2015-03-23,1
240,2015-03-30,1
240,2015-04-13,1
240,2015-04-20,1
240,2015-05-11,1
240,2015-05-18,1
240,2015-06-22,1
240,2015-07-13,1
240,2015-08-03,2
240,2015-08-17,1
240,2015-09-07,1
240,2015-10-05,2
240,2015-11-02,1
240,2015-11-23,1
240,2015-12-14,1
240,2016-01-04,1
240,2016-01-25,1
240,2016-02-22,1
240,2016-02-29,2
240,2016-03-21,2
240,2016-03-28,1
240,2016-04-11,1
240,2016-04-25,1
240,2016-05-30,1
240,2016-06-13,2
240,2016-07-04,1
240,2016-08-01,1
240,2016-10-03,1
240,2016-10-24,1
240,2016-11-28,1
240,2017-01-09,2
240,2017-03-06,1
240,2017-04-03,1
240,2017-05-08,1
240.0,2015-07-06,1
240.0,2015-07-27,1
240.0,2015-08-17,2
240.0,2016-06-20,1
240.0,2016-07-04,1
240.0,2016-08-29,1
240.0,2016-09-26,1
240.0,2017-01-09,1
240.0,2017-01-23,2
240.0,2017-04-10,1
240.0,2017-05-08,1
240.0,2017-05-15,1
240.0,2017-05-22,2
240.0,2017-06-26,1
240.0,2017-07-03,1
240.0,2017-07-24,1
240.0,2017-07-31,1
240.0,2017-09-04,1
241,2015-03-23,1
241,2015-03-30,1
241,2015-04-06,2
241,2015-04-13,3
241,2015-04-20,1
241,2015-05-04,1
241,2015-06-01,1
241,2015-06-08,2
241,2015-06-15,2
241,2015-06-22,1
241,2015-06-29,3
241,2015-07-06,1
241,2015-07-13,2
241,2015-07-20,1
241,2015-07-27,1
241,2015-08-10,1
241,2015-08-24,1
241,2015-08-31,1
241,2015-09-07,1
241,2015-09-14,2
241,2015-09-21,3
241,2015-09-28,1
241,2015-10-05,1
241,2015-10-12,2
241,2015-11-09,1
241,2015-12-28,1
241,2016-01-04,1
241,2016-01-11,2
241,2016-01-25,1
241,2016-02-15,3
241,2016-02-22,1
241,2016-03-07,1
241,2016-03-21,1
241,2016-03-28,2
241,2016-04-04,1
241,2016-04-11,1
241,2016-04-25,1
241,2016-05-02,2
241,2016-05-09,3
241,2016-05-16,1
241,2016-05-23,2
241,2016-05-30,2
241,2016-06-06,3
241,2016-06-27,1
241,2016-07-04,1
241,2016-07-11,5
241,2016-07-25,2
241,2016-08-08,2
241,2016-08-15,2
241,2016-08-22,2
241,2016-08-29,2
241,2016-09-05,1
241,2016-09-12,2
241,2016-09-19,2
241,2016-09-26,2
241,2016-10-03,2
241,2016-10-31,1
241,2016-11-07,3
241,2016-11-21,1
241,2016-11-28,1
241,2016-12-12,2
241,2016-12-26,1
241,2017-01-02,2
241,2017-01-09,1
241,2017-01-23,1
241,2017-01-30,1
241,2017-02-06,1
241,2017-02-13,1
241,2017-02-20,1
241,2017-02-27,2
241,2017-03-06,3
241,2017-03-13,2
241,2017-03-20,1
241,2017-03-27,5
241,2017-04-03,5
241,2017-04-10,1
241,2017-04-17,3
241,2017-05-01,3
241,2017-05-08,2
241,2017-05-15,1
241.0,2015-06-22,1
241.0,2015-07-06,1
241.0,2015-07-27,1
241.0,2015-08-17,1
241.0,2015-11-09,1
241.0,2016-01-18,2
241.0,2016-02-01,1
241.0,2016-02-15,1
241.0,2016-02-22,1
241.0,2016-02-29,1
241.0,2016-03-07,1
241.0,2016-03-21,1
241.0,2016-03-28,1
241.0,2016-04-25,1
241.0,2016-05-30,1
241.0,2016-06-06,1
241.0,2016-07-11,1
241.0,2016-07-18,1
241.0,2016-08-01,1
241.0,2016-08-29,1
241.0,2016-09-12,4
241.0,2016-11-07,1
241.0,2016-12-05,1
241.0,2016-12-19,1
241.0,2017-01-16,1
241.0,2017-02-13,1
241.0,2017-02-20,2
241.0,2017-03-20,1
241.0,2017-05-08,3
241.0,2017-05-22,3
241.0,2017-06-05,5
241.0,2017-06-12,3
241.0,2017-06-26,9
241.0,2017-07-10,1
241.0,2017-07-17,6
241.0,2017-07-24,5
241.0,2017-07-31,3
241.0,2017-08-14,1
241.0,2017-08-21,1
242,2015-03-16,1
242,2015-04-20,2
242,2015-05-04,1
242,2015-06-01,1
242,2015-10-05,1
242,2015-10-12,1
242,2015-12-14,1
242,2015-12-21,2
242,2015-12-28,4
242,2016-01-18,1
242,2016-01-25,2
242,2016-02-08,1
242,2016-02-15,3
242,2016-02-22,2
242,2016-03-21,2
242,2016-03-28,1
242,2016-04-04,1
242,2016-04-11,2
242,2016-04-18,1
242,2016-04-25,2
242,2016-05-02,3
242,2016-05-09,1
242,2016-05-16,3
242,2016-05-30,1
242,2016-06-20,1
242,2016-07-04,1
242,2016-07-11,1
242,2016-07-25,2
242,2016-08-01,1
242,2016-08-08,2
242,2016-08-15,1
242,2016-08-22,1
242,2016-08-29,4
242,2016-09-05,1
242,2016-10-03,2
242,2016-10-10,2
242,2016-10-17,2
242,2016-10-24,3
242,2016-11-07,1
242,2016-11-14,3
242,2016-11-21,1
242,2016-12-05,3
242,2016-12-12,4
242,2016-12-19,2
242,2016-12-26,2
242,2017-01-02,7
242,2017-01-09,2
242,2017-01-16,3
242,2017-01-23,11
242,2017-02-06,2
242,2017-02-13,4
242,2017-02-20,1
242,2017-02-27,3
242,2017-03-06,7
242,2017-03-13,4
242,2017-03-20,2
242,2017-04-03,12
242,2017-04-10,2
242,2017-04-17,3
242,2017-04-24,13
242,2017-05-01,11
242,2017-05-08,7
242,2017-05-15,5
242,2017-07-10,1
242.0,2015-04-20,1
242.0,2015-12-21,1
242.0,2016-01-25,1
242.0,2016-02-15,1
242.0,2016-02-22,1
242.0,2016-03-21,2
242.0,2016-04-25,3
242.0,2016-05-09,1
242.0,2016-08-15,1
242.0,2016-10-03,2
242.0,2016-11-07,2
242.0,2016-12-19,1
242.0,2016-12-26,1
242.0,2017-01-09,1
242.0,2017-01-16,1
242.0,2017-01-23,1
242.0,2017-01-30,1
242.0,2017-02-06,2
242.0,2017-02-13,1
242.0,2017-03-06,1
242.0,2017-03-20,1
242.0,2017-03-27,3
242.0,2017-04-03,1
242.0,2017-04-24,1
242.0,2017-05-01,1
242.0,2017-05-08,2
242.0,2017-05-15,3
242.0,2017-05-22,10
242.0,2017-05-29,8
242.0,2017-06-05,7
242.0,2017-06-19,10
242.0,2017-06-26,3
242.0,2017-07-03,4
242.0,2017-07-10,17
242.0,2017-07-17,7
242.0,2017-07-24,12
242.0,2017-07-31,8
242.0,2017-08-07,1
242.0,2017-08-14,6
242.0,2017-08-21,1
242.0,2017-08-28,1
242.0,2017-09-04,2
242.0,2017-10-30,1
243,2015-03-23,1
243,2015-03-30,1
243,2015-04-06,3
243,2015-04-13,4
243,2015-04-20,1
243,2015-04-27,3
243,2015-05-11,3
243,2015-05-18,3
243,2015-05-25,2
243,2015-06-01,1
243,2015-06-08,5
243,2015-06-15,1
243,2015-06-22,1
243,2015-06-29,2
243,2015-07-20,1
243,2015-07-27,1
243,2015-08-03,3
243,2015-08-10,1
243,2015-08-17,1
243,2015-08-24,1
243,2015-09-07,2
243,2015-09-14,2
243,2015-09-21,6
243,2015-09-28,2
243,2015-10-12,1
243,2015-10-19,3
243,2015-10-26,4
243,2015-11-02,4
243,2015-11-16,2
243,2015-11-30,2
243,2015-12-07,1
243,2015-12-14,3
243,2015-12-28,2
243,2016-01-04,1
243,2016-01-11,1
243,2016-01-18,1
243,2016-01-25,3
243,2016-02-08,2
243,2016-02-15,2
243,2016-02-22,2
243,2016-02-29,1
243,2016-03-07,1
243,2016-03-14,3
243,2016-03-21,3
243,2016-03-28,1
243,2016-04-04,2
243,2016-04-25,2
243,2016-05-02,2
243,2016-05-09,3
243,2016-05-16,2
243,2016-05-30,4
243,2016-06-06,1
243,2016-06-20,3
243,2016-07-04,1
243,2016-07-25,1
243,2016-08-01,1
243,2016-08-15,3
243,2016-08-22,4
243,2016-08-29,3
243,2016-09-05,2
243,2016-09-19,3
243,2016-10-24,1
243,2016-10-31,1
243,2016-11-07,1
243,2016-12-19,3
243,2016-12-26,1
243,2017-01-02,1
243,2017-01-23,8
243,2017-01-30,1
243,2017-02-13,1
243,2017-02-20,2
243,2017-03-06,3
243,2017-03-13,3
243,2017-03-20,2
243,2017-03-27,1
243,2017-04-03,2
243,2017-04-10,1
243,2017-04-17,1
243,2017-04-24,5
243,2017-05-01,1
243.0,2015-04-06,1
243.0,2015-05-04,1
243.0,2015-06-29,1
243.0,2015-07-06,1
243.0,2015-07-13,1
243.0,2015-08-10,2
243.0,2015-08-31,1
243.0,2015-09-07,1
243.0,2015-10-12,1
243.0,2015-10-19,1
243.0,2015-11-02,1
243.0,2015-11-16,3
243.0,2015-11-23,1
243.0,2015-12-14,1
243.0,2016-03-07,1
243.0,2016-03-14,1
243.0,2016-03-28,1
243.0,2016-04-04,1
243.0,2016-04-11,1
243.0,2016-04-25,1
243.0,2016-05-30,2
243.0,2016-06-06,1
243.0,2016-07-25,1
243.0,2016-08-01,1
243.0,2016-08-08,1
243.0,2016-08-22,2
243.0,2016-09-05,1
243.0,2016-09-26,1
243.0,2016-10-17,1
243.0,2016-12-19,1
243.0,2017-01-16,1
243.0,2017-01-23,1
243.0,2017-01-30,1
243.0,2017-02-20,1
243.0,2017-02-27,1
243.0,2017-03-13,1
243.0,2017-05-29,1
243.0,2017-06-05,4
243.0,2017-06-19,1
243.0,2017-07-17,1
243.0,2017-07-24,1
243.0,2017-07-31,1
243.0,2017-08-07,2
243.0,2017-08-14,1
244,2015-03-16,1
244,2015-03-30,1
244,2015-04-06,2
244,2015-04-27,2
244,2015-05-11,1
244,2015-06-01,1
244,2015-06-15,1
244,2015-06-22,1
244,2015-07-06,1
244,2015-07-13,1
244,2015-08-10,1
244,2015-08-24,1
244,2015-09-07,3
244,2015-10-19,3
244,2015-10-26,2
244,2015-11-02,1
244,2015-11-16,1
244,2015-11-23,1
244,2015-11-30,2
244,2015-12-07,2
244,2015-12-14,2
244,2016-01-04,3
244,2016-01-18,1
244,2016-01-25,1
244,2016-02-01,2
244,2016-02-22,1
244,2016-02-29,1
244,2016-03-07,1
244,2016-03-14,1
244,2016-03-21,1
244,2016-04-11,1
244,2016-04-18,3
244,2016-04-25,4
244,2016-05-02,2
244,2016-05-09,1
244,2016-05-16,1
244,2016-06-06,3
244,2016-06-27,2
244,2016-07-04,2
244,2016-07-11,2
244,2016-07-18,1
244,2016-08-01,1
244,2016-08-08,1
244,2016-08-15,1
244,2016-08-29,1
244,2016-09-05,1
244,2016-09-12,2
244,2016-09-19,1
244,2016-09-26,2
244,2016-10-10,2
244,2016-10-17,2
244,2016-10-31,1
244,2017-01-09,1
244,2017-01-30,2
244,2017-02-20,2
244,2017-02-27,2
244,2017-04-03,1
244,2017-04-24,1
244,2017-05-29,1
244.0,2015-06-01,1
244.0,2015-08-03,1
244.0,2015-08-24,2
244.0,2015-11-09,1
244.0,2015-12-07,1
244.0,2016-01-25,1
244.0,2016-02-01,1
244.0,2016-03-21,1
244.0,2016-03-28,1
244.0,2016-04-11,1
244.0,2016-05-16,1
244.0,2016-05-23,1
244.0,2016-05-30,1
244.0,2016-06-13,1
244.0,2016-07-25,1
244.0,2016-09-12,1
244.0,2016-09-19,1
244.0,2016-10-17,1
244.0,2016-10-24,1
244.0,2016-10-31,1
244.0,2017-01-16,1
244.0,2017-01-23,1
244.0,2017-05-22,1
244.0,2017-05-29,2
244.0,2017-06-05,1
244.0,2017-06-26,1
244.0,2017-07-17,1
245,2015-05-04,1
245,2015-08-03,2
245,2015-10-05,1
245,2015-11-16,1
245,2016-03-14,1
245,2016-05-09,1
245,2016-05-23,1
245,2016-08-15,1
245,2016-10-03,2
245,2016-10-10,2
245,2016-10-17,1
245,2016-10-24,1
245,2016-11-21,1
245,2016-12-19,1
245,2017-01-16,1
245,2017-01-30,1
245,2017-02-06,1
245,2017-04-17,1
245,2017-05-15,1
245,2017-05-29,2
245.0,2016-09-26,1
245.0,2016-11-21,1
245.0,2017-03-13,1
245.0,2017-05-29,1
245.0,2017-06-05,1
245.0,2017-08-21,2
246,2015-06-15,1
246,2015-08-03,1
246,2015-11-02,1
246,2015-11-09,1
246,2016-02-22,1
246,2016-03-07,1
246,2016-04-18,1
246,2016-04-25,1
246,2016-07-11,2
246,2016-10-10,1
246,2016-10-17,2
246,2016-11-14,1
246,2016-12-12,1
246,2016-12-26,1
246,2017-01-02,1
246,2017-01-23,1
246,2017-03-13,1
246,2017-03-20,1
246,2017-03-27,1
246,2017-04-24,2
246.0,2016-05-30,1
246.0,2016-07-11,1
246.0,2016-10-17,2
246.0,2016-10-31,1
246.0,2017-03-06,1
246.0,2017-05-08,3
246.0,2017-07-10,1
246.0,2017-07-24,1
246.0,2017-08-07,1
246.0,2017-08-28,1
247,2015-03-16,1
247,2015-04-27,1
247,2015-05-25,1
247,2015-06-29,1
247,2015-09-14,2
247,2015-10-26,1
247,2015-11-09,1
247,2015-11-16,1
247,2015-12-07,1
247,2015-12-14,1
247,2016-01-11,1
247,2016-03-21,1
247,2016-03-28,1
247,2016-05-02,1
247,2016-05-09,1
247,2016-05-30,2
247,2016-06-27,1
247,2016-07-04,1
247,2016-08-01,1
247,2016-08-08,1
247,2016-08-22,1
247,2016-08-29,1
247,2016-09-12,1
247,2016-09-19,2
247,2016-10-10,1
247,2016-11-07,1
247,2016-12-05,1
247,2017-01-16,1
247,2017-01-23,1
247,2017-02-27,1
247,2017-03-06,1
247,2017-03-13,1
247,2017-03-20,1
247,2017-03-27,2
247,2017-04-03,1
247,2017-04-10,1
247,2017-05-01,1
247,2017-05-08,1
247.0,2015-12-07,1
247.0,2016-01-11,1
247.0,2016-02-22,1
247.0,2016-03-14,1
247.0,2016-03-28,1
247.0,2016-04-04,1
247.0,2016-07-25,2
247.0,2016-09-12,1
247.0,2017-01-16,1
247.0,2017-02-06,1
247.0,2017-02-20,1
247.0,2017-03-06,1
247.0,2017-04-10,1
247.0,2017-05-22,1
247.0,2017-06-19,1
247.0,2017-06-26,2
247.0,2017-07-03,1
247.0,2017-07-17,1
247.0,2017-07-31,1
248,2015-03-16,5
248,2015-03-23,20
248,2015-03-30,31
248,2015-04-06,25
248,2015-04-13,20
248,2015-04-20,38
248,2015-04-27,33
248,2015-05-04,25
248,2015-05-11,30
248,2015-05-18,33
248,2015-05-25,26
248,2015-06-01,33
248,2015-06-08,29
248,2015-06-15,22
248,2015-06-22,19
248,2015-06-29,20
248,2015-07-06,23
248,2015-07-13,27
248,2015-07-20,32
248,2015-07-27,16
248,2015-08-03,24
248,2015-08-10,22
248,2015-08-17,28
248,2015-08-24,27
248,2015-08-31,21
248,2015-09-07,20
248,2015-09-14,20
248,2015-09-21,17
248,2015-09-28,27
248,2015-10-05,20
248,2015-10-12,15
248,2015-10-19,30
248,2015-10-26,19
248,2015-11-02,19
248,2015-11-09,14
248,2015-11-16,18
248,2015-11-23,15
248,2015-11-30,17
248,2015-12-07,19
248,2015-12-14,14
248,2015-12-21,10
248,2015-12-28,16
248,2016-01-04,18
248,2016-01-11,22
248,2016-01-18,22
248,2016-01-25,19
248,2016-02-01,21
248,2016-02-08,18
248,2016-02-15,29
248,2016-02-22,22
248,2016-02-29,48
248,2016-03-07,44
248,2016-03-14,58
248,2016-03-21,43
248,2016-03-28,52
248,2016-04-04,66
248,2016-04-11,59
248,2016-04-18,48
248,2016-04-25,54
248,2016-05-02,46
248,2016-05-09,41
248,2016-05-16,48
248,2016-05-23,37
248,2016-05-30,26
248,2016-06-06,39
248,2016-06-13,36
248,2016-06-20,53
248,2016-06-27,38
248,2016-07-04,30
248,2016-07-11,46
248,2016-07-18,26
248,2016-07-25,56
248,2016-08-01,39
248,2016-08-08,50
248,2016-08-15,29
248,2016-08-22,39
248,2016-08-29,34
248,2016-09-05,59
248,2016-09-12,44
248,2016-09-19,53
248,2016-09-26,45
248,2016-10-03,59
248,2016-10-10,65
248,2016-10-17,43
248,2016-10-24,43
248,2016-10-31,38
248,2016-11-07,34
248,2016-11-14,36
248,2016-11-21,22
248,2016-11-28,25
248,2016-12-05,33
248,2016-12-12,38
248,2016-12-19,23
248,2016-12-26,28
248,2017-01-02,37
248,2017-01-09,68
248,2017-01-16,872
248,2017-01-23,405
248,2017-01-30,192
248,2017-02-06,177
248,2017-02-13,149
248,2017-02-20,123
248,2017-02-27,108
248,2017-03-06,105
248,2017-03-13,130
248,2017-03-20,108
248,2017-03-27,129
248,2017-04-03,135
248,2017-04-10,143
248,2017-04-17,107
248,2017-04-24,146
248,2017-05-01,112
248,2017-05-08,79
248,2017-05-15,34
248,2017-05-22,7
248,2017-05-29,13
248,2017-06-05,1
248,2017-06-12,3
248,2017-06-19,1
248,2017-07-10,1
248.0,2015-03-16,2
248.0,2015-03-23,12
248.0,2015-03-30,2
248.0,2015-04-06,7
248.0,2015-04-13,9
248.0,2015-04-20,9
248.0,2015-04-27,5
248.0,2015-05-04,2
248.0,2015-05-11,12
248.0,2015-05-18,3
248.0,2015-05-25,1
248.0,2015-06-01,7
248.0,2015-06-08,3
248.0,2015-06-15,8
248.0,2015-06-22,3
248.0,2015-06-29,8
248.0,2015-07-06,7
248.0,2015-07-13,9
248.0,2015-07-20,11
248.0,2015-07-27,2
248.0,2015-08-03,2
248.0,2015-08-10,1
248.0,2015-08-17,6
248.0,2015-08-24,7
248.0,2015-08-31,4
248.0,2015-09-07,6
248.0,2015-09-14,7
248.0,2015-09-21,4
248.0,2015-09-28,5
248.0,2015-10-05,6
248.0,2015-10-12,6
248.0,2015-10-19,5
248.0,2015-10-26,4
248.0,2015-11-02,6
248.0,2015-11-09,4
248.0,2015-11-16,6
248.0,2015-11-23,4
248.0,2015-11-30,13
248.0,2015-12-07,3
248.0,2015-12-14,8
248.0,2015-12-21,2
248.0,2015-12-28,6
248.0,2016-01-04,3
248.0,2016-01-11,6
248.0,2016-01-18,6
248.0,2016-01-25,5
248.0,2016-02-01,5
248.0,2016-02-08,7
248.0,2016-02-15,5
248.0,2016-02-22,14
248.0,2016-02-29,7
248.0,2016-03-07,13
248.0,2016-03-14,9
248.0,2016-03-21,11
248.0,2016-03-28,17
248.0,2016-04-04,18
248.0,2016-04-11,21
248.0,2016-04-18,13
248.0,2016-04-25,19
248.0,2016-05-02,10
248.0,2016-05-09,15
248.0,2016-05-16,12
248.0,2016-05-23,11
248.0,2016-05-30,7
248.0,2016-06-06,11
248.0,2016-06-13,12
248.0,2016-06-20,13
248.0,2016-06-27,8
248.0,2016-07-04,4
248.0,2016-07-11,13
248.0,2016-07-18,9
248.0,2016-07-25,10
248.0,2016-08-01,7
248.0,2016-08-08,14
248.0,2016-08-15,9
248.0,2016-08-22,8
248.0,2016-08-29,16
248.0,2016-09-05,15
248.0,2016-09-12,10
248.0,2016-09-19,11
248.0,2016-09-26,16
248.0,2016-10-03,14
248.0,2016-10-10,14
248.0,2016-10-17,10
248.0,2016-10-24,11
248.0,2016-10-31,13
248.0,2016-11-07,13
248.0,2016-11-14,10
248.0,2016-11-21,12
248.0,2016-11-28,12
248.0,2016-12-05,14
248.0,2016-12-12,9
248.0,2016-12-19,11
248.0,2016-12-26,13
248.0,2017-01-02,12
248.0,2017-01-09,20
248.0,2017-01-16,253
248.0,2017-01-23,112
248.0,2017-01-30,37
248.0,2017-02-06,52
248.0,2017-02-13,23
248.0,2017-02-20,36
248.0,2017-02-27,30
248.0,2017-03-06,35
248.0,2017-03-13,28
248.0,2017-03-20,22
248.0,2017-03-27,27
248.0,2017-04-03,36
248.0,2017-04-10,30
248.0,2017-04-17,9
248.0,2017-04-24,9
248.0,2017-05-01,9
248.0,2017-05-08,25
248.0,2017-05-15,59
248.0,2017-05-22,95
248.0,2017-05-29,82
248.0,2017-06-05,97
248.0,2017-06-12,90
248.0,2017-06-19,106
248.0,2017-06-26,88
248.0,2017-07-03,90
248.0,2017-07-10,118
248.0,2017-07-17,110
248.0,2017-07-24,117
248.0,2017-07-31,105
248.0,2017-08-07,44
248.0,2017-08-14,46
248.0,2017-08-21,32
248.0,2017-08-28,14
248.0,2017-09-04,17
248.0,2017-09-11,3
248.0,2017-09-18,3
248.0,2017-10-30,1
249,2015-04-13,1
249,2015-05-11,1
249,2015-05-18,1
249,2015-06-08,2
249,2015-06-29,1
249,2015-07-13,1
249,2015-07-20,1
249,2015-07-27,3
249,2015-08-03,9
249,2015-08-17,1
249,2015-09-21,2
249,2015-09-28,1
249,2015-10-05,1
249,2015-11-02,4
249,2015-11-09,1
249,2015-12-07,2
249,2015-12-21,1
249,2015-12-28,1
249,2016-01-11,3
249,2016-01-18,1
249,2016-02-01,1
249,2016-02-08,2
249,2016-02-15,1
249,2016-03-14,1
249,2016-04-11,1
249,2016-04-18,1
249,2016-04-25,1
249,2016-05-16,1
249,2016-05-30,1
249,2016-08-08,1
249,2016-08-22,1
249,2016-09-26,1
249,2016-10-03,1
249,2016-10-10,1
249,2016-10-31,5
249,2016-11-14,1
249,2016-12-12,2
249,2016-12-26,1
249,2017-01-23,1
249,2017-02-13,2
249,2017-02-27,1
249,2017-03-06,3
249,2017-04-03,1
249.0,2016-04-04,1
249.0,2016-06-13,1
249.0,2016-08-15,1
249.0,2016-09-26,1
249.0,2016-10-31,2
249.0,2016-12-19,1
249.0,2017-03-06,1
249.0,2017-05-29,1
249.0,2017-06-05,3
249.0,2017-06-12,2
249.0,2017-07-03,2
249.0,2017-08-14,1
25,2015-03-23,2
25,2015-03-30,1
25,2015-04-06,2
25,2015-04-20,3
25,2015-04-27,2
25,2015-05-18,1
25,2015-05-25,3
25,2015-06-01,2
25,2015-06-08,6
25,2015-06-15,1
25,2015-06-22,2
25,2015-06-29,6
25,2015-07-13,2
25,2015-07-20,1
25,2015-07-27,1
25,2015-08-03,3
25,2015-08-17,2
25,2015-08-31,2
25,2015-09-07,1
25,2015-09-14,4
25,2015-09-21,5
25,2015-10-05,2
25,2015-10-19,2
25,2015-10-26,2
25,2015-11-02,2
25,2015-11-09,1
25,2015-11-16,1
25,2015-11-23,1
25,2015-12-07,2
25,2015-12-21,1
25,2015-12-28,2
25,2016-01-04,1
25,2016-01-11,2
25,2016-01-25,4
25,2016-02-08,5
25,2016-02-22,2
25,2016-02-29,1
25,2016-03-28,3
25,2016-04-04,5
25,2016-04-11,3
25,2016-04-25,3
25,2016-05-09,1
25,2016-05-16,3
25,2016-05-23,2
25,2016-05-30,4
25,2016-06-06,1
25,2016-06-13,1
25,2016-06-20,2
25,2016-06-27,3
25,2016-07-04,4
25,2016-07-11,1
25,2016-07-18,3
25,2016-07-25,2
25,2016-08-01,2
25,2016-08-08,1
25,2016-08-15,5
25,2016-08-22,1
25,2016-08-29,2
25,2016-09-05,2
25,2016-09-12,4
25,2016-09-19,3
25,2016-09-26,1
25,2016-10-03,2
25,2016-10-17,4
25,2016-10-24,5
25,2016-10-31,4
25,2016-11-07,5
25,2016-11-14,4
25,2016-11-21,1
25,2016-11-28,2
25,2016-12-12,4
25,2016-12-19,1
25,2016-12-26,7
25,2017-01-02,1
25,2017-01-09,6
25,2017-01-16,2
25,2017-01-23,2
25,2017-01-30,3
25,2017-02-06,1
25,2017-02-13,1
25,2017-02-20,6
25,2017-02-27,2
25,2017-03-06,4
25,2017-03-13,2
25,2017-03-20,5
25,2017-03-27,5
25,2017-04-03,3
25,2017-04-10,3
25,2017-04-17,1
25,2017-04-24,3
25,2017-05-01,2
25,2017-05-08,3
25,2017-05-15,2
25,2017-05-22,1
25.0,2015-04-13,1
25.0,2015-04-20,1
25.0,2015-06-01,1
25.0,2015-06-08,2
25.0,2015-07-13,2
25.0,2015-07-20,1
25.0,2015-08-10,3
25.0,2015-08-17,1
25.0,2015-09-28,1
25.0,2015-10-19,2
25.0,2015-11-02,1
25.0,2015-11-09,1
25.0,2015-12-14,1
25.0,2016-01-25,2
25.0,2016-02-22,1
25.0,2016-03-28,1
25.0,2016-04-04,1
25.0,2016-04-11,2
25.0,2016-05-16,1
25.0,2016-05-23,1
25.0,2016-05-30,1
25.0,2016-06-06,1
25.0,2016-06-20,1
25.0,2016-07-04,1
25.0,2016-07-25,1
25.0,2016-08-08,1
25.0,2016-08-15,1
25.0,2016-09-05,1
25.0,2016-10-10,1
25.0,2016-10-17,1
25.0,2016-10-24,1
25.0,2016-11-28,1
25.0,2016-12-05,1
25.0,2016-12-19,1
25.0,2016-12-26,2
25.0,2017-01-02,1
25.0,2017-02-06,1
25.0,2017-02-13,2
25.0,2017-02-20,1
25.0,2017-03-06,1
25.0,2017-03-13,1
25.0,2017-03-27,1
25.0,2017-04-03,1
25.0,2017-05-01,2
25.0,2017-05-08,2
25.0,2017-05-15,2
25.0,2017-05-22,2
25.0,2017-05-29,5
25.0,2017-06-05,16
25.0,2017-06-12,5
25.0,2017-06-19,2
25.0,2017-06-26,4
25.0,2017-07-03,3
25.0,2017-07-10,6
25.0,2017-07-17,2
25.0,2017-07-24,2
25.0,2017-07-31,2
250,2015-11-02,1
250,2016-01-11,1
250,2016-01-18,1
250,2016-01-25,1
250,2016-02-22,1
250,2016-02-29,3
250,2016-03-07,5
250,2016-03-14,1
250,2016-04-11,1
250,2016-05-09,1
250,2016-05-16,1
250,2016-06-06,2
250,2016-06-13,1
250,2016-10-03,2
250,2016-10-10,2
250,2016-10-31,1
250,2016-11-28,1
250,2017-05-15,1
250.0,2015-08-31,1
250.0,2016-01-11,1
250.0,2016-02-15,1
250.0,2016-04-25,1
250.0,2017-01-23,1
250.0,2017-03-20,1
250.0,2017-05-29,1
250.0,2017-06-26,1
250.0,2017-07-10,2
250.0,2017-08-07,1
251,2015-03-30,2
251,2015-05-04,1
251,2015-05-11,3
251,2015-05-18,1
251,2015-05-25,1
251,2015-06-01,1
251,2015-06-15,2
251,2015-07-27,2
251,2015-08-03,1
251,2015-08-24,1
251,2015-09-07,1
251,2015-11-09,1
251,2016-01-04,2
251,2016-04-25,1
251,2016-05-23,1
251,2016-06-27,1
251,2016-07-25,2
251,2016-11-28,1
251,2016-12-12,1
251,2017-01-09,1
251,2017-03-13,1
251.0,2016-04-25,1
251.0,2017-06-26,1
251.0,2017-07-03,1
251.0,2017-07-10,1
252,2015-03-23,1
252,2015-03-30,1
252,2015-04-13,1
252,2015-04-20,1
252,2015-05-25,1
252,2015-06-01,1
252,2015-08-17,1
252,2015-10-12,1
252,2016-01-04,1
252,2016-01-25,1
252,2016-02-08,1
252,2016-04-18,1
252,2016-05-09,1
252,2016-05-23,1
252,2016-06-13,1
252,2016-06-27,1
252,2016-07-18,1
252,2016-07-25,3
252,2016-08-01,1
252,2016-08-15,2
252,2016-08-22,1
252,2016-08-29,2
252,2016-09-12,1
252,2016-09-26,1
252,2016-11-28,1
252,2016-12-05,2
252,2016-12-12,1
252,2016-12-19,1
252,2017-01-23,3
252,2017-02-06,1
252,2017-02-13,1
252,2017-02-27,1
252,2017-04-24,3
252,2017-05-15,2
252.0,2015-06-22,1
252.0,2015-08-24,1
252.0,2015-11-09,1
252.0,2016-01-18,1
252.0,2016-02-08,1
252.0,2016-03-14,1
252.0,2016-08-29,1
252.0,2016-09-19,1
252.0,2016-09-26,1
252.0,2016-10-24,1
252.0,2016-11-14,1
252.0,2016-12-05,1
252.0,2017-01-23,1
252.0,2017-01-30,1
252.0,2017-02-20,2
252.0,2017-05-15,1
252.0,2017-06-19,1
252.0,2017-07-03,3
252.0,2017-07-17,4
252.0,2017-07-24,3
252.0,2017-07-31,1
253,2015-04-13,1
253,2015-05-04,1
253,2015-07-20,1
253,2015-07-27,1
253,2015-08-03,1
253,2015-09-21,1
253,2015-10-19,1
253,2016-02-15,1
253,2016-02-22,1
253,2016-04-18,1
253,2016-05-02,1
253,2016-05-16,1
253,2016-06-13,1
253,2016-06-27,1
253,2016-07-11,1
253,2016-08-08,1
253,2016-09-12,1
253,2016-10-03,1
253,2016-10-24,2
253,2016-11-21,1
253,2016-12-26,1
253,2017-02-13,1
253,2017-02-27,1
253,2017-03-20,2
253,2017-03-27,1
253,2017-04-17,1
253.0,2015-12-21,1
253.0,2016-01-18,1
253.0,2016-07-18,1
253.0,2017-03-27,1
253.0,2017-06-05,1
253.0,2017-06-12,1
253.0,2017-06-19,1
253.0,2017-07-17,2
253.0,2017-07-31,1
253.0,2017-08-21,2
254,2015-04-06,1
254,2015-05-18,1
254,2016-04-25,1
254,2016-06-20,1
254,2016-07-11,1
254,2016-07-25,1
254,2016-09-19,1
254,2016-10-24,1
254,2016-11-07,3
254,2016-11-14,5
254,2016-11-21,2
254,2016-12-19,1
254,2017-01-02,1
254,2017-03-20,2
254,2017-04-10,1
254,2017-04-17,2
254,2017-05-08,1
254,2017-05-22,1
254.0,2016-06-20,1
254.0,2016-07-25,1
254.0,2016-10-24,1
254.0,2016-11-07,1
254.0,2016-11-28,1
254.0,2017-05-29,2
254.0,2017-07-10,1
254.0,2017-07-17,2
254.0,2017-07-24,1
254.0,2017-07-31,1
254.0,2017-08-14,1
255,2015-03-23,3
255,2015-03-30,4
255,2015-04-06,8
255,2015-04-13,5
255,2015-04-20,3
255,2015-04-27,3
255,2015-05-04,2
255,2015-05-11,4
255,2015-05-18,1
255,2015-05-25,4
255,2015-06-01,3
255,2015-06-08,1
255,2015-06-15,4
255,2015-06-22,2
255,2015-06-29,1
255,2015-07-06,5
255,2015-07-13,4
255,2015-07-20,1
255,2015-07-27,3
255,2015-08-03,3
255,2015-08-10,2
255,2015-08-17,3
255,2015-08-24,3
255,2015-08-31,1
255,2015-09-07,1
255,2015-09-14,1
255,2015-09-21,1
255,2015-09-28,1
255,2015-10-05,5
255,2015-10-12,2
255,2015-10-19,3
255,2015-11-09,1
255,2015-11-16,1
255,2015-11-23,1
255,2015-11-30,1
255,2015-12-07,3
255,2015-12-14,1
255,2015-12-21,1
255,2016-01-04,1
255,2016-01-18,1
255,2016-02-08,1
255,2016-02-15,1
255,2016-02-22,3
255,2016-03-07,3
255,2016-03-14,1
255,2016-03-21,2
255,2016-04-11,1
255,2016-04-18,3
255,2016-04-25,1
255,2016-05-02,1
255,2016-05-09,3
255,2016-05-16,1
255,2016-05-30,1
255,2016-06-06,1
255,2016-06-13,2
255,2016-06-27,4
255,2016-07-04,2
255,2016-07-11,4
255,2016-07-25,1
255,2016-08-22,2
255,2016-09-12,2
255,2016-09-19,2
255,2016-10-03,4
255,2016-10-17,1
255,2016-10-24,1
255,2016-11-07,3
255,2016-11-14,3
255,2016-11-28,1
255,2016-12-05,1
255,2016-12-12,1
255,2016-12-19,1
255,2016-12-26,1
255,2017-01-16,1
255,2017-02-20,1
255,2017-02-27,1
255,2017-03-27,1
255,2017-04-03,1
255,2017-04-10,3
255,2017-04-17,3
255,2017-04-24,4
255,2017-05-01,2
255,2017-05-08,1
255,2017-05-15,2
255,2017-05-29,2
255,2017-06-05,1
255,2017-06-19,1
255,2017-07-03,1
255.0,2015-03-23,1
255.0,2015-04-06,1
255.0,2015-04-13,1
255.0,2015-05-11,2
255.0,2015-05-18,2
255.0,2015-06-01,1
255.0,2015-06-08,1
255.0,2015-06-15,1
255.0,2015-06-22,1
255.0,2015-06-29,1
255.0,2015-07-13,1
255.0,2015-07-20,2
255.0,2015-08-31,1
255.0,2015-09-28,1
255.0,2015-10-05,1
255.0,2015-11-02,1
255.0,2015-12-07,2
255.0,2016-03-28,2
255.0,2016-06-13,1
255.0,2016-07-18,1
255.0,2016-09-05,1
255.0,2016-09-26,1
255.0,2016-10-10,1
255.0,2016-10-31,1
255.0,2016-11-28,1
255.0,2016-12-19,1
255.0,2017-01-02,1
255.0,2017-01-09,3
255.0,2017-01-16,2
255.0,2017-01-23,1
255.0,2017-01-30,5
255.0,2017-02-06,3
255.0,2017-02-13,3
255.0,2017-02-20,2
255.0,2017-02-27,2
255.0,2017-03-06,4
255.0,2017-03-13,5
255.0,2017-03-20,1
255.0,2017-03-27,4
255.0,2017-04-03,1
255.0,2017-04-10,2
255.0,2017-05-01,1
255.0,2017-05-15,3
255.0,2017-05-22,1
255.0,2017-05-29,2
255.0,2017-06-05,1
255.0,2017-06-19,1
255.0,2017-06-26,2
255.0,2017-07-03,3
255.0,2017-07-10,3
255.0,2017-07-17,3
255.0,2017-07-24,3
255.0,2017-07-31,2
256,2015-07-27,1
256,2015-08-03,1
256,2015-10-05,1
256,2015-10-12,1
256,2015-11-16,3
256,2015-11-23,1
256,2015-11-30,1
256,2015-12-14,1
256,2015-12-21,1
256,2016-01-25,1
256,2016-02-01,2
256,2016-02-08,1
256,2016-02-29,3
256,2016-03-07,3
256,2016-03-14,5
256,2016-04-04,1
256,2016-04-11,1
256,2016-06-06,1
256,2016-08-22,1
256,2016-09-05,1
256,2016-09-19,1
256,2016-12-12,1
256,2017-01-09,1
256,2017-01-23,1
256,2017-01-30,1
256,2017-03-13,1
256,2017-03-20,1
256,2017-04-03,1
256,2017-04-10,1
256,2017-04-17,2
256,2017-05-08,1
256.0,2015-07-20,1
256.0,2015-10-12,1
256.0,2016-04-25,1
256.0,2017-05-29,1
256.0,2017-06-26,1
256.0,2017-07-03,1
256.0,2017-07-10,1
256.0,2017-08-14,2
257,2015-03-16,1
257,2015-04-06,1
257,2015-04-13,2
257,2015-04-27,1
257,2015-05-11,1
257,2015-05-18,8
257,2015-05-25,2
257,2015-06-01,3
257,2015-06-08,3
257,2015-06-15,1
257,2015-06-29,1
257,2015-07-20,3
257,2015-07-27,4
257,2015-08-31,2
257,2015-09-07,5
257,2015-09-28,1
257,2015-10-19,1
257,2015-11-02,3
257,2015-11-09,2
257,2015-11-23,1
257,2015-11-30,2
257,2015-12-14,1
257,2016-01-04,2
257,2016-01-11,3
257,2016-01-18,2
257,2016-02-01,1
257,2016-02-08,1
257,2016-02-15,2
257,2016-02-22,1
257,2016-02-29,1
257,2016-03-07,4
257,2016-03-14,2
257,2016-03-21,4
257,2016-03-28,1
257,2016-04-04,2
257,2016-04-11,5
257,2016-05-02,2
257,2016-05-16,3
257,2016-05-23,2
257,2016-05-30,1
257,2016-06-06,1
257,2016-06-20,1
257,2016-07-25,1
257,2016-08-01,3
257,2016-08-08,3
257,2016-08-15,1
257,2016-08-22,1
257,2016-08-29,3
257,2016-09-12,2
257,2016-09-19,4
257,2016-09-26,2
257,2016-10-03,1
257,2016-10-10,4
257,2016-10-17,1
257,2016-10-24,2
257,2016-10-31,1
257,2016-11-07,1
257,2016-11-28,3
257,2016-12-05,1
257,2016-12-12,3
257,2016-12-19,1
257,2016-12-26,1
257,2017-01-09,2
257,2017-01-23,1
257,2017-02-06,1
257,2017-02-20,2
257,2017-02-27,3
257,2017-03-20,1
257,2017-03-27,1
257,2017-04-03,1
257,2017-04-10,5
257,2017-04-17,5
257,2017-04-24,2
257,2017-05-01,6
257,2017-05-08,2
257,2017-05-15,3
257,2017-06-05,2
257,2017-06-12,2
257.0,2015-03-30,1
257.0,2015-04-13,1
257.0,2015-05-04,1
257.0,2015-06-01,1
257.0,2015-06-08,1
257.0,2015-06-22,1
257.0,2015-07-27,3
257.0,2015-09-07,1
257.0,2015-09-14,1
257.0,2015-09-21,1
257.0,2015-09-28,1
257.0,2015-10-19,1
257.0,2015-11-02,1
257.0,2015-11-09,1
257.0,2015-11-16,1
257.0,2015-12-14,1
257.0,2016-02-01,1
257.0,2016-02-08,1
257.0,2016-02-15,1
257.0,2016-02-22,2
257.0,2016-03-14,2
257.0,2016-04-04,1
257.0,2016-04-25,2
257.0,2016-05-16,1
257.0,2016-07-04,2
257.0,2016-08-08,1
257.0,2016-08-29,2
257.0,2016-10-24,2
257.0,2016-11-07,1
257.0,2016-11-21,2
257.0,2016-11-28,1
257.0,2016-12-19,1
257.0,2017-01-02,1
257.0,2017-01-16,1
257.0,2017-01-23,1
257.0,2017-03-27,2
257.0,2017-05-08,3
257.0,2017-05-15,5
257.0,2017-05-22,5
257.0,2017-06-05,4
257.0,2017-06-12,4
257.0,2017-06-26,2
257.0,2017-07-03,3
257.0,2017-07-10,1
257.0,2017-07-17,1
257.0,2017-07-24,5
257.0,2017-07-31,8
257.0,2017-08-14,1
257.0,2017-08-21,6
257.0,2017-09-04,1
258,2015-03-16,2
258,2015-03-23,2
258,2015-04-06,3
258,2015-04-13,3
258,2015-05-04,1
258,2015-05-11,1
258,2015-05-18,2
258,2015-05-25,3
258,2015-06-01,1
258,2015-06-29,2
258,2015-07-13,2
258,2015-07-20,1
258,2015-08-17,2
258,2015-08-24,1
258,2015-08-31,1
258,2015-09-07,3
258,2015-09-14,1
258,2015-09-21,2
258,2015-10-12,2
258,2015-10-19,2
258,2015-10-26,1
258,2015-11-16,1
258,2015-11-30,2
258,2015-12-07,1
258,2015-12-14,1
258,2015-12-21,1
258,2016-01-04,2
258,2016-01-18,1
258,2016-01-25,1
258,2016-02-01,1
258,2016-02-08,1
258,2016-02-15,1
258,2016-02-22,1
258,2016-03-14,1
258,2016-04-04,1
258,2016-04-11,1
258,2016-04-18,1
258,2016-04-25,2
258,2016-05-02,1
258,2016-05-09,1
258,2016-05-16,1
258,2016-05-23,1
258,2016-06-20,1
258,2016-07-04,3
258,2016-07-18,1
258,2016-07-25,3
258,2016-08-01,1
258,2016-08-15,1
258,2016-09-05,1
258,2016-09-19,1
258,2016-09-26,1
258,2016-10-31,1
258,2016-11-07,2
258,2016-11-14,2
258,2016-11-28,1
258,2016-12-05,1
258,2016-12-12,1
258,2016-12-19,1
258,2017-01-02,1
258,2017-01-09,1
258,2017-01-16,2
258,2017-01-30,1
258,2017-02-06,1
258,2017-02-20,1
258,2017-02-27,1
258,2017-03-20,1
258,2017-03-27,4
258,2017-04-03,2
258,2017-04-10,1
258,2017-04-17,2
258,2017-05-08,1
258.0,2015-03-30,2
258.0,2015-04-13,1
258.0,2015-04-20,1
258.0,2015-06-29,1
258.0,2015-07-06,1
258.0,2015-07-13,1
258.0,2015-08-17,2
258.0,2015-09-14,1
258.0,2015-11-16,1
258.0,2015-12-07,1
258.0,2016-03-07,1
258.0,2016-04-04,2
258.0,2016-04-18,1
258.0,2016-05-09,1
258.0,2016-05-23,1
258.0,2016-05-30,2
258.0,2016-06-06,1
258.0,2016-06-13,1
258.0,2016-08-29,1
258.0,2016-09-05,1
258.0,2016-09-12,1
258.0,2017-01-02,1
258.0,2017-03-20,1
258.0,2017-04-10,1
258.0,2017-04-17,1
258.0,2017-05-22,2
258.0,2017-05-29,1
258.0,2017-06-05,1
258.0,2017-06-26,2
258.0,2017-07-10,1
258.0,2017-07-17,2
258.0,2017-07-24,2
258.0,2017-08-07,1
258.0,2017-09-18,2
259,2015-03-30,3
259,2015-04-06,1
259,2015-04-27,1
259,2015-05-04,1
259,2015-07-13,1
259,2015-08-17,1
259,2015-09-14,1
259,2015-09-21,1
259,2015-09-28,1
259,2015-10-26,1
259,2015-12-07,1
259,2016-01-04,1
259,2016-01-11,1
259,2016-01-18,1
259,2016-01-25,1
259,2016-02-01,2
259,2016-02-08,1
259,2016-02-22,1
259,2016-03-21,1
259,2016-04-11,2
259,2016-05-23,1
259,2016-05-30,1
259,2016-06-06,1
259,2016-07-04,2
259,2016-07-18,1
259,2016-08-01,1
259,2016-08-22,1
259,2016-09-05,1
259,2016-09-19,1
259,2016-10-10,1
259,2016-11-07,1
259,2017-01-09,1
259,2017-01-23,1
259,2017-02-13,1
259,2017-02-20,2
259,2017-03-06,1
259,2017-03-20,1
259,2017-05-01,3
259,2017-05-29,1
259.0,2015-03-30,1
259.0,2015-10-05,1
259.0,2016-02-08,1
259.0,2016-08-01,1
259.0,2016-10-10,1
259.0,2016-12-12,2
259.0,2017-01-23,1
259.0,2017-05-22,2
259.0,2017-06-12,1
259.0,2017-07-10,2
259.0,2017-07-17,1
259.0,2017-07-24,1
259.0,2017-08-07,1
259.0,2017-09-18,1
26,2015-04-06,2
26,2015-04-13,2
26,2015-04-20,1
26,2015-04-27,1
26,2015-05-11,1
26,2015-06-01,3
26,2015-06-08,1
26,2015-06-15,1
26,2015-06-22,2
26,2015-07-13,1
26,2015-07-27,1
26,2015-08-03,1
26,2015-08-10,1
26,2015-08-31,1
26,2015-10-19,1
26,2015-11-02,1
26,2015-11-09,1
26,2015-12-14,1
26,2015-12-28,1
26,2016-05-02,1
26,2016-05-23,2
26,2016-07-11,1
26,2016-09-12,1
26,2016-10-24,1
26,2016-11-28,2
26,2017-02-06,1
26,2017-02-13,1
26,2017-02-27,1
26,2017-04-03,1
26,2017-04-10,1
26,2017-05-01,1
26.0,2015-05-11,1
26.0,2015-07-06,1
26.0,2015-07-27,1
26.0,2015-08-03,1
26.0,2015-08-10,1
26.0,2015-08-24,1
26.0,2015-09-14,2
26.0,2015-11-09,1
26.0,2015-11-16,1
26.0,2016-01-25,1
26.0,2016-02-01,1
26.0,2016-02-22,1
26.0,2016-05-30,1
26.0,2016-06-27,1
26.0,2016-10-03,1
26.0,2016-10-10,1
26.0,2016-10-17,1
26.0,2017-01-09,1
26.0,2017-01-16,1
26.0,2017-02-20,1
26.0,2017-06-19,2
26.0,2017-06-26,1
26.0,2017-07-03,1
26.0,2017-07-10,1
26.0,2017-07-17,1
26.0,2017-08-21,1
260,2015-03-16,1
260,2015-03-23,1
260,2015-03-30,1
260,2015-04-06,6
260,2015-04-13,2
260,2015-04-20,1
260,2015-04-27,5
260,2015-05-04,2
260,2015-05-18,2
260,2015-05-25,1
260,2015-06-01,3
260,2015-06-08,3
260,2015-06-22,2
260,2015-06-29,3
260,2015-07-06,2
260,2015-07-13,4
260,2015-07-20,4
260,2015-07-27,3
260,2015-08-03,1
260,2015-08-10,2
260,2015-08-17,4
260,2015-08-24,3
260,2015-08-31,3
260,2015-09-14,2
260,2015-09-28,1
260,2015-10-05,1
260,2015-10-12,2
260,2015-10-19,1
260,2015-11-02,4
260,2015-11-09,3
260,2015-11-16,2
260,2015-11-23,1
260,2015-12-07,4
260,2015-12-14,1
260,2015-12-21,1
260,2015-12-28,3
260,2016-01-04,1
260,2016-01-11,1
260,2016-01-25,2
260,2016-02-01,1
260,2016-02-08,1
260,2016-02-15,3
260,2016-02-29,1
260,2016-03-07,4
260,2016-03-14,1
260,2016-03-21,2
260,2016-04-04,3
260,2016-04-11,1
260,2016-04-18,2
260,2016-05-02,2
260,2016-05-09,4
260,2016-05-16,1
260,2016-06-06,1
260,2016-06-20,3
260,2016-07-11,3
260,2016-07-18,2
260,2016-08-01,2
260,2016-08-15,2
260,2016-08-29,1
260,2016-09-12,3
260,2016-10-10,2
260,2016-10-17,1
260,2016-10-24,1
260,2016-10-31,1
260,2016-11-21,2
260,2016-12-26,2
260,2017-01-02,3
260,2017-01-09,1
260,2017-01-16,3
260,2017-01-23,2
260,2017-01-30,1
260,2017-02-06,1
260,2017-02-13,1
260,2017-02-20,2
260,2017-02-27,2
260,2017-03-06,2
260,2017-03-13,1
260,2017-03-20,1
260,2017-03-27,2
260,2017-04-10,3
260,2017-04-17,3
260,2017-04-24,2
260,2017-05-01,2
260,2017-05-08,2
260,2017-05-15,1
260,2017-06-12,1
260.0,2015-03-16,1
260.0,2015-03-30,1
260.0,2015-04-06,1
260.0,2015-05-04,1
260.0,2015-05-25,2
260.0,2015-06-01,1
260.0,2015-06-08,1
260.0,2015-06-15,1
260.0,2015-07-27,3
260.0,2015-08-17,1
260.0,2015-09-07,1
260.0,2015-09-14,1
260.0,2015-09-28,1
260.0,2015-10-05,1
260.0,2015-10-19,1
260.0,2015-10-26,1
260.0,2015-11-09,1
260.0,2015-11-16,1
260.0,2015-12-14,1
260.0,2016-01-18,1
260.0,2016-02-01,1
260.0,2016-04-11,2
260.0,2016-04-25,1
260.0,2016-06-20,1
260.0,2016-07-04,1
260.0,2016-08-01,1
260.0,2016-09-12,1
260.0,2016-12-05,3
260.0,2016-12-19,2
260.0,2017-01-02,2
260.0,2017-01-09,1
260.0,2017-01-23,1
260.0,2017-03-06,1
260.0,2017-05-29,2
260.0,2017-06-12,1
260.0,2017-06-19,3
260.0,2017-06-26,1
260.0,2017-07-03,1
260.0,2017-07-10,3
260.0,2017-08-07,1
260.0,2017-08-14,1
260.0,2017-08-28,1
261,2015-03-16,1
261,2015-03-23,1
261,2015-05-04,1
261,2015-05-11,1
261,2015-06-01,4
261,2015-06-08,2
261,2015-06-15,1
261,2015-06-29,1
261,2015-07-06,1
261,2015-07-13,2
261,2015-07-20,1
261,2015-08-03,1
261,2015-08-10,4
261,2015-08-24,1
261,2015-09-28,1
261,2015-10-12,1
261,2015-12-07,1
261,2015-12-21,2
261,2016-01-18,1
261,2016-01-25,1
261,2016-02-01,2
261,2016-04-04,1
261,2016-05-16,1
261,2016-06-27,1
261,2016-08-01,1
261,2016-08-08,1
261,2016-09-05,1
261,2016-10-17,1
261,2016-12-05,1
261,2016-12-12,1
261,2017-02-20,1
261,2017-02-27,1
261,2017-03-06,1
261,2017-04-03,1
261,2017-04-24,1
261,2017-05-01,1
261.0,2016-07-25,1
261.0,2016-09-12,1
261.0,2016-12-26,1
261.0,2017-01-09,1
261.0,2017-05-15,1
261.0,2017-05-29,1
261.0,2017-06-26,1
261.0,2017-07-10,2
261.0,2017-07-24,1
261.0,2017-07-31,1
261.0,2017-09-04,1
261.0,2017-09-11,11
261.0,2017-09-18,4
261.0,2017-09-25,1
262,2015-03-30,1
262,2015-06-08,1
262,2015-06-15,1
262,2015-09-28,1
262,2015-11-30,1
262,2015-12-07,1
262,2015-12-28,1
262,2016-03-28,2
262,2016-04-04,1
262,2016-05-02,2
262,2016-06-06,1
262,2016-06-27,1
262,2016-07-11,2
262,2016-07-25,1
262,2016-08-01,1
262,2016-08-15,1
262,2016-09-19,1
262,2016-10-03,1
262,2016-10-24,1
262,2017-01-02,1
262,2017-01-09,1
262,2017-01-30,1
262,2017-02-13,1
262,2017-03-20,1
262,2017-03-27,1
262,2017-04-24,1
262,2017-05-08,1
262.0,2015-04-27,1
262.0,2015-05-25,1
262.0,2015-08-03,1
262.0,2016-04-25,1
262.0,2016-05-09,1
262.0,2016-09-19,2
262.0,2016-12-12,1
262.0,2017-05-15,1
262.0,2017-05-29,1
262.0,2017-06-19,1
262.0,2017-07-24,1
262.0,2017-08-07,1
262.0,2017-08-14,1
263,2015-03-16,1
263,2015-03-30,1
263,2015-04-20,1
263,2015-05-11,2
263,2015-05-18,1
263,2015-06-29,1
263,2015-07-13,2
263,2015-07-20,1
263,2015-07-27,1
263,2015-08-03,2
263,2015-09-21,1
263,2015-10-05,2
263,2015-10-26,2
263,2015-12-07,1
263,2015-12-14,2
263,2015-12-21,1
263,2016-02-01,1
263,2016-03-07,4
263,2016-03-28,1
263,2016-04-11,1
263,2016-05-09,1
263,2016-06-06,1
263,2016-06-20,1
263,2016-06-27,1
263,2016-07-04,2
263,2016-07-18,1
263,2016-09-05,2
263,2016-09-19,2
263,2016-10-03,1
263,2016-10-17,1
263,2016-11-07,1
263,2016-11-28,1
263,2016-12-12,1
263,2016-12-19,3
263,2017-01-02,1
263,2017-01-30,1
263,2017-02-06,1
263,2017-02-13,1
263,2017-02-20,3
263,2017-03-13,2
263,2017-03-20,1
263,2017-03-27,1
263,2017-04-17,1
263,2017-04-24,1
263,2017-05-01,1
263,2017-05-08,3
263.0,2015-08-31,1
263.0,2015-12-28,1
263.0,2016-03-28,1
263.0,2016-08-01,1
263.0,2016-09-12,1
263.0,2016-09-26,1
263.0,2016-12-26,1
263.0,2017-04-17,2
263.0,2017-06-19,2
263.0,2017-06-26,2
263.0,2017-07-03,1
263.0,2017-07-10,1
263.0,2017-07-17,2
263.0,2017-07-24,1
263.0,2017-08-14,2
264,2015-03-23,1
264,2015-04-13,1
264,2015-04-20,1
264,2015-04-27,1
264,2015-05-04,1
264,2015-05-18,2
264,2015-06-08,1
264,2015-07-06,1
264,2015-07-13,1
264,2015-08-17,1
264,2015-08-24,2
264,2015-09-14,1
264,2015-10-05,1
264,2015-10-12,1
264,2015-12-21,1
264,2016-01-04,1
264,2016-01-18,2
264,2016-01-25,1
264,2016-02-01,2
264,2016-02-08,1
264,2016-04-11,1
264,2016-04-18,2
264,2016-07-11,2
264,2016-08-01,1
264,2016-09-19,1
264,2016-10-17,1
264,2016-10-24,2
264,2016-10-31,1
264,2017-01-16,1
264,2017-01-30,1
264,2017-02-06,1
264,2017-02-13,1
264,2017-03-13,1
264,2017-04-03,1
264,2017-05-01,1
264,2017-05-15,1
264.0,2015-04-27,1
264.0,2015-05-11,1
264.0,2015-06-15,1
264.0,2015-09-28,1
264.0,2015-10-19,1
264.0,2016-05-09,1
264.0,2016-06-27,1
264.0,2016-07-25,1
264.0,2016-10-31,1
264.0,2017-01-09,1
264.0,2017-01-16,1
264.0,2017-01-23,1
264.0,2017-04-03,1
264.0,2017-05-29,1
264.0,2017-06-12,1
264.0,2017-06-19,2
264.0,2017-07-17,1
264.0,2017-08-21,1
265,2015-04-06,1
265,2015-04-13,2
265,2015-04-20,2
265,2015-04-27,1
265,2015-05-11,1
265,2015-08-10,1
265,2015-08-17,1
265,2015-08-31,1
265,2015-09-07,1
265,2015-11-02,2
265,2016-02-08,1
265,2016-02-29,1
265,2016-04-11,1
265,2016-04-25,1
265,2016-06-27,1
265,2016-08-15,1
265,2016-09-05,1
265,2017-02-20,1
265,2017-03-13,1
265,2017-03-20,1
265,2017-04-03,3
265,2017-04-17,1
265,2017-04-24,1
265,2017-05-01,1
265.0,2015-04-27,2
265.0,2015-09-07,1
265.0,2015-11-02,1
265.0,2015-11-16,1
265.0,2016-03-28,1
265.0,2016-05-09,1
265.0,2016-05-30,1
265.0,2016-06-27,1
265.0,2016-09-26,1
265.0,2017-05-08,1
265.0,2017-06-05,1
265.0,2017-06-12,1
265.0,2017-07-03,1
265.0,2017-07-17,1
265.0,2017-07-24,1
265.0,2017-08-07,1
265.0,2017-08-14,1
266,2015-03-16,1
266,2015-03-23,3
266,2015-04-06,2
266,2015-04-13,7
266,2015-04-27,5
266,2015-05-04,2
266,2015-05-11,4
266,2015-05-18,2
266,2015-05-25,4
266,2015-06-08,3
266,2015-06-15,3
266,2015-06-22,2
266,2015-06-29,8
266,2015-07-06,9
266,2015-07-13,12
266,2015-07-20,14
266,2015-07-27,7
266,2015-08-03,8
266,2015-08-10,9
266,2015-08-17,4
266,2015-08-24,10
266,2015-08-31,7
266,2015-09-07,3
266,2015-09-14,6
266,2015-09-21,7
266,2015-09-28,8
266,2015-10-05,2
266,2015-10-12,7
266,2015-10-19,7
266,2015-10-26,7
266,2015-11-02,4
266,2015-11-09,8
266,2015-11-16,2
266,2015-11-23,9
266,2015-11-30,4
266,2015-12-07,5
266,2015-12-14,2
266,2015-12-21,2
266,2015-12-28,4
266,2016-01-04,1
266,2016-01-11,5
266,2016-01-18,4
266,2016-01-25,4
266,2016-02-01,3
266,2016-02-08,3
266,2016-02-15,2
266,2016-02-22,5
266,2016-02-29,2
266,2016-03-07,5
266,2016-03-14,6
266,2016-03-21,3
266,2016-03-28,5
266,2016-04-04,3
266,2016-04-11,9
266,2016-04-18,3
266,2016-04-25,1
266,2016-05-02,5
266,2016-05-16,6
266,2016-05-23,7
266,2016-05-30,3
266,2016-06-06,5
266,2016-06-13,1
266,2016-06-20,3
266,2016-06-27,5
266,2016-07-04,2
266,2016-07-11,7
266,2016-07-18,11
266,2016-07-25,1
266,2016-08-01,7
266,2016-08-08,10
266,2016-08-15,8
266,2016-08-22,6
266,2016-08-29,4
266,2016-09-05,5
266,2016-09-12,2
266,2016-09-19,4
266,2016-09-26,11
266,2016-10-03,6
266,2016-10-10,8
266,2016-10-17,10
266,2016-10-24,5
266,2016-10-31,2
266,2016-11-07,5
266,2016-11-14,5
266,2016-11-21,3
266,2016-12-05,4
266,2016-12-12,7
266,2016-12-19,3
266,2016-12-26,5
266,2017-01-02,5
266,2017-01-09,1
266,2017-01-16,4
266,2017-01-23,5
266,2017-01-30,8
266,2017-02-06,9
266,2017-02-13,5
266,2017-02-20,3
266,2017-02-27,5
266,2017-03-06,5
266,2017-03-13,5
266,2017-03-20,6
266,2017-03-27,4
266,2017-04-03,5
266,2017-04-10,6
266,2017-04-17,10
266,2017-04-24,13
266,2017-05-01,2
266,2017-05-08,3
266,2017-05-15,2
266,2017-05-22,1
266,2017-06-05,1
266,2017-07-10,2
266.0,2015-03-23,2
266.0,2015-04-13,1
266.0,2015-05-04,1
266.0,2015-06-22,1
266.0,2015-06-29,2
266.0,2015-07-06,2
266.0,2015-07-13,3
266.0,2015-07-20,2
266.0,2015-07-27,3
266.0,2015-08-03,1
266.0,2015-08-10,1
266.0,2015-08-17,1
266.0,2015-08-24,2
266.0,2015-09-07,1
266.0,2015-09-14,1
266.0,2015-09-28,1
266.0,2015-10-05,1
266.0,2015-10-12,2
266.0,2015-11-02,2
266.0,2015-11-09,2
266.0,2015-11-16,1
266.0,2015-12-07,2
266.0,2015-12-14,1
266.0,2015-12-21,1
266.0,2015-12-28,1
266.0,2016-02-01,1
266.0,2016-02-22,1
266.0,2016-02-29,1
266.0,2016-03-07,1
266.0,2016-03-14,1
266.0,2016-03-21,2
266.0,2016-04-04,1
266.0,2016-04-11,5
266.0,2016-04-18,1
266.0,2016-05-02,1
266.0,2016-05-09,1
266.0,2016-05-16,1
266.0,2016-06-06,2
266.0,2016-06-13,3
266.0,2016-07-04,1
266.0,2016-07-18,1
266.0,2016-07-25,2
266.0,2016-08-01,2
266.0,2016-08-15,3
266.0,2016-08-22,1
266.0,2016-09-12,1
266.0,2016-09-26,2
266.0,2016-10-10,3
266.0,2016-10-17,4
266.0,2016-10-24,1
266.0,2016-10-31,1
266.0,2016-11-07,1
266.0,2016-11-21,1
266.0,2016-11-28,2
266.0,2016-12-05,2
266.0,2016-12-12,1
266.0,2016-12-19,1
266.0,2016-12-26,1
266.0,2017-01-02,1
266.0,2017-01-16,1
266.0,2017-01-23,2
266.0,2017-01-30,4
266.0,2017-02-06,2
266.0,2017-02-27,1
266.0,2017-03-06,1
266.0,2017-03-13,1
266.0,2017-03-27,1
266.0,2017-04-03,1
266.0,2017-04-10,1
266.0,2017-04-17,1
266.0,2017-04-24,1
266.0,2017-05-15,3
266.0,2017-05-22,7
266.0,2017-05-29,1
266.0,2017-06-05,5
266.0,2017-06-12,8
266.0,2017-06-19,9
266.0,2017-06-26,3
266.0,2017-07-03,5
266.0,2017-07-10,14
266.0,2017-07-17,7
266.0,2017-07-24,6
266.0,2017-07-31,3
266.0,2017-08-07,1
266.0,2017-08-14,4
266.0,2017-08-28,1
266.0,2017-09-11,1
267,2015-04-27,1
267,2015-05-04,2
267,2015-05-18,2
267,2015-06-22,2
267,2015-06-29,1
267,2015-07-06,1
267,2015-07-13,1
267,2015-07-27,1
267,2015-08-24,1
267,2015-08-31,1
267,2015-09-14,1
267,2015-09-28,2
267,2015-10-19,3
267,2015-11-02,2
267,2015-11-30,1
267,2015-12-14,1
267,2016-02-01,1
267,2016-02-29,1
267,2016-03-14,1
267,2016-04-11,2
267,2016-04-18,1
267,2016-05-09,2
267,2016-05-23,3
267,2016-06-20,2
267,2016-08-15,2
267,2016-08-22,2
267,2016-10-03,1
267,2016-10-10,1
267,2016-10-17,1
267,2016-10-24,3
267,2016-11-21,1
267,2016-12-05,2
267,2017-01-02,2
267,2017-01-16,1
267,2017-03-13,1
267,2017-03-27,1
267,2017-04-10,1
267,2017-04-24,1
267.0,2015-10-26,1
267.0,2015-11-09,1
267.0,2015-12-28,1
267.0,2016-02-15,1
267.0,2016-04-04,1
267.0,2016-05-02,1
267.0,2016-06-13,1
267.0,2016-09-05,1
267.0,2016-09-26,1
267.0,2016-10-24,1
267.0,2016-11-21,1
267.0,2017-05-22,2
267.0,2017-06-26,1
267.0,2017-08-28,1
267.0,2017-09-04,4
268,2015-05-18,1
268,2015-06-01,2
268,2015-07-13,1
268,2015-07-20,2
268,2015-08-03,1
268,2015-08-10,1
268,2015-08-17,1
268,2015-09-28,1
268,2015-10-05,1
268,2015-11-02,1
268,2015-11-23,1
268,2015-11-30,4
268,2015-12-07,1
268,2016-01-04,1
268,2016-01-11,1
268,2016-01-25,1
268,2016-02-01,1
268,2016-02-08,1
268,2016-03-14,1
268,2016-03-28,1
268,2016-04-25,1
268,2016-05-16,1
268,2016-06-27,3
268,2016-07-18,1
268,2016-07-25,1
268,2016-08-01,1
268,2016-08-08,1
268,2016-08-15,2
268,2016-08-22,1
268,2016-08-29,3
268,2016-09-12,1
268,2016-09-19,2
268,2016-10-10,2
268,2016-11-07,1
268,2016-11-28,1
268,2016-12-05,1
268,2017-01-02,1
268,2017-01-09,1
268,2017-01-30,1
268,2017-02-06,2
268,2017-02-27,1
268,2017-03-06,1
268,2017-03-13,1
268,2017-04-03,1
268,2017-04-24,1
268,2017-05-08,3
268.0,2015-06-01,1
268.0,2015-07-06,1
268.0,2016-01-11,1
268.0,2016-04-18,1
268.0,2016-06-13,1
268.0,2016-10-03,1
268.0,2017-01-09,1
268.0,2017-04-17,1
268.0,2017-05-08,1
268.0,2017-05-15,1
268.0,2017-05-29,1
268.0,2017-06-05,2
268.0,2017-06-19,4
268.0,2017-06-26,1
268.0,2017-07-10,1
268.0,2017-07-17,1
268.0,2017-07-24,2
268.0,2017-07-31,1
268.0,2017-08-21,1
268.0,2017-08-28,2
269,2015-07-27,1
269,2015-08-10,1
269,2015-10-19,4
269,2016-03-14,6
269,2016-06-20,2
269,2016-07-18,4
269,2016-08-01,2
269,2016-08-29,1
269,2016-10-03,1
269,2016-10-10,1
269,2017-01-09,2
269,2017-01-30,2
269,2017-03-13,8
269,2017-03-27,1
269,2017-04-24,1
269,2017-05-01,1
269,2017-05-08,1
269,2017-06-05,1
269,2017-07-03,1
269,2017-07-10,1
269.0,2015-10-19,1
269.0,2016-03-14,2
269.0,2016-07-18,1
269.0,2017-01-30,1
269.0,2017-05-22,2
269.0,2017-05-29,8
269.0,2017-06-12,1
269.0,2017-07-03,3
269.0,2017-07-10,3
269.0,2017-07-31,3
269.0,2017-08-14,1
269.0,2017-08-28,1
27,2015-03-16,1
27,2015-04-13,1
27,2016-02-29,1
27,2016-03-07,1
27,2016-03-21,1
27,2016-04-25,1
27,2016-05-02,1
27,2016-05-16,3
27,2016-05-23,1
27,2016-05-30,1
27,2016-06-06,1
27,2016-06-13,1
27,2016-06-20,2
27,2016-06-27,1
27,2016-07-04,1
27,2016-07-11,1
27,2016-07-25,3
27,2016-08-01,2
27,2016-08-08,1
27,2016-09-05,1
27,2016-09-26,2
27,2016-10-10,1
27,2016-10-17,2
27,2016-10-24,1
27,2016-11-21,1
27,2016-12-05,1
27,2016-12-12,1
27,2016-12-19,1
27,2017-01-02,1
27,2017-01-09,1
27,2017-02-06,1
27,2017-02-13,1
27,2017-02-20,1
27,2017-03-06,1
27,2017-03-13,1
27,2017-04-03,2
27,2017-04-24,1
27,2017-05-01,1
27.0,2015-03-16,1
27.0,2016-05-23,1
27.0,2016-08-15,1
27.0,2016-12-12,1
27.0,2017-02-20,1
27.0,2017-05-15,1
27.0,2017-05-22,1
27.0,2017-06-05,1
27.0,2017-06-12,2
27.0,2017-07-10,1
27.0,2017-07-17,1
27.0,2017-07-31,1
270,2015-05-18,1
270,2016-03-28,1
270,2016-04-04,1
270,2016-04-18,1
270,2016-08-08,2
270,2016-10-24,2
270,2017-01-02,1
270,2017-01-16,1
270,2017-02-06,2
270,2017-03-27,1
270,2017-04-24,15
270,2017-05-01,1
270,2017-05-08,7
270,2017-05-29,1
270.0,2016-11-14,1
270.0,2017-02-06,1
270.0,2017-03-20,1
270.0,2017-04-24,1
270.0,2017-05-22,11
270.0,2017-05-29,1
270.0,2017-06-19,4
270.0,2017-06-26,2
270.0,2017-07-03,1
270.0,2017-07-10,1
270.0,2017-07-17,1
270.0,2017-07-24,4
270.0,2017-08-07,1
270.0,2017-08-14,1
271,2015-04-13,1
271,2015-07-20,2
271,2015-10-26,2
271,2016-01-18,1
271,2016-02-01,1
271,2016-04-25,1
271,2016-06-06,1
271,2016-07-04,1
271,2016-09-05,1
271,2016-09-26,2
271,2016-10-17,1
271,2016-10-24,1
271,2016-10-31,1
271,2017-02-06,1
271,2017-02-13,1
271,2017-02-27,1
271,2017-03-13,2
271,2017-04-03,1
271,2017-04-17,1
271.0,2015-04-20,1
271.0,2015-07-13,1
271.0,2015-08-03,1
271.0,2015-10-26,1
271.0,2016-09-26,1
271.0,2017-01-09,1
271.0,2017-01-23,1
271.0,2017-04-03,1
271.0,2017-07-31,1
272,2015-03-16,1
272,2015-03-23,2
272,2015-04-20,2
272,2015-04-27,1
272,2015-05-04,2
272,2015-05-25,1
272,2015-06-08,3
272,2015-06-15,2
272,2015-06-22,3
272,2015-06-29,4
272,2015-07-06,4
272,2015-07-13,1
272,2015-07-27,1
272,2015-08-10,2
272,2015-08-17,2
272,2015-08-31,3
272,2015-09-07,1
272,2015-09-14,3
272,2015-09-21,1
272,2015-09-28,1
272,2015-10-12,5
272,2015-10-19,2
272,2015-11-23,1
272,2015-11-30,2
272,2015-12-07,2
272,2015-12-14,1
272,2015-12-28,1
272,2016-01-11,5
272,2016-02-01,3
272,2016-02-08,1
272,2016-02-15,1
272,2016-02-22,1
272,2016-02-29,1
272,2016-03-07,2
272,2016-03-14,1
272,2016-03-28,2
272,2016-04-04,2
272,2016-04-11,1
272,2016-04-18,1
272,2016-05-02,1
272,2016-05-16,1
272,2016-05-23,1
272,2016-06-06,1
272,2016-06-20,1
272,2016-06-27,2
272,2016-07-11,1
272,2016-07-18,2
272,2016-07-25,3
272,2016-08-15,2
272,2016-08-22,1
272,2016-08-29,1
272,2016-09-12,1
272,2016-09-19,2
272,2016-10-03,1
272,2016-10-10,1
272,2016-10-17,1
272,2016-10-24,1
272,2016-10-31,4
272,2016-11-14,1
272,2016-11-21,2
272,2016-12-12,1
272,2016-12-19,1
272,2016-12-26,1
272,2017-01-02,1
272,2017-01-16,1
272,2017-01-30,2
272,2017-02-06,1
272,2017-02-13,1
272,2017-02-27,3
272,2017-03-06,1
272,2017-03-13,1
272,2017-03-20,1
272,2017-03-27,2
272,2017-04-03,4
272,2017-04-10,3
272,2017-04-17,1
272,2017-04-24,9
272,2017-05-01,1
272,2017-05-08,2
272,2017-05-15,1
272,2017-06-19,1
272.0,2015-03-16,1
272.0,2015-03-23,1
272.0,2015-04-20,1
272.0,2015-05-25,1
272.0,2015-06-15,1
272.0,2015-06-22,1
272.0,2015-07-06,2
272.0,2015-08-10,1
272.0,2015-08-17,1
272.0,2015-08-24,1
272.0,2015-09-21,1
272.0,2016-01-25,1
272.0,2016-02-01,1
272.0,2016-04-04,1
272.0,2016-05-09,3
272.0,2016-05-16,1
272.0,2016-06-20,1
272.0,2016-06-27,1
272.0,2016-07-25,1
272.0,2016-08-01,1
272.0,2016-08-08,2
272.0,2016-08-15,2
272.0,2016-09-12,1
272.0,2017-04-17,1
272.0,2017-05-15,3
272.0,2017-05-22,4
272.0,2017-06-05,2
272.0,2017-06-12,4
272.0,2017-06-19,1
272.0,2017-06-26,2
272.0,2017-07-03,1
272.0,2017-07-10,4
272.0,2017-07-17,11
272.0,2017-07-24,1
272.0,2017-07-31,1
272.0,2017-08-14,1
272.0,2017-08-28,1
273,2015-04-06,4
273,2015-04-13,2
273,2015-04-20,1
273,2015-05-04,1
273,2015-05-25,1
273,2015-06-29,1
273,2015-07-27,3
273,2015-08-03,1
273,2015-08-17,4
273,2015-08-24,2
273,2015-08-31,1
273,2015-09-07,3
273,2015-09-14,3
273,2015-10-12,3
273,2015-10-26,3
273,2015-11-02,1
273,2015-11-23,1
273,2015-11-30,1
273,2015-12-14,1
273,2015-12-28,2
273,2016-01-18,1
273,2016-02-22,1
273,2016-02-29,1
273,2016-03-07,3
273,2016-03-14,1
273,2016-03-21,2
273,2016-03-28,1
273,2016-04-04,1
273,2016-04-11,1
273,2016-04-18,1
273,2016-05-02,1
273,2016-05-09,3
273,2016-05-16,1
273,2016-06-20,3
273,2016-07-25,1
273,2016-08-22,2
273,2016-09-05,2
273,2016-10-03,2
273,2016-10-17,1
273,2016-11-28,1
273,2016-12-12,1
273,2016-12-26,1
273,2017-01-02,1
273,2017-01-16,1
273,2017-01-30,1
273,2017-03-20,2
273,2017-04-03,1
273,2017-04-24,3
273,2017-05-01,2
273,2017-05-08,1
273,2017-05-22,1
273.0,2015-04-06,3
273.0,2015-05-11,1
273.0,2015-06-08,1
273.0,2015-06-29,1
273.0,2015-07-06,1
273.0,2015-08-17,2
273.0,2016-03-21,1
273.0,2016-04-25,1
273.0,2016-11-28,1
273.0,2017-01-23,2
273.0,2017-02-06,1
273.0,2017-05-22,1
273.0,2017-06-05,2
273.0,2017-07-24,1
273.0,2017-08-07,1
273.0,2017-08-21,1
274,2015-03-16,4
274,2015-04-13,1
274,2015-05-04,2
274,2015-05-11,1
274,2015-05-18,5
274,2015-06-01,1
274,2015-06-08,1
274,2015-06-22,3
274,2015-06-29,1
274,2015-07-06,1
274,2015-07-13,1
274,2015-07-20,2
274,2015-08-10,4
274,2015-08-17,4
274,2015-08-24,2
274,2015-08-31,4
274,2015-09-07,2
274,2015-09-21,1
274,2015-10-05,1
274,2015-10-19,1
274,2015-10-26,1
274,2015-11-02,2
274,2015-11-09,1
274,2015-11-16,1
274,2015-11-30,4
274,2015-12-14,1
274,2015-12-28,3
274,2016-01-04,2
274,2016-02-01,1
274,2016-02-08,1
274,2016-02-15,1
274,2016-02-22,1
274,2016-02-29,1
274,2016-03-21,2
274,2016-03-28,2
274,2016-04-04,1
274,2016-04-18,1
274,2016-04-25,3
274,2016-05-23,1
274,2016-05-30,1
274,2016-06-13,1
274,2016-06-20,1
274,2016-06-27,1
274,2016-07-04,2
274,2016-07-11,1
274,2016-07-18,2
274,2016-07-25,1
274,2016-08-01,3
274,2016-08-08,2
274,2016-08-29,2
274,2016-09-05,2
274,2016-09-12,1
274,2016-09-19,5
274,2016-10-03,2
274,2016-10-10,1
274,2016-10-17,3
274,2016-10-24,1
274,2016-10-31,2
274,2016-11-07,2
274,2016-11-21,2
274,2016-11-28,1
274,2016-12-05,3
274,2016-12-19,2
274,2017-01-02,3
274,2017-01-09,2
274,2017-01-16,2
274,2017-01-30,3
274,2017-02-06,5
274,2017-02-13,2
274,2017-02-20,2
274,2017-02-27,2
274,2017-03-13,2
274,2017-03-20,3
274,2017-03-27,3
274,2017-04-03,2
274,2017-04-10,1
274,2017-04-17,6
274,2017-04-24,2
274,2017-05-01,3
274,2017-05-15,1
274,2017-05-22,1
274,2017-05-29,2
274.0,2015-03-16,1
274.0,2015-05-18,1
274.0,2015-06-01,1
274.0,2015-06-22,1
274.0,2015-07-13,1
274.0,2015-08-24,1
274.0,2015-09-21,1
274.0,2015-10-05,1
274.0,2015-11-02,1
274.0,2016-01-25,2
274.0,2016-02-08,1
274.0,2016-03-07,1
274.0,2016-06-20,1
274.0,2016-07-18,1
274.0,2016-08-01,2
274.0,2016-08-15,1
274.0,2016-09-05,2
274.0,2016-09-12,1
274.0,2016-09-26,1
274.0,2016-10-31,2
274.0,2016-11-14,1
274.0,2016-12-26,1
274.0,2017-01-16,3
274.0,2017-01-23,1
274.0,2017-01-30,1
274.0,2017-02-20,1
274.0,2017-02-27,1
274.0,2017-03-13,1
274.0,2017-04-03,1
274.0,2017-04-17,1
274.0,2017-05-15,1
274.0,2017-05-22,2
274.0,2017-05-29,3
274.0,2017-06-05,3
274.0,2017-06-12,3
274.0,2017-06-19,2
274.0,2017-07-03,1
274.0,2017-07-10,3
274.0,2017-07-17,1
274.0,2017-07-24,2
274.0,2017-07-31,3
274.0,2017-08-14,1
274.0,2017-09-18,1
275,2015-05-11,1
275,2015-05-25,1
275,2015-07-20,2
275,2015-07-27,2
275,2015-08-03,1
275,2015-08-17,1
275,2015-08-24,1
275,2015-08-31,1
275,2015-09-07,1
275,2015-09-14,1
275,2015-09-28,1
275,2015-10-05,1
275,2015-10-26,1
275,2015-11-02,1
275,2015-12-07,1
275,2016-03-21,1
275,2016-03-28,1
275,2016-05-09,1
275,2016-05-16,1
275,2016-06-06,1
275,2016-08-15,1
275,2016-08-22,1
275,2016-10-03,1
275,2016-11-28,1
275,2017-01-02,2
275,2017-02-13,1
275,2017-03-27,1
275,2017-04-17,1
275,2017-04-24,1
275,2017-05-01,1
275,2017-05-08,1
275.0,2015-06-29,1
275.0,2016-02-15,1
275.0,2016-03-07,1
275.0,2016-03-28,1
275.0,2016-04-25,1
275.0,2016-05-23,1
275.0,2016-08-01,1
275.0,2016-08-15,1
275.0,2016-09-19,2
275.0,2016-11-28,1
275.0,2017-04-03,1
275.0,2017-05-01,1
275.0,2017-06-05,1
275.0,2017-06-26,1
275.0,2017-07-03,2
275.0,2017-07-24,2
275.0,2017-07-31,5
275.0,2017-08-14,1
276,2015-03-23,2
276,2015-03-30,3
276,2015-04-06,2
276,2015-04-13,2
276,2015-04-20,4
276,2015-04-27,4
276,2015-05-04,7
276,2015-05-11,10
276,2015-05-18,2
276,2015-05-25,4
276,2015-06-01,6
276,2015-06-08,2
276,2015-06-15,6
276,2015-06-22,4
276,2015-06-29,3
276,2015-07-06,5
276,2015-07-13,6
276,2015-07-20,4
276,2015-07-27,1
276,2015-08-03,6
276,2015-08-10,3
276,2015-08-17,2
276,2015-08-24,4
276,2015-08-31,4
276,2015-09-07,1
276,2015-09-14,4
276,2015-09-21,5
276,2015-09-28,2
276,2015-10-05,1
276,2015-10-12,3
276,2015-10-19,3
276,2015-10-26,5
276,2015-11-02,5
276,2015-11-09,3
276,2015-11-16,2
276,2015-11-23,1
276,2015-11-30,4
276,2015-12-07,3
276,2015-12-14,2
276,2015-12-28,3
276,2016-01-04,3
276,2016-01-11,5
276,2016-01-18,3
276,2016-01-25,2
276,2016-02-01,7
276,2016-02-08,5
276,2016-02-15,2
276,2016-02-22,13
276,2016-02-29,3
276,2016-03-07,1
276,2016-03-14,7
276,2016-03-21,5
276,2016-03-28,5
276,2016-04-04,5
276,2016-04-11,6
276,2016-04-18,1
276,2016-04-25,2
276,2016-05-02,2
276,2016-05-09,7
276,2016-05-16,6
276,2016-05-30,4
276,2016-06-06,7
276,2016-06-13,4
276,2016-06-20,6
276,2016-06-27,6
276,2016-07-04,4
276,2016-07-11,5
276,2016-07-18,5
276,2016-07-25,5
276,2016-08-01,2
276,2016-08-08,5
276,2016-08-15,9
276,2016-08-22,7
276,2016-08-29,3
276,2016-09-05,6
276,2016-09-12,1
276,2016-09-19,12
276,2016-09-26,5
276,2016-10-03,7
276,2016-10-10,5
276,2016-10-17,6
276,2016-10-24,9
276,2016-10-31,4
276,2016-11-07,4
276,2016-11-14,9
276,2016-11-21,3
276,2016-11-28,1
276,2016-12-05,5
276,2016-12-12,8
276,2016-12-19,6
276,2016-12-26,2
276,2017-01-02,2
276,2017-01-09,2
276,2017-01-16,7
276,2017-01-23,4
276,2017-02-06,2
276,2017-02-13,2
276,2017-02-20,6
276,2017-02-27,3
276,2017-03-06,8
276,2017-03-13,11
276,2017-03-20,7
276,2017-03-27,11
276,2017-04-03,10
276,2017-04-10,16
276,2017-04-17,10
276,2017-04-24,5
276,2017-05-01,5
276,2017-05-08,9
276,2017-05-15,4
276,2017-05-29,4
276,2017-06-05,2
276,2017-06-12,2
276,2017-07-10,1
276.0,2015-03-23,4
276.0,2015-04-13,1
276.0,2015-04-20,1
276.0,2015-05-11,3
276.0,2015-05-18,4
276.0,2015-05-25,1
276.0,2015-06-15,1
276.0,2015-06-22,1
276.0,2015-06-29,3
276.0,2015-07-06,1
276.0,2015-07-20,2
276.0,2015-08-10,1
276.0,2015-08-17,2
276.0,2015-08-24,2
276.0,2015-09-14,1
276.0,2015-09-21,1
276.0,2015-10-05,1
276.0,2015-10-19,1
276.0,2015-10-26,1
276.0,2015-11-09,1
276.0,2015-11-30,5
276.0,2015-12-21,2
276.0,2015-12-28,1
276.0,2016-02-01,1
276.0,2016-02-08,2
276.0,2016-02-15,1
276.0,2016-02-29,1
276.0,2016-03-07,2
276.0,2016-03-14,2
276.0,2016-03-21,1
276.0,2016-04-11,2
276.0,2016-04-25,1
276.0,2016-05-02,1
276.0,2016-05-09,1
276.0,2016-05-30,1
276.0,2016-06-06,1
276.0,2016-06-20,3
276.0,2016-07-11,2
276.0,2016-07-18,1
276.0,2016-07-25,1
276.0,2016-08-15,5
276.0,2016-08-22,1
276.0,2016-08-29,2
276.0,2016-09-12,1
276.0,2016-09-19,1
276.0,2016-10-03,1
276.0,2016-10-10,2
276.0,2016-10-17,1
276.0,2016-10-24,1
276.0,2016-10-31,2
276.0,2016-11-07,1
276.0,2016-11-21,4
276.0,2016-11-28,1
276.0,2016-12-12,1
276.0,2016-12-19,1
276.0,2017-01-02,1
276.0,2017-01-09,2
276.0,2017-01-16,1
276.0,2017-01-23,4
276.0,2017-01-30,1
276.0,2017-02-13,1
276.0,2017-02-20,1
276.0,2017-02-27,2
276.0,2017-03-06,2
276.0,2017-03-13,2
276.0,2017-03-20,1
276.0,2017-04-03,2
276.0,2017-04-10,1
276.0,2017-05-01,1
276.0,2017-05-08,1
276.0,2017-05-15,3
276.0,2017-05-22,3
276.0,2017-05-29,5
276.0,2017-06-05,5
276.0,2017-06-12,3
276.0,2017-06-19,4
276.0,2017-06-26,6
276.0,2017-07-03,5
276.0,2017-07-10,5
276.0,2017-07-17,5
276.0,2017-07-24,5
276.0,2017-07-31,4
276.0,2017-08-07,1
276.0,2017-08-14,2
276.0,2017-08-21,2
276.0,2017-08-28,2
276.0,2017-09-11,1
276.0,2017-09-18,1
277,2015-04-13,1
277,2015-04-27,1
277,2015-06-15,2
277,2015-07-13,2
277,2015-08-10,3
277,2015-09-07,1
277,2015-09-14,1
277,2015-09-28,1
277,2015-10-26,1
277,2015-11-16,1
277,2016-01-18,2
277,2016-01-25,2
277,2016-03-07,1
277,2016-04-11,2
277,2016-05-09,1
277,2016-07-04,1
277,2016-07-25,1
277,2016-08-29,1
277,2016-09-05,1
277,2016-09-19,3
277,2016-10-03,1
277,2016-11-07,1
277,2017-01-23,1
277,2017-02-27,2
277,2017-03-13,2
277,2017-03-20,1
277,2017-03-27,2
277,2017-04-03,1
277,2017-05-01,2
277,2017-05-08,4
277,2017-05-29,4
277.0,2015-08-17,1
277.0,2015-09-07,1
277.0,2016-03-21,1
277.0,2016-07-18,1
277.0,2016-08-29,2
277.0,2016-11-14,1
277.0,2017-01-23,1
277.0,2017-05-08,1
277.0,2017-06-26,2
277.0,2017-07-17,1
277.0,2017-07-24,1
277.0,2017-07-31,2
277.0,2017-08-21,2
278,2015-03-23,1
278,2015-04-13,1
278,2015-04-20,1
278,2015-05-04,1
278,2015-05-11,1
278,2015-05-18,1
278,2015-06-08,1
278,2015-06-15,1
278,2015-06-22,1
278,2015-06-29,2
278,2015-07-13,4
278,2015-07-27,3
278,2015-08-03,1
278,2015-08-17,1
278,2015-08-31,1
278,2015-09-28,2
278,2015-10-05,2
278,2015-10-12,1
278,2015-11-02,1
278,2015-11-09,1
278,2015-11-23,2
278,2015-11-30,2
278,2015-12-07,2
278,2015-12-14,1
278,2016-01-18,1
278,2016-01-25,1
278,2016-02-08,1
278,2016-02-15,2
278,2016-02-22,2
278,2016-03-07,1
278,2016-04-04,1
278,2016-05-16,1
278,2016-05-30,1
278,2016-06-06,3
278,2016-06-13,1
278,2016-07-25,1
278,2016-08-01,1
278,2016-08-08,1
278,2016-09-26,1
278,2016-10-31,1
278,2016-11-14,1
278,2016-11-21,1
278,2017-01-23,1
278,2017-01-30,2
278,2017-02-06,1
278,2017-02-20,1
278,2017-02-27,1
278,2017-03-06,1
278,2017-03-20,2
278,2017-03-27,1
278,2017-04-10,3
278,2017-04-17,1
278,2017-04-24,2
278,2017-06-12,1
278.0,2015-03-30,1
278.0,2015-04-20,1
278.0,2015-04-27,1
278.0,2015-07-06,1
278.0,2015-08-31,1
278.0,2015-09-21,1
278.0,2015-11-09,1
278.0,2016-05-16,1
278.0,2016-06-13,1
278.0,2016-06-27,1
278.0,2016-07-18,1
278.0,2016-08-15,1
278.0,2016-08-29,1
278.0,2016-09-05,1
278.0,2016-09-19,1
278.0,2016-09-26,2
278.0,2016-11-07,1
278.0,2016-11-28,1
278.0,2016-12-05,1
278.0,2016-12-26,1
278.0,2017-01-23,1
278.0,2017-05-01,1
278.0,2017-06-12,1
278.0,2017-06-26,2
278.0,2017-07-17,1
278.0,2017-07-31,1
279,2015-05-25,1
279,2015-06-22,1
279,2015-06-29,2
279,2015-07-06,1
279,2015-07-20,1
279,2015-07-27,6
279,2015-08-24,1
279,2015-09-07,1
279,2015-09-14,1
279,2015-09-28,1
279,2015-11-16,1
279,2016-02-22,1
279,2016-04-04,1
279,2016-04-11,2
279,2016-04-25,1
279,2016-06-06,1
279,2016-06-13,1
279,2016-06-27,1
279,2016-07-25,3
279,2016-08-15,1
279,2016-10-10,1
279,2016-10-24,1
279,2016-10-31,1
279,2017-04-03,1
279,2017-05-15,1
279.0,2015-05-18,1
279.0,2015-06-15,1
279.0,2015-08-10,1
279.0,2015-11-30,1
279.0,2016-07-18,1
279.0,2016-10-31,1
279.0,2017-04-10,1
279.0,2017-05-15,1
279.0,2017-05-22,1
279.0,2017-05-29,1
279.0,2017-06-05,1
279.0,2017-07-03,2
28,2015-03-23,1
28,2015-03-30,1
28,2015-04-06,1
28,2015-04-13,1
28,2015-04-20,1
28,2015-04-27,1
28,2015-05-11,2
28,2015-05-18,3
28,2015-05-25,2
28,2015-06-01,1
28,2015-06-08,2
28,2015-06-15,2
28,2015-06-22,1
28,2015-06-29,1
28,2015-07-06,1
28,2015-07-13,1
28,2015-07-20,1
28,2015-07-27,3
28,2015-08-03,1
28,2015-08-10,1
28,2015-08-17,2
28,2015-08-31,1
28,2015-09-14,3
28,2015-10-26,1
28,2015-11-02,2
28,2015-11-23,2
28,2015-11-30,1
28,2015-12-07,1
28,2015-12-28,1
28,2016-01-18,2
28,2016-01-25,1
28,2016-02-01,7
28,2016-02-08,4
28,2016-02-15,4
28,2016-02-22,2
28,2016-02-29,2
28,2016-03-07,3
28,2016-03-21,1
28,2016-03-28,1
28,2016-04-11,4
28,2016-04-18,1
28,2016-04-25,1
28,2016-05-09,3
28,2016-05-23,3
28,2016-05-30,2
28,2016-06-06,1
28,2016-06-13,5
28,2016-06-20,1
28,2016-06-27,1
28,2016-07-04,1
28,2016-07-11,4
28,2016-07-18,1
28,2016-08-08,1
28,2016-08-15,2
28,2016-08-22,2
28,2016-09-12,2
28,2016-09-19,3
28,2016-10-03,1
28,2016-10-17,2
28,2016-10-31,2
28,2016-11-21,1
28,2016-12-12,1
28,2016-12-19,2
28,2017-01-02,1
28,2017-01-16,1
28,2017-01-30,1
28,2017-02-13,1
28,2017-03-06,1
28,2017-04-03,1
28,2017-04-10,1
28,2017-04-24,1
28.0,2015-04-13,1
28.0,2015-04-27,1
28.0,2015-05-18,1
28.0,2015-05-25,2
28.0,2015-06-01,1
28.0,2015-07-06,2
28.0,2015-07-13,1
28.0,2015-07-27,1
28.0,2015-08-10,1
28.0,2015-08-31,1
28.0,2015-10-05,1
28.0,2016-02-08,1
28.0,2016-03-07,1
28.0,2016-04-11,1
28.0,2016-04-18,1
28.0,2016-05-02,1
28.0,2016-05-09,2
28.0,2016-05-16,2
28.0,2016-05-23,1
28.0,2016-06-06,1
28.0,2016-06-20,1
28.0,2016-06-27,1
28.0,2016-08-08,1
28.0,2016-08-15,1
28.0,2016-09-05,1
28.0,2016-09-26,1
28.0,2016-12-05,1
28.0,2016-12-12,1
28.0,2017-02-20,1
28.0,2017-05-15,1
28.0,2017-05-22,1
28.0,2017-06-12,4
28.0,2017-07-03,1
28.0,2017-07-10,3
28.0,2017-07-17,1
28.0,2017-08-07,1
280,2015-03-16,2
280,2015-03-23,3
280,2015-03-30,2
280,2015-04-13,3
280,2015-04-20,2
280,2015-04-27,2
280,2015-05-04,3
280,2015-05-11,5
280,2015-05-18,4
280,2015-06-01,1
280,2015-06-08,4
280,2015-06-15,1
280,2015-06-29,1
280,2015-07-06,3
280,2015-07-13,2
280,2015-07-27,1
280,2015-08-03,3
280,2015-08-10,4
280,2015-08-17,1
280,2015-08-24,2
280,2015-08-31,1
280,2015-09-14,5
280,2015-09-21,1
280,2015-09-28,4
280,2015-10-12,1
280,2015-10-19,2
280,2015-10-26,1
280,2015-11-02,3
280,2015-11-09,2
280,2015-11-16,2
280,2015-11-23,3
280,2015-11-30,2
280,2015-12-07,1
280,2015-12-21,1
280,2015-12-28,1
280,2016-01-11,4
280,2016-01-18,5
280,2016-01-25,1
280,2016-02-01,1
280,2016-02-08,1
280,2016-02-15,1
280,2016-02-22,3
280,2016-02-29,1
280,2016-03-07,2
280,2016-03-14,3
280,2016-03-21,4
280,2016-04-04,2
280,2016-04-11,3
280,2016-04-18,1
280,2016-04-25,3
280,2016-05-02,4
280,2016-05-09,6
280,2016-05-23,1
280,2016-05-30,3
280,2016-06-06,5
280,2016-06-13,1
280,2016-06-20,1
280,2016-07-04,2
280,2016-07-11,1
280,2016-07-25,1
280,2016-08-01,1
280,2016-08-08,1
280,2016-08-15,3
280,2016-08-22,2
280,2016-08-29,2
280,2016-09-05,2
280,2016-09-12,1
280,2016-09-26,1
280,2016-10-03,2
280,2016-10-17,2
280,2016-10-24,6
280,2016-10-31,1
280,2016-11-07,1
280,2016-11-21,2
280,2016-11-28,4
280,2016-12-05,1
280,2016-12-12,3
280,2017-01-02,3
280,2017-01-09,5
280,2017-01-16,5
280,2017-01-23,4
280,2017-01-30,2
280,2017-02-06,1
280,2017-02-13,2
280,2017-02-20,2
280,2017-03-06,1
280,2017-03-13,6
280,2017-03-27,3
280,2017-04-03,4
280,2017-04-10,3
280,2017-04-17,1
280,2017-05-01,4
280,2017-05-08,4
280,2017-05-15,1
280.0,2015-03-23,1
280.0,2015-04-06,1
280.0,2015-04-13,1
280.0,2015-05-04,3
280.0,2015-05-18,1
280.0,2015-06-01,1
280.0,2015-06-08,1
280.0,2015-06-29,1
280.0,2015-07-06,1
280.0,2015-07-13,2
280.0,2015-08-03,1
280.0,2015-08-10,1
280.0,2015-08-17,2
280.0,2015-09-14,1
280.0,2015-11-02,3
280.0,2015-11-09,1
280.0,2015-11-16,1
280.0,2015-11-30,1
280.0,2015-12-07,1
280.0,2015-12-21,1
280.0,2016-01-18,1
280.0,2016-01-25,1
280.0,2016-02-15,3
280.0,2016-02-22,1
280.0,2016-02-29,1
280.0,2016-03-07,1
280.0,2016-03-14,1
280.0,2016-05-02,2
280.0,2016-05-09,3
280.0,2016-05-30,1
280.0,2016-06-20,2
280.0,2016-07-04,1
280.0,2016-08-01,1
280.0,2016-08-29,3
280.0,2016-09-19,1
280.0,2016-09-26,1
280.0,2016-10-10,1
280.0,2016-10-17,1
280.0,2016-10-24,1
280.0,2016-10-31,1
280.0,2016-11-21,2
280.0,2016-12-19,1
280.0,2017-01-09,1
280.0,2017-01-16,2
280.0,2017-02-13,2
280.0,2017-02-27,2
280.0,2017-03-13,2
280.0,2017-04-10,1
280.0,2017-05-01,1
280.0,2017-06-26,2
280.0,2017-07-03,1
280.0,2017-07-10,1
280.0,2017-07-17,1
280.0,2017-07-24,3
280.0,2017-08-14,2
280.0,2017-08-21,1
280.0,2017-09-04,1
280.0,2017-09-18,1
281,2015-04-13,3
281,2015-04-27,1
281,2015-05-04,3
281,2015-05-11,1
281,2015-05-18,4
281,2015-05-25,3
281,2015-06-01,1
281,2015-06-15,1
281,2015-06-29,2
281,2015-07-06,2
281,2015-07-13,3
281,2015-07-20,3
281,2015-07-27,2
281,2015-08-03,1
281,2015-08-10,2
281,2015-08-17,3
281,2015-08-24,2
281,2015-09-07,2
281,2015-09-14,1
281,2015-09-21,1
281,2015-10-05,2
281,2015-10-12,1
281,2015-10-19,1
281,2015-10-26,3
281,2015-11-02,2
281,2015-11-09,1
281,2015-11-16,2
281,2015-12-14,2
281,2015-12-21,1
281,2015-12-28,1
281,2016-01-04,4
281,2016-01-11,1
281,2016-01-18,2
281,2016-01-25,1
281,2016-02-01,4
281,2016-02-08,3
281,2016-02-15,1
281,2016-02-22,1
281,2016-03-07,1
281,2016-03-14,1
281,2016-03-21,3
281,2016-03-28,2
281,2016-04-04,2
281,2016-04-11,1
281,2016-05-02,2
281,2016-05-09,1
281,2016-05-16,2
281,2016-05-23,2
281,2016-05-30,2
281,2016-06-06,2
281,2016-06-13,1
281,2016-06-20,2
281,2016-07-04,2
281,2016-07-11,1
281,2016-07-25,1
281,2016-08-01,1
281,2016-08-08,6
281,2016-08-15,1
281,2016-08-22,3
281,2016-08-29,2
281,2016-09-05,2
281,2016-09-12,1
281,2016-10-03,1
281,2016-10-10,3
281,2016-10-17,1
281,2016-10-24,1
281,2016-10-31,1
281,2016-11-07,3
281,2016-11-21,4
281,2016-11-28,3
281,2016-12-05,1
281,2016-12-12,5
281,2016-12-19,3
281,2016-12-26,3
281,2017-01-02,1
281,2017-01-09,2
281,2017-01-16,3
281,2017-01-23,3
281,2017-01-30,1
281,2017-02-06,2
281,2017-02-27,2
281,2017-03-06,1
281,2017-03-13,1
281,2017-03-20,5
281,2017-03-27,5
281,2017-04-03,3
281,2017-04-10,3
281,2017-04-17,1
281,2017-04-24,1
281,2017-05-01,1
281,2017-05-08,4
281,2017-05-15,3
281,2017-05-22,1
281.0,2015-03-23,1
281.0,2015-04-06,1
281.0,2015-04-13,1
281.0,2015-05-25,1
281.0,2015-06-08,1
281.0,2015-09-07,1
281.0,2015-10-05,1
281.0,2015-10-12,1
281.0,2015-11-02,1
281.0,2015-12-07,3
281.0,2015-12-28,1
281.0,2016-02-08,1
281.0,2016-02-15,1
281.0,2016-02-29,1
281.0,2016-03-28,1
281.0,2016-04-25,1
281.0,2016-05-09,2
281.0,2016-05-30,1
281.0,2016-06-20,1
281.0,2016-06-27,1
281.0,2016-07-04,1
281.0,2016-07-18,1
281.0,2016-08-08,1
281.0,2016-09-12,1
281.0,2016-09-19,1
281.0,2016-10-17,2
281.0,2016-11-07,1
281.0,2016-12-12,1
281.0,2016-12-26,1
281.0,2017-02-27,1
281.0,2017-03-20,1
281.0,2017-04-03,1
281.0,2017-04-10,1
281.0,2017-04-24,1
281.0,2017-05-22,3
281.0,2017-05-29,2
281.0,2017-06-05,2
281.0,2017-06-12,2
281.0,2017-06-26,3
281.0,2017-07-03,1
281.0,2017-07-10,2
281.0,2017-07-17,1
281.0,2017-07-24,3
281.0,2017-07-31,3
281.0,2017-08-07,1
281.0,2017-08-21,1
282,2015-04-20,1
282,2015-05-04,3
282,2015-05-18,1
282,2015-06-15,1
282,2015-07-13,1
282,2015-08-31,1
282,2015-09-07,2
282,2015-09-28,1
282,2015-10-12,1
282,2015-10-26,1
282,2015-12-21,1
282,2015-12-28,3
282,2016-01-04,1
282,2016-01-18,1
282,2016-02-08,1
282,2016-02-22,1
282,2016-05-16,1
282,2016-05-23,1
282,2016-06-20,1
282,2016-06-27,1
282,2016-07-18,3
282,2016-08-15,1
282,2016-08-22,2
282,2016-08-29,2
282,2016-09-05,2
282,2016-09-26,3
282,2016-10-03,3
282,2016-10-10,2
282,2016-10-17,3
282,2016-10-24,6
282,2016-10-31,6
282,2016-11-07,4
282,2016-11-14,3
282,2016-11-21,1
282,2016-11-28,3
282,2016-12-05,2
282,2016-12-12,6
282,2016-12-19,5
282,2016-12-26,1
282,2017-01-02,1
282,2017-01-16,4
282,2017-01-23,3
282,2017-01-30,3
282,2017-02-06,5
282,2017-02-13,1
282,2017-02-27,3
282,2017-03-06,1
282,2017-03-20,8
282,2017-03-27,24
282,2017-04-03,12
282,2017-04-10,1
282,2017-04-17,10
282,2017-04-24,10
282,2017-05-01,7
282,2017-05-08,5
282,2017-05-15,4
282,2017-05-22,2
282,2017-06-05,2
282,2017-06-12,1
282.0,2015-04-27,1
282.0,2015-05-18,1
282.0,2015-07-06,1
282.0,2015-07-20,1
282.0,2015-10-26,2
282.0,2015-12-14,1
282.0,2016-02-29,1
282.0,2016-05-23,2
282.0,2016-06-13,1
282.0,2016-07-18,1
282.0,2016-08-15,2
282.0,2016-09-12,1
282.0,2016-09-19,1
282.0,2016-10-10,2
282.0,2016-10-17,1
282.0,2016-11-14,1
282.0,2016-11-28,2
282.0,2016-12-05,1
282.0,2016-12-19,1
282.0,2016-12-26,1
282.0,2017-01-16,2
282.0,2017-01-30,4
282.0,2017-02-06,2
282.0,2017-02-13,4
282.0,2017-03-20,1
282.0,2017-03-27,4
282.0,2017-04-03,2
282.0,2017-04-24,1
282.0,2017-05-15,3
282.0,2017-05-22,8
282.0,2017-05-29,4
282.0,2017-06-05,9
282.0,2017-06-12,7
282.0,2017-06-19,5
282.0,2017-06-26,7
282.0,2017-07-03,4
282.0,2017-07-10,5
282.0,2017-07-17,3
282.0,2017-07-24,10
282.0,2017-07-31,6
282.0,2017-08-07,5
282.0,2017-08-14,3
282.0,2017-08-21,4
282.0,2017-08-28,3
282.0,2017-09-04,1
282.0,2017-10-30,1
283,2015-03-23,1
283,2015-03-30,1
283,2015-04-06,1
283,2015-04-13,2
283,2015-04-27,1
283,2015-05-11,1
283,2015-06-08,1
283,2015-10-05,1
283,2015-10-26,1
283,2015-11-09,1
283,2015-11-16,2
283,2016-02-22,1
283,2016-02-29,1
283,2016-04-11,1
283,2016-04-18,1
283,2016-04-25,1
283,2016-05-16,1
283,2016-05-30,2
283,2016-07-04,1
283,2016-09-26,1
283,2016-10-03,2
283,2016-10-24,1
283,2016-11-14,2
283,2016-12-12,1
283,2017-01-02,1
283,2017-02-27,1
283,2017-04-10,2
283,2017-05-08,3
283,2017-05-15,1
283.0,2015-05-11,1
283.0,2016-02-08,1
283.0,2016-10-03,1
283.0,2016-10-10,1
283.0,2016-10-24,1
283.0,2016-11-14,1
283.0,2017-01-02,1
283.0,2017-01-09,1
283.0,2017-01-23,1
283.0,2017-05-29,1
283.0,2017-06-19,1
283.0,2017-07-03,1
283.0,2017-07-10,1
283.0,2017-10-30,1
284,2015-03-30,2
284,2015-04-06,1
284,2015-06-08,1
284,2015-06-22,1
284,2015-08-03,1
284,2015-08-10,3
284,2015-09-21,2
284,2015-10-05,1
284,2015-10-19,1
284,2015-11-02,1
284,2015-11-09,1
284,2015-11-16,1
284,2015-11-23,1
284,2015-11-30,1
284,2015-12-07,1
284,2016-01-25,1
284,2016-02-08,1
284,2016-02-15,1
284,2016-02-29,1
284,2016-03-14,1
284,2016-03-21,1
284,2016-03-28,1
284,2016-04-04,2
284,2016-04-11,3
284,2016-05-09,1
284,2016-06-06,2
284,2016-06-13,1
284,2016-06-20,1
284,2016-07-18,1
284,2016-08-01,1
284,2016-08-08,2
284,2016-08-22,1
284,2016-09-05,1
284,2016-09-12,2
284,2016-09-19,1
284,2016-09-26,4
284,2016-10-03,1
284,2016-10-10,1
284,2016-10-17,1
284,2016-10-24,2
284,2016-12-05,2
284,2016-12-26,1
284,2017-01-30,1
284,2017-02-13,4
284,2017-02-20,1
284,2017-03-06,2
284,2017-03-13,1
284,2017-03-20,1
284,2017-03-27,1
284,2017-04-03,1
284,2017-04-24,1
284,2017-05-08,5
284,2017-05-15,1
284.0,2015-04-06,1
284.0,2015-04-13,1
284.0,2015-04-20,1
284.0,2015-05-25,1
284.0,2015-08-10,1
284.0,2015-09-14,1
284.0,2016-06-13,1
284.0,2016-07-25,1
284.0,2016-08-15,1
284.0,2016-08-22,1
284.0,2016-08-29,1
284.0,2016-09-19,1
284.0,2016-10-03,1
284.0,2016-11-07,1
284.0,2016-11-28,1
284.0,2017-01-09,1
284.0,2017-03-06,1
284.0,2017-03-20,1
284.0,2017-03-27,1
284.0,2017-04-03,1
284.0,2017-05-01,1
284.0,2017-05-15,2
284.0,2017-05-22,2
284.0,2017-05-29,2
284.0,2017-06-05,1
284.0,2017-06-19,1
284.0,2017-06-26,1
284.0,2017-07-03,2
284.0,2017-07-10,1
284.0,2017-07-17,1
284.0,2017-08-07,1
285,2015-03-16,1
285,2015-03-23,4
285,2015-03-30,1
285,2015-04-06,1
285,2015-04-13,1
285,2015-04-27,2
285,2015-05-04,1
285,2015-05-11,3
285,2015-06-08,1
285,2015-06-15,1
285,2015-06-22,2
285,2015-06-29,3
285,2015-07-20,1
285,2015-07-27,3
285,2015-08-03,3
285,2015-08-17,5
285,2015-08-31,2
285,2015-09-07,3
285,2015-09-14,2
285,2015-09-28,1
285,2015-10-05,1
285,2015-10-12,1
285,2015-10-19,4
285,2015-10-26,2
285,2015-11-02,1
285,2015-11-09,1
285,2015-11-23,1
285,2015-11-30,3
285,2015-12-28,3
285,2016-01-11,1
285,2016-01-25,1
285,2016-02-01,2
285,2016-02-08,1
285,2016-02-15,2
285,2016-02-22,1
285,2016-03-07,2
285,2016-03-14,1
285,2016-03-21,3
285,2016-03-28,1
285,2016-04-04,3
285,2016-04-11,1
285,2016-04-18,1
285,2016-04-25,4
285,2016-05-02,2
285,2016-05-09,2
285,2016-05-16,1
285,2016-05-23,2
285,2016-05-30,3
285,2016-06-06,1
285,2016-06-20,4
285,2016-07-04,5
285,2016-07-11,6
285,2016-07-18,1
285,2016-08-01,7
285,2016-08-08,4
285,2016-08-15,4
285,2016-08-22,7
285,2016-08-29,2
285,2016-09-05,4
285,2016-09-12,4
285,2016-09-19,2
285,2016-09-26,8
285,2016-10-03,9
285,2016-10-10,9
285,2016-10-17,8
285,2016-10-24,2
285,2016-10-31,3
285,2016-11-07,2
285,2016-11-14,3
285,2016-11-21,2
285,2016-11-28,2
285,2016-12-05,1
285,2016-12-12,5
285,2016-12-19,3
285,2017-01-09,3
285,2017-01-16,5
285,2017-01-23,2
285,2017-01-30,6
285,2017-02-06,3
285,2017-02-13,1
285,2017-02-20,1
285,2017-02-27,1
285,2017-03-06,1
285,2017-03-13,4
285,2017-03-27,6
285,2017-04-03,6
285,2017-04-10,14
285,2017-04-17,3
285,2017-04-24,7
285,2017-05-01,2
285,2017-05-08,2
285,2017-05-15,4
285,2017-05-22,2
285.0,2015-03-23,1
285.0,2015-04-06,1
285.0,2015-04-20,1
285.0,2015-04-27,1
285.0,2015-05-04,1
285.0,2015-07-20,1
285.0,2015-07-27,1
285.0,2015-08-17,2
285.0,2015-09-14,2
285.0,2015-10-26,1
285.0,2015-11-09,1
285.0,2016-01-11,2
285.0,2016-03-07,1
285.0,2016-03-14,1
285.0,2016-05-09,1
285.0,2016-06-13,1
285.0,2016-06-20,1
285.0,2016-08-01,1
285.0,2016-08-08,1
285.0,2016-08-15,2
285.0,2016-09-12,1
285.0,2016-09-26,3
285.0,2016-10-03,2
285.0,2016-10-10,2
285.0,2016-10-17,1
285.0,2016-10-24,1
285.0,2016-10-31,2
285.0,2016-12-05,1
285.0,2017-01-02,1
285.0,2017-01-23,1
285.0,2017-01-30,1
285.0,2017-02-27,1
285.0,2017-03-27,2
285.0,2017-04-03,2
285.0,2017-04-10,1
285.0,2017-04-24,1
285.0,2017-05-01,1
285.0,2017-05-08,1
285.0,2017-05-15,2
285.0,2017-05-22,2
285.0,2017-05-29,5
285.0,2017-06-05,5
285.0,2017-06-12,3
285.0,2017-06-19,9
285.0,2017-06-26,6
285.0,2017-07-03,5
285.0,2017-07-10,7
285.0,2017-07-17,7
285.0,2017-07-24,6
285.0,2017-07-31,5
285.0,2017-08-07,1
285.0,2017-08-14,2
285.0,2017-08-21,2
285.0,2017-08-28,3
286,2016-07-25,1
286,2016-09-19,3
286,2016-10-03,5
286,2016-10-10,11
286,2016-10-17,6
286,2016-10-24,4
286,2016-10-31,2
286,2016-11-07,2
286,2016-11-14,1
286,2017-01-09,5
286,2017-01-16,4
286,2017-01-23,1
286,2017-02-20,1
286,2017-04-03,1
286,2017-04-24,1
286,2017-06-05,1
286.0,2016-07-25,1
286.0,2016-09-19,3
286.0,2016-10-03,1
286.0,2016-10-10,4
286.0,2016-10-17,2
286.0,2016-11-28,1
286.0,2017-01-09,3
286.0,2017-01-23,1
286.0,2017-05-15,1
286.0,2017-06-05,1
286.0,2017-07-03,1
286.0,2017-07-10,3
287,2015-12-14,1
287,2016-01-04,1
287,2016-02-01,1
287,2016-03-14,1
287,2016-05-30,1
287,2016-08-15,1
287,2016-10-17,3
287,2016-11-07,1
287,2017-01-02,1
287,2017-04-24,7
287,2017-05-01,1
287.0,2016-06-27,1
287.0,2016-10-10,1
287.0,2017-06-12,2
287.0,2017-06-19,2
287.0,2017-07-10,2
287.0,2017-07-31,1
287.0,2017-08-07,1
287.0,2017-09-11,1
288,2015-07-13,1
288,2015-09-07,1
288,2015-10-05,1
288,2016-02-29,1
288,2016-03-14,1
288,2016-05-16,1
288,2016-07-25,4
288,2016-08-08,2
288,2016-08-15,2
288,2016-08-22,1
288,2016-09-05,1
288,2016-09-19,1
288,2016-09-26,2
288,2016-10-03,3
288,2016-10-10,3
288,2016-10-17,2
288,2016-10-24,1
288,2016-10-31,2
288,2016-11-28,1
288,2016-12-12,2
288,2016-12-26,1
288,2017-01-30,1
288,2017-02-20,1
288,2017-02-27,1
288,2017-03-06,1
288,2017-04-10,1
288.0,2015-05-18,1
288.0,2016-01-04,1
288.0,2016-07-04,1
288.0,2016-08-01,1
288.0,2016-08-29,1
288.0,2016-09-19,1
288.0,2016-09-26,1
288.0,2016-12-19,1
288.0,2017-06-12,1
288.0,2017-06-19,1
288.0,2017-06-26,1
288.0,2017-07-17,1
288.0,2017-08-14,3
288.0,2017-09-04,1
289,2015-04-06,3
289,2015-04-13,1
289,2015-04-20,1
289,2015-04-27,2
289,2015-05-04,1
289,2015-05-11,1
289,2015-05-25,1
289,2015-06-08,1
289,2015-06-15,1
289,2015-07-27,1
289,2015-08-03,1
289,2015-09-07,1
289,2015-09-14,1
289,2015-09-21,4
289,2015-11-09,2
289,2015-11-23,1
289,2015-11-30,1
289,2015-12-14,1
289,2016-01-25,1
289,2016-02-01,5
289,2016-02-08,1
289,2016-03-14,1
289,2016-03-21,2
289,2016-04-04,1
289,2016-04-11,1
289,2016-04-18,1
289,2016-04-25,1
289,2016-05-09,1
289,2016-05-16,1
289,2016-06-13,2
289,2016-07-04,1
289,2016-07-11,1
289,2016-08-15,1
289,2016-10-03,1
289,2016-11-07,1
289,2016-12-05,1
289,2016-12-12,2
289,2017-01-16,3
289,2017-01-23,1
289,2017-02-06,1
289,2017-02-13,1
289,2017-02-27,1
289,2017-03-20,1
289,2017-04-24,1
289,2017-05-08,2
289,2017-05-15,1
289,2017-05-29,1
289.0,2015-04-27,2
289.0,2015-06-29,1
289.0,2015-07-27,1
289.0,2016-01-11,1
289.0,2016-01-18,1
289.0,2016-02-08,1
289.0,2016-03-21,1
289.0,2016-09-12,1
289.0,2016-12-05,2
289.0,2017-01-23,1
289.0,2017-02-27,1
289.0,2017-04-24,3
289.0,2017-05-15,3
289.0,2017-05-22,5
289.0,2017-06-05,1
289.0,2017-06-12,3
289.0,2017-06-19,2
289.0,2017-06-26,3
289.0,2017-07-03,2
289.0,2017-07-10,4
289.0,2017-07-17,3
289.0,2017-07-24,5
289.0,2017-07-31,1
289.0,2017-08-28,1
289.0,2017-09-04,1
289.0,2017-09-18,1
29,2015-03-23,1
29,2015-04-06,1
29,2015-04-13,1
29,2015-04-20,3
29,2015-04-27,2
29,2015-05-04,1
29,2015-05-11,4
29,2015-05-18,1
29,2015-05-25,1
29,2015-06-01,1
29,2015-06-08,4
29,2015-06-15,1
29,2015-06-22,2
29,2015-07-06,4
29,2015-07-13,1
29,2015-07-20,4
29,2015-07-27,3
29,2015-08-03,3
29,2015-08-10,1
29,2015-08-17,2
29,2015-08-31,1
29,2015-09-07,2
29,2015-09-14,2
29,2015-09-21,1
29,2015-09-28,1
29,2015-10-05,1
29,2015-10-12,1
29,2015-10-26,3
29,2015-11-02,1
29,2015-11-09,1
29,2015-11-30,1
29,2015-12-07,3
29,2015-12-14,1
29,2016-01-04,2
29,2016-01-11,1
29,2016-01-25,2
29,2016-02-22,2
29,2016-02-29,2
29,2016-03-07,2
29,2016-03-28,1
29,2016-04-04,2
29,2016-04-11,1
29,2016-04-18,1
29,2016-04-25,1
29,2016-05-02,1
29,2016-05-09,1
29,2016-05-16,1
29,2016-05-23,2
29,2016-06-20,1
29,2016-07-25,1
29,2016-08-15,2
29,2016-08-22,3
29,2016-08-29,1
29,2016-09-19,1
29,2016-09-26,1
29,2016-10-10,1
29,2016-10-24,1
29,2016-10-31,2
29,2016-11-07,2
29,2016-11-14,1
29,2016-12-05,2
29,2016-12-12,2
29,2016-12-19,1
29,2017-01-02,3
29,2017-01-16,1
29,2017-01-23,2
29,2017-01-30,2
29,2017-02-06,3
29,2017-02-13,1
29,2017-02-27,2
29,2017-03-06,3
29,2017-03-13,1
29,2017-03-20,3
29,2017-03-27,1
29,2017-04-10,2
29,2017-04-24,3
29,2017-05-01,2
29,2017-05-08,3
29,2017-05-15,1
29,2017-05-29,1
29.0,2015-03-23,1
29.0,2015-03-30,1
29.0,2015-05-25,1
29.0,2015-06-15,1
29.0,2015-06-22,1
29.0,2015-07-06,1
29.0,2015-07-20,1
29.0,2015-07-27,1
29.0,2015-08-03,1
29.0,2015-08-10,2
29.0,2015-08-17,1
29.0,2015-10-26,2
29.0,2016-02-29,1
29.0,2016-03-07,1
29.0,2016-03-21,2
29.0,2016-05-02,2
29.0,2016-05-09,1
29.0,2016-06-06,1
29.0,2016-07-04,1
29.0,2016-09-19,3
29.0,2016-09-26,1
29.0,2016-12-26,2
29.0,2017-01-09,1
29.0,2017-02-06,1
29.0,2017-03-06,2
29.0,2017-03-13,2
29.0,2017-04-03,2
29.0,2017-04-10,1
29.0,2017-05-08,1
29.0,2017-05-15,1
29.0,2017-05-22,1
29.0,2017-05-29,1
29.0,2017-06-05,3
29.0,2017-06-12,2
29.0,2017-06-19,1
29.0,2017-07-03,3
29.0,2017-07-10,1
29.0,2017-07-24,1
29.0,2017-07-31,3
29.0,2017-08-14,1
29.0,2017-08-21,2
29.0,2017-09-04,1
290,2015-03-23,2
290,2015-04-20,1
290,2015-04-27,1
290,2015-05-18,1
290,2015-06-01,3
290,2015-06-08,1
290,2015-06-15,1
290,2015-06-22,1
290,2015-06-29,1
290,2015-07-06,2
290,2015-07-13,1
290,2015-08-17,1
290,2015-08-31,1
290,2015-09-07,1
290,2015-09-21,1
290,2015-10-05,1
290,2015-10-12,1
290,2015-10-19,2
290,2015-11-02,1
290,2015-11-09,3
290,2015-11-16,1
290,2015-11-30,2
290,2015-12-07,1
290,2015-12-28,2
290,2016-02-01,1
290,2016-02-08,1
290,2016-02-15,1
290,2016-03-07,1
290,2016-03-14,1
290,2016-03-21,2
290,2016-03-28,1
290,2016-04-04,2
290,2016-04-11,2
290,2016-04-25,1
290,2016-05-02,2
290,2016-05-16,1
290,2016-05-23,2
290,2016-05-30,2
290,2016-06-06,1
290,2016-06-13,1
290,2016-06-27,3
290,2016-07-04,2
290,2016-07-11,1
290,2016-07-25,1
290,2016-08-08,1
290,2016-08-22,2
290,2016-09-19,1
290,2016-09-26,1
290,2016-10-03,2
290,2016-10-10,1
290,2016-10-17,1
290,2016-10-24,1
290,2016-10-31,1
290,2016-11-07,1
290,2016-12-05,2
290,2016-12-12,3
290,2017-01-02,1
290,2017-01-16,1
290,2017-01-23,2
290,2017-01-30,1
290,2017-02-06,1
290,2017-02-13,1
290,2017-03-06,2
290,2017-03-13,1
290,2017-04-03,3
290,2017-04-10,1
290,2017-04-17,1
290,2017-04-24,1
290,2017-05-08,1
290,2017-05-15,1
290.0,2015-05-11,1
290.0,2015-05-25,1
290.0,2015-06-08,1
290.0,2015-09-28,1
290.0,2015-10-19,1
290.0,2015-11-02,1
290.0,2015-11-23,1
290.0,2016-01-11,1
290.0,2016-04-11,1
290.0,2016-05-30,1
290.0,2016-08-15,1
290.0,2016-08-29,1
290.0,2016-09-19,1
290.0,2016-10-10,1
290.0,2016-10-17,1
290.0,2016-11-14,1
290.0,2016-12-12,2
290.0,2017-01-02,1
290.0,2017-05-08,1
290.0,2017-05-15,3
290.0,2017-05-22,1
290.0,2017-06-12,1
290.0,2017-06-19,2
290.0,2017-06-26,1
290.0,2017-07-03,2
290.0,2017-07-10,1
290.0,2017-07-24,1
290.0,2017-07-31,1
290.0,2017-08-07,1
290.0,2017-08-14,3
291,2015-03-16,1
291,2015-04-20,1
291,2015-05-11,1
291,2015-05-18,1
291,2015-06-08,1
291,2015-06-22,1
291,2015-07-06,1
291,2015-08-10,2
291,2015-09-07,1
291,2015-09-14,1
291,2015-09-21,1
291,2015-10-19,1
291,2015-10-26,1
291,2015-11-02,1
291,2015-12-28,1
291,2016-01-25,1
291,2016-02-15,1
291,2016-03-07,1
291,2016-04-11,1
291,2016-04-18,1
291,2016-05-09,1
291,2016-05-16,1
291,2016-05-30,1
291,2016-06-20,1
291,2016-07-04,1
291,2016-07-11,1
291,2016-07-25,3
291,2016-08-08,1
291,2016-09-19,1
291,2016-10-03,1
291,2016-10-10,2
291,2016-10-17,1
291,2016-10-31,2
291,2016-11-14,1
291,2017-01-09,4
291,2017-01-16,2
291,2017-03-20,3
291,2017-03-27,1
291,2017-04-17,1
291,2017-04-24,1
291.0,2015-04-06,1
291.0,2015-04-27,1
291.0,2015-06-08,1
291.0,2015-06-15,1
291.0,2015-07-20,1
291.0,2015-07-27,1
291.0,2015-08-10,1
291.0,2015-11-02,1
291.0,2016-02-29,1
291.0,2016-04-18,1
291.0,2016-05-16,1
291.0,2016-07-11,1
291.0,2016-09-19,1
291.0,2016-10-10,1
291.0,2016-11-21,1
291.0,2016-12-26,1
291.0,2017-02-13,1
291.0,2017-02-20,1
291.0,2017-05-22,1
291.0,2017-05-29,1
291.0,2017-06-12,2
291.0,2017-06-19,1
291.0,2017-07-03,2
291.0,2017-07-10,1
291.0,2017-07-31,1
292,2015-03-30,1
292,2015-06-08,1
292,2015-10-05,1
292,2015-11-16,1
292,2015-12-21,1
292,2016-01-04,1
292,2016-02-08,1
292,2016-05-16,2
292,2016-06-13,3
292,2016-06-27,4
292,2016-07-04,20
292,2016-07-11,5
292,2016-07-18,2
292,2016-07-25,4
292,2016-08-01,7
292,2016-08-22,1
292,2016-08-29,2
292,2016-09-05,3
292,2016-09-12,7
292,2016-09-19,6
292,2016-10-03,8
292,2016-10-10,14
292,2016-10-17,4
292,2016-10-31,3
292,2016-11-07,2
292,2016-11-14,2
292,2016-11-21,5
292,2016-11-28,1
292,2016-12-05,1
292,2016-12-12,2
292,2016-12-19,1
292,2016-12-26,3
292,2017-01-09,2
292,2017-01-16,2
292,2017-01-23,2
292,2017-02-06,2
292,2017-02-13,2
292,2017-02-20,4
292,2017-02-27,1
292,2017-03-06,2
292,2017-03-13,2
292,2017-03-20,4
292,2017-03-27,4
292,2017-04-03,2
292,2017-04-10,6
292,2017-04-17,1
292,2017-04-24,6
292,2017-05-01,2
292,2017-05-08,6
292,2017-05-15,3
292,2017-05-22,4
292,2017-05-29,1
292,2017-06-05,1
292,2017-06-12,1
292,2017-06-19,1
292,2017-06-26,1
292,2017-07-10,4
292.0,2016-04-25,2
292.0,2016-06-20,1
292.0,2016-07-04,7
292.0,2016-07-11,2
292.0,2016-07-25,2
292.0,2016-08-29,1
292.0,2016-09-12,1
292.0,2016-10-03,1
292.0,2016-10-10,2
292.0,2016-10-17,1
292.0,2016-10-24,2
292.0,2016-11-07,1
292.0,2016-11-21,1
292.0,2016-12-05,1
292.0,2016-12-12,1
292.0,2017-01-02,1
292.0,2017-01-09,1
292.0,2017-02-06,1
292.0,2017-02-13,1
292.0,2017-02-20,1
292.0,2017-03-13,2
292.0,2017-03-20,2
292.0,2017-03-27,1
292.0,2017-04-03,1
292.0,2017-04-24,1
292.0,2017-05-01,1
292.0,2017-05-08,3
292.0,2017-05-15,4
292.0,2017-05-22,8
292.0,2017-05-29,5
292.0,2017-06-05,7
292.0,2017-06-12,5
292.0,2017-06-19,7
292.0,2017-06-26,4
292.0,2017-07-03,9
292.0,2017-07-10,48
292.0,2017-07-17,17
292.0,2017-07-24,9
292.0,2017-07-31,11
292.0,2017-08-07,7
292.0,2017-08-14,10
292.0,2017-08-21,2
292.0,2017-09-04,3
292.0,2017-09-18,1
292.0,2017-10-30,1
293,2015-04-27,1
293,2015-05-25,1
293,2015-06-08,1
293,2015-06-15,1
293,2015-06-22,2
293,2015-06-29,1
293,2015-07-13,1
293,2015-07-20,1
293,2015-07-27,1
293,2015-08-10,2
293,2015-08-17,2
293,2015-08-24,1
293,2015-08-31,1
293,2015-09-07,1
293,2015-09-14,4
293,2015-09-21,3
293,2015-10-05,2
293,2015-11-02,1
293,2015-11-09,1
293,2015-11-16,1
293,2015-11-30,1
293,2015-12-07,3
293,2015-12-28,3
293,2016-01-11,2
293,2016-01-18,1
293,2016-01-25,1
293,2016-02-01,1
293,2016-02-08,1
293,2016-02-15,2
293,2016-02-29,1
293,2016-03-07,2
293,2016-03-14,1
293,2016-04-04,1
293,2016-04-11,1
293,2016-04-18,2
293,2016-04-25,1
293,2016-05-02,1
293,2016-05-30,1
293,2016-06-06,3
293,2016-06-13,1
293,2016-06-20,2
293,2016-06-27,1
293,2016-07-04,2
293,2016-07-11,3
293,2016-07-18,2
293,2016-07-25,1
293,2016-08-01,1
293,2016-08-15,2
293,2016-08-29,2
293,2016-09-05,1
293,2016-09-12,1
293,2016-09-19,1
293,2016-09-26,3
293,2016-10-03,5
293,2016-10-10,2
293,2016-10-17,2
293,2016-10-24,1
293,2016-11-07,3
293,2016-11-14,1
293,2016-11-21,1
293,2016-11-28,1
293,2016-12-19,1
293,2017-01-02,1
293,2017-01-09,1
293,2017-01-16,1
293,2017-01-23,2
293,2017-01-30,1
293,2017-02-06,2
293,2017-02-13,2
293,2017-02-27,2
293,2017-03-13,2
293,2017-03-20,5
293,2017-03-27,4
293,2017-04-10,3
293,2017-04-17,2
293,2017-04-24,4
293,2017-05-01,4
293,2017-05-08,6
293,2017-05-15,4
293,2017-05-22,1
293,2017-05-29,1
293.0,2015-03-23,2
293.0,2015-06-29,1
293.0,2015-09-21,2
293.0,2015-11-09,1
293.0,2016-02-01,1
293.0,2016-02-29,1
293.0,2016-05-02,1
293.0,2016-05-30,2
293.0,2016-07-11,1
293.0,2016-07-18,1
293.0,2016-08-01,2
293.0,2016-08-29,1
293.0,2016-10-17,1
293.0,2016-11-14,1
293.0,2016-11-28,1
293.0,2017-01-23,1
293.0,2017-02-27,2
293.0,2017-03-06,2
293.0,2017-03-27,1
293.0,2017-04-10,1
293.0,2017-05-15,1
293.0,2017-05-22,2
293.0,2017-05-29,5
293.0,2017-06-05,6
293.0,2017-06-12,11
293.0,2017-06-19,6
293.0,2017-06-26,5
293.0,2017-07-03,5
293.0,2017-07-10,3
293.0,2017-07-17,3
293.0,2017-07-24,2
293.0,2017-07-31,2
293.0,2017-08-07,2
293.0,2017-08-14,2
293.0,2017-08-21,3
294,2015-03-23,2
294,2015-03-30,1
294,2015-04-13,1
294,2015-04-20,2
294,2015-04-27,2
294,2015-05-04,4
294,2015-05-11,2
294,2015-05-25,2
294,2015-06-01,2
294,2015-06-08,2
294,2015-06-15,3
294,2015-06-22,1
294,2015-06-29,2
294,2015-07-06,1
294,2015-07-13,2
294,2015-07-20,4
294,2015-08-10,1
294,2015-08-24,5
294,2015-09-14,1
294,2015-09-21,1
294,2015-09-28,1
294,2015-10-05,1
294,2015-10-19,2
294,2015-10-26,2
294,2015-11-02,1
294,2015-12-07,1
294,2015-12-21,2
294,2015-12-28,2
294,2016-01-04,1
294,2016-01-11,1
294,2016-01-18,1
294,2016-02-01,3
294,2016-02-08,1
294,2016-02-15,2
294,2016-02-22,2
294,2016-02-29,2
294,2016-03-07,2
294,2016-03-14,3
294,2016-03-21,3
294,2016-03-28,2
294,2016-04-04,2
294,2016-04-11,4
294,2016-04-18,2
294,2016-04-25,2
294,2016-05-02,1
294,2016-05-09,4
294,2016-05-30,1
294,2016-06-06,1
294,2016-06-20,1
294,2016-06-27,1
294,2016-07-04,3
294,2016-07-25,2
294,2016-08-08,1
294,2016-08-15,1
294,2016-09-05,1
294,2016-09-12,3
294,2016-09-19,1
294,2016-09-26,1
294,2016-10-10,1
294,2016-10-24,1
294,2016-10-31,4
294,2016-11-07,1
294,2016-11-14,1
294,2016-12-05,2
294,2016-12-12,1
294,2016-12-19,1
294,2016-12-26,1
294,2017-01-02,1
294,2017-01-09,4
294,2017-01-16,1
294,2017-01-23,2
294,2017-01-30,3
294,2017-02-06,2
294,2017-02-13,2
294,2017-02-20,2
294,2017-02-27,2
294,2017-03-06,1
294,2017-03-20,2
294,2017-03-27,4
294,2017-04-03,2
294,2017-04-10,1
294,2017-04-17,1
294,2017-04-24,2
294,2017-05-01,2
294,2017-05-08,1
294,2017-05-15,4
294,2017-05-22,1
294.0,2015-03-23,1
294.0,2015-04-13,1
294.0,2015-06-22,1
294.0,2015-08-24,1
294.0,2015-09-07,1
294.0,2015-09-21,1
294.0,2015-10-05,1
294.0,2015-10-12,1
294.0,2015-11-16,2
294.0,2015-11-23,1
294.0,2015-12-07,1
294.0,2016-01-04,2
294.0,2016-01-18,1
294.0,2016-02-01,1
294.0,2016-02-08,1
294.0,2016-03-07,1
294.0,2016-03-14,1
294.0,2016-04-11,1
294.0,2016-04-18,1
294.0,2016-05-30,1
294.0,2016-06-06,1
294.0,2016-06-13,3
294.0,2016-06-27,1
294.0,2016-08-15,1
294.0,2016-08-22,1
294.0,2016-09-19,2
294.0,2016-11-07,1
294.0,2016-11-14,1
294.0,2016-12-05,1
294.0,2016-12-12,1
294.0,2017-01-02,1
294.0,2017-01-16,1
294.0,2017-01-23,1
294.0,2017-01-30,1
294.0,2017-02-27,1
294.0,2017-03-13,1
294.0,2017-03-20,1
294.0,2017-04-03,2
294.0,2017-05-01,1
294.0,2017-05-22,1
294.0,2017-06-05,1
294.0,2017-06-12,1
294.0,2017-06-19,1
294.0,2017-06-26,1
294.0,2017-07-03,2
294.0,2017-07-10,2
294.0,2017-07-17,3
294.0,2017-07-31,1
294.0,2017-08-14,1
294.0,2017-08-21,2
294.0,2017-09-04,1
294.0,2017-09-11,1
295,2015-03-30,2
295,2015-04-20,1
295,2015-04-27,1
295,2015-05-18,1
295,2015-07-06,1
295,2015-07-13,1
295,2015-08-10,1
295,2015-09-28,1
295,2015-11-16,1
295,2015-11-30,2
295,2015-12-07,1
295,2015-12-14,1
295,2016-01-25,1
295,2016-02-01,1
295,2016-02-22,2
295,2016-03-21,1
295,2016-03-28,1
295,2016-04-04,1
295,2016-04-11,2
295,2016-04-18,1
295,2016-05-02,3
295,2016-06-13,1
295,2016-06-20,1
295,2016-07-18,1
295,2016-07-25,1
295,2016-08-15,2
295,2016-08-22,1
295,2016-09-26,2
295,2016-10-03,1
295,2016-10-10,1
295,2016-11-28,2
295,2016-12-12,1
295,2016-12-19,1
295,2017-01-30,1
295,2017-02-27,2
295,2017-04-10,1
295,2017-05-29,1
295.0,2015-05-18,1
295.0,2015-07-27,2
295.0,2015-10-26,1
295.0,2016-02-29,1
295.0,2016-05-02,1
295.0,2016-05-30,1
295.0,2016-09-12,1
295.0,2016-11-21,1
295.0,2016-11-28,1
295.0,2016-12-26,2
295.0,2017-05-08,1
295.0,2017-05-29,2
295.0,2017-06-05,1
295.0,2017-06-26,1
295.0,2017-07-17,2
295.0,2017-07-31,1
295.0,2017-09-11,7
296,2015-03-23,1
296,2015-03-30,1
296,2015-04-06,3
296,2015-04-13,1
296,2015-04-27,3
296,2015-05-11,1
296,2015-05-18,1
296,2015-06-08,1
296,2015-06-15,2
296,2015-06-22,1
296,2015-06-29,1
296,2015-07-06,1
296,2015-07-27,2
296,2015-08-03,1
296,2015-08-10,1
296,2015-08-24,3
296,2015-08-31,2
296,2015-10-12,1
296,2015-10-19,1
296,2015-11-02,2
296,2015-11-09,1
296,2015-11-16,1
296,2015-12-07,1
296,2015-12-21,1
296,2016-01-04,3
296,2016-02-01,3
296,2016-02-08,1
296,2016-02-29,3
296,2016-03-07,1
296,2016-03-14,1
296,2016-03-21,1
296,2016-03-28,1
296,2016-04-04,1
296,2016-04-11,3
296,2016-04-18,2
296,2016-04-25,1
296,2016-05-23,1
296,2016-06-20,3
296,2016-06-27,2
296,2016-07-04,4
296,2016-07-11,2
296,2016-07-18,1
296,2016-08-01,1
296,2016-08-15,2
296,2016-08-22,1
296,2016-08-29,1
296,2016-09-12,1
296,2016-09-19,4
296,2016-09-26,1
296,2016-10-03,1
296,2016-10-10,3
296,2016-10-31,1
296,2016-11-14,2
296,2016-11-28,2
296,2016-12-05,1
296,2016-12-12,2
296,2016-12-19,1
296,2016-12-26,2
296,2017-01-02,1
296,2017-01-09,2
296,2017-01-16,2
296,2017-01-23,1
296,2017-02-06,3
296,2017-02-13,2
296,2017-02-20,1
296,2017-02-27,1
296,2017-03-06,3
296,2017-03-27,3
296,2017-04-03,2
296,2017-04-10,2
296,2017-04-17,1
296,2017-04-24,6
296,2017-05-01,2
296,2017-05-08,2
296,2017-05-15,2
296,2017-05-22,1
296,2017-05-29,1
296.0,2015-06-15,1
296.0,2015-07-13,1
296.0,2015-08-03,1
296.0,2015-08-24,1
296.0,2015-08-31,1
296.0,2015-12-07,1
296.0,2015-12-28,1
296.0,2016-02-15,1
296.0,2016-03-28,1
296.0,2016-04-04,2
296.0,2016-05-09,1
296.0,2016-05-16,1
296.0,2016-05-30,1
296.0,2016-07-04,1
296.0,2016-08-01,1
296.0,2016-08-08,1
296.0,2016-09-05,1
296.0,2016-09-12,1
296.0,2016-10-03,2
296.0,2016-10-31,1
296.0,2016-11-28,1
296.0,2016-12-19,1
296.0,2017-01-02,1
296.0,2017-01-16,1
296.0,2017-01-23,1
296.0,2017-04-10,1
296.0,2017-04-17,1
296.0,2017-05-01,2
296.0,2017-05-08,1
296.0,2017-05-15,1
296.0,2017-05-22,2
296.0,2017-05-29,2
296.0,2017-06-05,2
296.0,2017-06-12,5
296.0,2017-06-19,1
296.0,2017-06-26,1
296.0,2017-07-03,1
296.0,2017-07-10,2
296.0,2017-07-31,1
296.0,2017-08-07,2
296.0,2017-08-14,1
296.0,2017-09-04,1
296.0,2017-09-11,1
297,2015-03-23,1
297,2015-03-30,1
297,2015-04-13,4
297,2015-04-20,2
297,2015-05-04,4
297,2015-05-11,1
297,2015-05-18,2
297,2015-05-25,2
297,2015-06-01,2
297,2015-06-08,2
297,2015-06-15,4
297,2015-06-22,3
297,2015-06-29,3
297,2015-07-06,2
297,2015-07-13,3
297,2015-07-20,6
297,2015-07-27,4
297,2015-08-03,3
297,2015-08-10,3
297,2015-08-17,1
297,2015-08-24,2
297,2015-08-31,4
297,2015-09-07,2
297,2015-09-14,2
297,2015-09-21,5
297,2015-09-28,1
297,2015-10-05,2
297,2015-10-12,4
297,2015-10-19,1
297,2015-10-26,6
297,2015-11-02,3
297,2015-11-09,2
297,2015-11-16,6
297,2015-11-23,2
297,2015-11-30,4
297,2015-12-07,3
297,2015-12-14,5
297,2015-12-21,5
297,2015-12-28,4
297,2016-01-04,4
297,2016-01-11,7
297,2016-01-18,3
297,2016-01-25,2
297,2016-02-01,2
297,2016-02-08,3
297,2016-02-15,2
297,2016-02-22,1
297,2016-02-29,6
297,2016-03-07,6
297,2016-03-14,7
297,2016-03-21,1
297,2016-03-28,4
297,2016-04-11,4
297,2016-04-18,3
297,2016-04-25,5
297,2016-05-02,3
297,2016-05-09,5
297,2016-05-16,3
297,2016-05-23,7
297,2016-05-30,8
297,2016-06-06,6
297,2016-06-13,2
297,2016-06-20,3
297,2016-06-27,3
297,2016-07-04,5
297,2016-07-11,4
297,2016-07-18,2
297,2016-07-25,3
297,2016-08-01,3
297,2016-08-08,5
297,2016-08-15,8
297,2016-08-22,4
297,2016-08-29,3
297,2016-09-05,3
297,2016-09-12,4
297,2016-09-19,1
297,2016-10-03,6
297,2016-10-10,1
297,2016-10-17,4
297,2016-10-24,4
297,2016-10-31,3
297,2016-11-21,3
297,2016-11-28,4
297,2016-12-05,3
297,2016-12-12,2
297,2016-12-26,2
297,2017-01-02,3
297,2017-01-09,7
297,2017-01-16,4
297,2017-01-23,7
297,2017-01-30,3
297,2017-02-06,4
297,2017-02-13,3
297,2017-02-20,10
297,2017-02-27,2
297,2017-03-06,3
297,2017-03-13,4
297,2017-03-20,3
297,2017-03-27,3
297,2017-04-03,7
297,2017-04-10,5
297,2017-04-17,5
297,2017-04-24,5
297,2017-05-01,6
297,2017-05-08,2
297,2017-05-15,4
297,2017-05-29,1
297.0,2015-03-30,1
297.0,2015-04-06,1
297.0,2015-04-13,3
297.0,2015-05-04,2
297.0,2015-05-11,3
297.0,2015-06-01,1
297.0,2015-06-08,1
297.0,2015-07-06,2
297.0,2015-07-13,2
297.0,2015-09-07,2
297.0,2015-10-12,1
297.0,2015-10-19,2
297.0,2015-10-26,2
297.0,2015-11-02,1
297.0,2015-11-09,1
297.0,2015-12-07,1
297.0,2015-12-21,1
297.0,2016-01-04,1
297.0,2016-01-11,1
297.0,2016-01-25,2
297.0,2016-02-22,2
297.0,2016-02-29,1
297.0,2016-03-28,1
297.0,2016-04-11,2
297.0,2016-04-18,2
297.0,2016-05-02,2
297.0,2016-05-09,1
297.0,2016-05-16,1
297.0,2016-05-23,2
297.0,2016-05-30,1
297.0,2016-06-20,1
297.0,2016-06-27,1
297.0,2016-08-01,1
297.0,2016-08-08,2
297.0,2016-08-15,2
297.0,2016-08-29,2
297.0,2016-09-12,1
297.0,2016-09-19,2
297.0,2016-09-26,1
297.0,2016-10-03,1
297.0,2016-10-17,1
297.0,2016-10-24,2
297.0,2016-10-31,1
297.0,2016-11-14,1
297.0,2016-11-21,1
297.0,2016-11-28,1
297.0,2016-12-19,2
297.0,2017-01-02,1
297.0,2017-01-09,1
297.0,2017-01-16,1
297.0,2017-01-23,2
297.0,2017-02-20,3
297.0,2017-03-13,1
297.0,2017-03-20,2
297.0,2017-04-10,1
297.0,2017-04-17,1
297.0,2017-05-01,1
297.0,2017-05-08,3
297.0,2017-05-15,1
297.0,2017-05-22,5
297.0,2017-05-29,4
297.0,2017-06-05,9
297.0,2017-06-12,2
297.0,2017-06-19,3
297.0,2017-06-26,5
297.0,2017-07-03,2
297.0,2017-07-10,5
297.0,2017-07-17,6
297.0,2017-07-24,2
297.0,2017-07-31,3
297.0,2017-08-07,3
297.0,2017-08-14,1
297.0,2017-08-21,1
297.0,2017-09-04,3
298,2015-03-23,4
298,2015-04-06,2
298,2015-04-13,1
298,2015-04-20,1
298,2015-05-04,2
298,2015-06-01,2
298,2015-06-29,1
298,2015-07-27,1
298,2015-08-03,1
298,2015-08-10,2
298,2015-08-24,2
298,2015-09-07,2
298,2015-09-28,1
298,2015-10-05,2
298,2015-10-19,4
298,2015-10-26,2
298,2015-11-02,4
298,2015-11-09,1
298,2015-11-16,2
298,2015-11-23,1
298,2015-11-30,1
298,2015-12-07,3
298,2015-12-14,2
298,2015-12-28,1
298,2016-01-18,1
298,2016-01-25,1
298,2016-02-01,1
298,2016-02-08,2
298,2016-02-29,1
298,2016-03-07,2
298,2016-03-14,2
298,2016-04-25,1
298,2016-05-02,1
298,2016-05-09,1
298,2016-06-13,1
298,2016-06-20,2
298,2016-07-25,1
298,2016-08-15,2
298,2016-08-22,2
298,2016-08-29,1
298,2016-09-05,1
298,2016-09-12,1
298,2016-09-26,2
298,2016-10-17,1
298,2016-10-31,1
298,2016-11-14,1
298,2016-11-21,2
298,2017-01-09,2
298,2017-01-16,1
298,2017-01-23,1
298,2017-01-30,2
298,2017-02-06,3
298,2017-02-27,2
298,2017-03-27,5
298,2017-04-03,1
298,2017-04-10,2
298,2017-04-17,1
298,2017-04-24,2
298,2017-05-01,1
298,2017-05-08,1
298,2017-05-15,1
298.0,2015-04-27,1
298.0,2015-07-27,1
298.0,2015-08-03,1
298.0,2015-08-31,1
298.0,2015-10-26,1
298.0,2015-11-02,1
298.0,2016-01-11,1
298.0,2016-01-18,2
298.0,2016-06-13,1
298.0,2016-06-27,2
298.0,2016-08-08,1
298.0,2016-09-05,1
298.0,2016-10-10,1
298.0,2017-01-02,1
298.0,2017-01-30,1
298.0,2017-02-13,1
298.0,2017-03-06,1
298.0,2017-03-13,1
298.0,2017-04-24,1
298.0,2017-05-15,2
298.0,2017-05-22,3
298.0,2017-06-05,4
298.0,2017-06-12,3
298.0,2017-06-19,2
298.0,2017-06-26,2
298.0,2017-07-03,2
298.0,2017-07-24,3
298.0,2017-08-07,3
298.0,2017-08-14,2
298.0,2017-09-18,1
299,2015-03-16,1
299,2015-03-23,2
299,2015-03-30,2
299,2015-04-06,2
299,2015-04-13,3
299,2015-04-20,1
299,2015-04-27,1
299,2015-05-04,4
299,2015-05-11,3
299,2015-05-18,2
299,2015-05-25,1
299,2015-06-01,4
299,2015-06-08,2
299,2015-06-15,1
299,2015-06-22,1
299,2015-06-29,2
299,2015-07-06,3
299,2015-07-13,4
299,2015-07-20,1
299,2015-07-27,2
299,2015-08-03,2
299,2015-08-10,5
299,2015-08-17,3
299,2015-08-24,2
299,2015-08-31,2
299,2015-09-07,5
299,2015-09-14,3
299,2015-09-21,3
299,2015-09-28,2
299,2015-10-05,1
299,2015-10-12,4
299,2015-10-19,3
299,2015-10-26,4
299,2015-11-02,2
299,2015-11-09,1
299,2015-11-16,1
299,2015-11-23,3
299,2015-11-30,2
299,2015-12-07,3
299,2015-12-14,3
299,2015-12-21,2
299,2015-12-28,2
299,2016-01-04,1
299,2016-01-11,2
299,2016-01-18,1
299,2016-01-25,3
299,2016-02-01,1
299,2016-02-08,2
299,2016-02-15,3
299,2016-02-22,2
299,2016-02-29,5
299,2016-03-14,3
299,2016-03-21,1
299,2016-03-28,1
299,2016-04-04,2
299,2016-04-11,3
299,2016-04-18,4
299,2016-04-25,2
299,2016-05-02,3
299,2016-05-09,2
299,2016-05-16,2
299,2016-05-30,3
299,2016-06-06,3
299,2016-06-20,4
299,2016-06-27,4
299,2016-07-11,3
299,2016-07-18,1
299,2016-07-25,4
299,2016-08-01,1
299,2016-08-08,4
299,2016-08-15,5
299,2016-08-22,2
299,2016-08-29,4
299,2016-09-05,2
299,2016-09-12,1
299,2016-09-19,5
299,2016-09-26,2
299,2016-10-03,2
299,2016-10-10,3
299,2016-10-17,5
299,2016-10-24,4
299,2016-10-31,2
299,2016-11-07,1
299,2016-11-14,6
299,2016-11-28,1
299,2016-12-05,4
299,2016-12-12,3
299,2016-12-26,1
299,2017-01-02,1
299,2017-01-09,3
299,2017-01-16,5
299,2017-01-23,4
299,2017-01-30,6
299,2017-02-06,4
299,2017-02-13,4
299,2017-02-20,4
299,2017-02-27,1
299,2017-03-06,5
299,2017-03-13,5
299,2017-03-20,4
299,2017-03-27,3
299,2017-04-03,4
299,2017-04-10,4
299,2017-04-17,4
299,2017-04-24,4
299,2017-05-01,5
299,2017-05-08,9
299,2017-05-15,6
299.0,2015-03-16,2
299.0,2015-03-30,1
299.0,2015-04-06,1
299.0,2015-04-13,1
299.0,2015-04-27,1
299.0,2015-05-04,1
299.0,2015-05-11,1
299.0,2015-05-18,1
299.0,2015-06-01,1
299.0,2015-06-08,1
299.0,2015-06-22,2
299.0,2015-07-06,1
299.0,2015-07-27,2
299.0,2015-08-10,1
299.0,2015-08-17,1
299.0,2015-09-14,1
299.0,2015-10-26,1
299.0,2015-11-02,2
299.0,2015-11-09,6
299.0,2015-12-28,1
299.0,2016-01-04,1
299.0,2016-01-11,1
299.0,2016-02-01,1
299.0,2016-02-08,1
299.0,2016-02-15,1
299.0,2016-02-29,2
299.0,2016-03-14,1
299.0,2016-03-28,1
299.0,2016-04-04,1
299.0,2016-04-11,1
299.0,2016-04-25,3
299.0,2016-05-09,1
299.0,2016-05-16,1
299.0,2016-06-06,1
299.0,2016-06-20,1
299.0,2016-07-04,1
299.0,2016-07-11,2
299.0,2016-07-18,2
299.0,2016-07-25,1
299.0,2016-08-01,1
299.0,2016-08-08,2
299.0,2016-08-22,1
299.0,2016-09-05,3
299.0,2016-09-12,2
299.0,2016-09-19,1
299.0,2016-09-26,2
299.0,2016-10-10,1
299.0,2016-10-24,1
299.0,2016-10-31,1
299.0,2016-11-14,3
299.0,2016-11-21,1
299.0,2016-12-12,3
299.0,2016-12-26,1
299.0,2017-01-23,2
299.0,2017-01-30,1
299.0,2017-02-20,1
299.0,2017-02-27,2
299.0,2017-03-06,1
299.0,2017-03-13,2
299.0,2017-04-10,1
299.0,2017-05-01,1
299.0,2017-05-08,3
299.0,2017-05-15,2
299.0,2017-05-22,5
299.0,2017-05-29,5
299.0,2017-06-05,10
299.0,2017-06-12,5
299.0,2017-06-19,4
299.0,2017-06-26,10
299.0,2017-07-03,9
299.0,2017-07-10,9
299.0,2017-07-17,5
299.0,2017-07-24,13
299.0,2017-07-31,6
299.0,2017-08-07,4
299.0,2017-08-14,7
299.0,2017-08-21,1
299.0,2017-08-28,1
3,2016-02-15,1
3,2016-02-22,5
3,2016-03-14,9
3,2016-08-08,3
3,2016-09-19,4
3,2016-09-26,3
3,2016-12-26,6
3,2017-01-30,3
3,2017-02-27,1
3,2017-04-10,9
3.0,2016-09-26,3
3.0,2017-01-30,3
3.0,2017-04-17,1
3.0,2017-06-19,3
3.0,2017-07-31,1
30,2015-03-23,1
30,2015-03-30,2
30,2015-04-06,1
30,2015-04-20,1
30,2015-05-04,3
30,2015-05-11,2
30,2015-05-18,2
30,2015-06-08,2
30,2015-06-15,2
30,2015-06-22,1
30,2015-06-29,2
30,2015-07-06,1
30,2015-07-13,2
30,2015-08-03,2
30,2015-08-17,3
30,2015-08-24,2
30,2015-08-31,2
30,2015-09-07,2
30,2015-09-14,1
30,2015-10-12,1
30,2015-10-19,1
30,2015-11-02,1
30,2015-12-07,3
30,2015-12-14,4
30,2015-12-21,1
30,2016-01-11,1
30,2016-01-18,2
30,2016-01-25,2
30,2016-02-01,1
30,2016-02-08,1
30,2016-02-15,1
30,2016-02-29,1
30,2016-03-07,2
30,2016-03-14,3
30,2016-04-04,1
30,2016-04-11,3
30,2016-04-18,1
30,2016-05-02,1
30,2016-05-16,1
30,2016-05-30,5
30,2016-06-20,1
30,2016-06-27,1
30,2016-07-18,1
30,2016-07-25,2
30,2016-08-01,3
30,2016-08-29,2
30,2016-09-19,1
30,2016-09-26,3
30,2016-10-03,1
30,2016-10-10,1
30,2016-10-17,4
30,2016-10-24,1
30,2016-11-21,2
30,2016-12-19,1
30,2016-12-26,1
30,2017-01-02,1
30,2017-01-09,2
30,2017-01-16,1
30,2017-01-23,1
30,2017-02-06,2
30,2017-02-13,2
30,2017-02-20,1
30,2017-02-27,1
30,2017-03-06,1
30,2017-04-03,1
30,2017-04-10,1
30,2017-04-24,4
30,2017-05-01,1
30,2017-05-08,1
30,2017-05-15,1
30.0,2015-03-23,1
30.0,2015-04-13,1
30.0,2015-06-22,1
30.0,2015-06-29,1
30.0,2015-07-13,1
30.0,2015-09-28,1
30.0,2015-10-12,1
30.0,2015-11-02,1
30.0,2015-11-09,1
30.0,2015-11-30,2
30.0,2015-12-07,1
30.0,2016-02-22,1
30.0,2016-03-07,1
30.0,2016-03-21,1
30.0,2016-04-18,1
30.0,2016-04-25,2
30.0,2016-06-27,1
30.0,2016-07-11,1
30.0,2016-10-03,1
30.0,2016-12-05,1
30.0,2016-12-26,2
30.0,2017-02-06,1
30.0,2017-03-20,1
30.0,2017-05-08,1
30.0,2017-05-15,1
30.0,2017-05-22,2
30.0,2017-05-29,1
30.0,2017-06-05,2
30.0,2017-06-19,2
30.0,2017-07-03,1
30.0,2017-07-17,1
30.0,2017-07-24,1
30.0,2017-07-31,2
30.0,2017-08-14,2
30.0,2017-08-28,1
300,2015-03-16,1
300,2015-04-20,1
300,2015-06-29,1
300,2015-07-06,2
300,2015-09-07,1
300,2015-10-26,3
300,2015-11-23,2
300,2015-11-30,1
300,2015-12-07,2
300,2015-12-28,1
300,2016-03-07,1
300,2016-03-14,2
300,2016-04-11,3
300,2016-04-25,1
300,2016-05-30,9
300,2016-06-06,1
300,2016-07-04,6
300,2016-07-11,1
300,2016-08-08,2
300,2016-08-22,1
300,2016-09-05,1
300,2016-10-03,1
300,2016-10-10,1
300,2016-10-17,2
300,2016-10-24,1
300,2016-10-31,4
300,2016-11-07,1
300,2016-11-21,2
300,2016-11-28,2
300,2016-12-05,2
300,2016-12-19,3
300,2016-12-26,3
300,2017-01-02,2
300,2017-01-09,4
300,2017-01-16,4
300,2017-01-23,2
300,2017-01-30,2
300,2017-02-06,1
300,2017-02-13,2
300,2017-02-20,3
300,2017-02-27,5
300,2017-03-06,5
300,2017-03-13,6
300,2017-03-20,4
300,2017-03-27,2
300,2017-04-03,2
300,2017-04-10,2
300,2017-04-17,2
300,2017-04-24,15
300,2017-05-01,8
300,2017-05-08,8
300,2017-05-15,2
300,2017-05-22,2
300,2017-06-05,2
300.0,2015-04-27,1
300.0,2015-07-20,1
300.0,2015-12-07,1
300.0,2015-12-28,1
300.0,2016-03-07,1
300.0,2016-05-30,2
300.0,2016-07-04,1
300.0,2016-09-05,1
300.0,2016-09-19,1
300.0,2016-10-17,1
300.0,2016-10-31,1
300.0,2016-11-14,1
300.0,2016-12-05,1
300.0,2016-12-12,1
300.0,2016-12-19,3
300.0,2016-12-26,2
300.0,2017-01-02,1
300.0,2017-01-30,1
300.0,2017-02-06,1
300.0,2017-03-13,1
300.0,2017-03-20,2
300.0,2017-03-27,3
300.0,2017-04-03,3
300.0,2017-04-17,1
300.0,2017-05-01,1
300.0,2017-05-08,5
300.0,2017-05-15,6
300.0,2017-05-22,2
300.0,2017-05-29,2
300.0,2017-06-05,3
300.0,2017-06-12,6
300.0,2017-06-19,1
300.0,2017-06-26,3
300.0,2017-07-03,3
300.0,2017-07-10,4
300.0,2017-07-17,1
300.0,2017-07-24,5
300.0,2017-07-31,3
300.0,2017-08-14,5
301,2015-05-18,1
301,2015-07-06,1
301,2015-07-27,1
301,2015-08-10,1
301,2015-09-21,1
301,2015-12-07,1
301,2016-02-08,1
301,2016-02-15,1
301,2016-03-14,1
301,2016-03-21,1
301,2016-05-02,1
301,2016-06-13,1
301,2016-07-18,1
301,2016-07-25,1
301,2016-08-15,1
301,2016-11-14,1
301,2016-12-12,1
301,2017-01-02,1
301,2017-01-09,1
301,2017-01-16,1
301,2017-02-06,1
301,2017-02-27,1
301,2017-03-20,2
301.0,2015-03-30,1
301.0,2015-06-29,1
301.0,2015-08-10,1
301.0,2016-04-18,1
301.0,2016-04-25,1
301.0,2017-01-02,1
301.0,2017-06-19,2
301.0,2017-07-24,1
301.0,2017-08-07,1
302,2015-05-11,1
302,2015-07-20,1
302,2015-08-24,1
302,2015-10-05,1
302,2015-11-02,1
302,2015-12-21,1
302,2016-01-18,1
302,2016-01-25,1
302,2016-02-22,3
302,2016-04-04,5
302,2016-04-18,1
302,2016-05-23,3
302,2016-05-30,1
302,2016-06-20,1
302,2016-07-18,1
302,2016-08-01,1
302,2016-09-12,1
302,2016-09-19,1
302,2016-10-24,2
302,2016-12-05,1
302,2016-12-19,1
302,2017-02-20,1
302,2017-03-06,1
302,2017-03-13,2
302,2017-03-20,1
302,2017-03-27,1
302,2017-04-10,1
302,2017-04-24,1
302.0,2015-03-23,1
302.0,2015-05-18,1
302.0,2015-10-26,1
302.0,2016-07-11,1
302.0,2016-11-14,1
302.0,2017-02-06,1
302.0,2017-02-20,1
302.0,2017-05-29,1
302.0,2017-06-12,1
302.0,2017-06-26,1
303,2015-04-20,1
303,2015-04-27,1
303,2015-05-04,1
303,2015-07-13,1
303,2015-07-27,1
303,2015-09-07,1
303,2015-10-12,1
303,2015-10-19,1
303,2016-03-14,1
303,2016-07-25,1
303,2016-09-19,1
303,2016-09-26,1
303,2016-10-24,1
303,2016-11-21,1
303,2016-11-28,1
303,2016-12-05,2
303,2016-12-26,1
303,2017-01-02,2
303,2017-01-23,1
303.0,2015-04-06,1
303.0,2015-06-08,1
303.0,2015-06-15,1
303.0,2015-10-26,1
303.0,2016-10-10,1
303.0,2016-12-19,1
303.0,2017-06-05,1
303.0,2017-07-10,1
303.0,2017-07-31,2
304,2015-03-16,1
304,2015-03-30,1
304,2015-04-27,2
304,2015-05-04,1
304,2015-05-18,1
304,2015-05-25,2
304,2015-06-08,1
304,2015-06-15,1
304,2015-06-22,1
304,2015-07-13,1
304,2015-07-27,2
304,2015-08-24,1
304,2015-10-26,1
304,2015-11-16,1
304,2015-11-23,1
304,2015-11-30,1
304,2015-12-28,2
304,2016-01-18,1
304,2016-02-15,1
304,2016-02-22,1
304,2016-02-29,3
304,2016-03-07,2
304,2016-03-14,2
304,2016-03-21,1
304,2016-03-28,3
304,2016-04-04,2
304,2016-05-02,1
304,2016-05-09,1
304,2016-05-16,1
304,2016-05-23,3
304,2016-06-06,1
304,2016-06-13,1
304,2016-06-27,1
304,2016-07-25,2
304,2016-08-01,1
304,2016-08-29,1
304,2016-09-05,2
304,2016-09-12,2
304,2016-09-19,2
304,2016-09-26,2
304,2016-10-24,2
304,2016-10-31,3
304,2016-11-14,1
304,2016-11-21,1
304,2016-11-28,2
304,2016-12-26,5
304,2017-01-09,1
304,2017-01-16,1
304,2017-01-23,1
304,2017-02-13,1
304,2017-02-20,1
304,2017-02-27,1
304,2017-03-06,3
304,2017-03-13,3
304,2017-03-20,4
304,2017-03-27,1
304,2017-04-03,1
304,2017-04-10,1
304,2017-04-24,2
304,2017-05-01,3
304.0,2015-05-18,1
304.0,2015-07-20,1
304.0,2015-09-28,1
304.0,2015-12-07,1
304.0,2016-02-01,1
304.0,2016-05-23,2
304.0,2016-06-06,1
304.0,2016-06-20,1
304.0,2016-08-29,1
304.0,2016-09-26,4
304.0,2016-10-31,1
304.0,2016-11-07,2
304.0,2016-12-05,2
304.0,2017-01-23,2
304.0,2017-02-20,1
304.0,2017-02-27,1
304.0,2017-03-20,1
304.0,2017-03-27,1
304.0,2017-04-03,1
304.0,2017-05-08,1
304.0,2017-05-15,2
304.0,2017-06-05,2
304.0,2017-06-12,1
304.0,2017-06-19,3
304.0,2017-06-26,4
304.0,2017-07-03,1
304.0,2017-07-10,4
304.0,2017-07-17,3
304.0,2017-07-31,1
304.0,2017-08-07,2
304.0,2017-08-21,1
305,2015-03-23,1
305,2015-04-06,1
305,2015-04-20,1
305,2015-05-11,1
305,2015-06-01,1
305,2015-07-13,1
305,2015-08-03,1
305,2015-08-31,1
305,2015-10-05,2
305,2015-11-09,1
305,2016-01-04,1
305,2016-02-08,1
305,2016-02-22,1
305,2016-03-07,1
305,2016-03-14,1
305,2016-04-18,2
305,2016-05-16,2
305,2016-06-06,1
305,2016-07-25,2
305,2016-08-15,1
305,2016-10-10,1
305,2016-10-31,1
305,2016-11-21,1
305,2016-11-28,1
305,2016-12-12,1
305,2016-12-26,1
305,2017-01-02,1
305,2017-01-09,1
305,2017-03-06,1
305,2017-03-27,3
305,2017-04-03,1
305,2017-04-24,2
305.0,2015-03-23,1
305.0,2015-06-29,1
305.0,2015-08-17,1
305.0,2015-10-12,1
305.0,2015-11-23,1
305.0,2016-07-04,1
305.0,2016-11-14,1
305.0,2016-12-19,1
305.0,2017-01-09,1
305.0,2017-01-30,2
305.0,2017-02-20,1
305.0,2017-03-06,1
305.0,2017-03-13,1
305.0,2017-05-22,1
305.0,2017-06-26,1
305.0,2017-07-17,3
305.0,2017-07-31,1
306,2015-03-16,1
306,2015-03-23,3
306,2015-03-30,2
306,2015-04-06,3
306,2015-04-20,1
306,2015-05-04,1
306,2015-05-11,1
306,2015-05-18,1
306,2015-05-25,1
306,2015-06-01,1
306,2015-06-08,1
306,2015-06-15,1
306,2015-06-22,4
306,2015-07-06,2
306,2015-07-13,2
306,2015-07-20,1
306,2015-07-27,1
306,2015-08-03,1
306,2015-08-10,3
306,2015-08-24,2
306,2015-09-07,1
306,2015-09-14,1
306,2015-09-21,1
306,2015-09-28,3
306,2015-10-05,1
306,2015-10-12,1
306,2015-11-16,1
306,2015-11-30,1
306,2015-12-14,1
306,2015-12-21,3
306,2015-12-28,1
306,2016-01-11,1
306,2016-01-25,2
306,2016-02-01,1
306,2016-02-08,1
306,2016-02-22,1
306,2016-02-29,1
306,2016-03-07,1
306,2016-04-04,2
306,2016-04-18,2
306,2016-05-09,1
306,2016-05-16,3
306,2016-05-30,1
306,2016-06-06,4
306,2016-06-13,1
306,2016-06-20,3
306,2016-07-04,3
306,2016-07-18,2
306,2016-07-25,1
306,2016-08-01,1
306,2016-08-08,1
306,2016-08-15,2
306,2016-08-22,4
306,2016-08-29,2
306,2016-09-05,2
306,2016-09-12,2
306,2016-09-19,2
306,2016-09-26,1
306,2016-10-03,2
306,2016-10-10,2
306,2016-10-17,1
306,2016-10-31,5
306,2016-11-14,2
306,2016-11-28,1
306,2016-12-05,2
306,2016-12-12,1
306,2016-12-26,2
306,2017-01-02,1
306,2017-01-09,1
306,2017-01-16,2
306,2017-01-23,1
306,2017-01-30,2
306,2017-02-06,1
306,2017-02-20,1
306,2017-02-27,2
306,2017-03-06,1
306,2017-03-13,2
306,2017-03-20,2
306,2017-04-03,2
306,2017-04-10,3
306,2017-04-17,2
306,2017-04-24,2
306,2017-05-08,2
306,2017-05-15,1
306,2017-06-05,1
306.0,2015-06-22,1
306.0,2015-06-29,1
306.0,2015-08-03,2
306.0,2015-09-21,1
306.0,2015-10-12,1
306.0,2015-11-16,1
306.0,2015-12-07,1
306.0,2015-12-28,1
306.0,2016-02-29,1
306.0,2016-05-02,1
306.0,2016-06-06,1
306.0,2016-06-13,1
306.0,2016-07-11,1
306.0,2016-08-01,1
306.0,2016-08-29,1
306.0,2016-09-12,2
306.0,2016-09-19,1
306.0,2016-10-03,1
306.0,2016-10-17,1
306.0,2016-12-05,1
306.0,2017-02-06,1
306.0,2017-02-13,1
306.0,2017-02-20,1
306.0,2017-03-13,1
306.0,2017-04-03,1
306.0,2017-05-15,3
306.0,2017-05-22,1
306.0,2017-05-29,2
306.0,2017-06-05,2
306.0,2017-06-12,1
306.0,2017-06-19,2
306.0,2017-06-26,2
306.0,2017-07-03,2
306.0,2017-07-10,1
306.0,2017-07-17,2
306.0,2017-07-24,1
306.0,2017-08-07,1
307,2015-03-16,2
307,2015-03-23,8
307,2015-03-30,1
307,2015-04-06,2
307,2015-04-13,6
307,2015-04-20,4
307,2015-04-27,2
307,2015-05-04,4
307,2015-05-11,2
307,2015-05-18,5
307,2015-05-25,6
307,2015-06-01,4
307,2015-06-08,5
307,2015-06-15,7
307,2015-06-22,7
307,2015-06-29,7
307,2015-07-06,5
307,2015-07-13,5
307,2015-07-20,6
307,2015-07-27,5
307,2015-08-03,4
307,2015-08-10,3
307,2015-08-17,2
307,2015-08-24,7
307,2015-08-31,4
307,2015-09-07,4
307,2015-09-14,10
307,2015-09-21,7
307,2015-09-28,5
307,2015-10-05,4
307,2015-10-12,7
307,2015-10-19,2
307,2015-10-26,6
307,2015-11-02,11
307,2015-11-09,3
307,2015-11-16,3
307,2015-11-23,5
307,2015-11-30,5
307,2015-12-07,5
307,2015-12-14,3
307,2015-12-21,3
307,2015-12-28,6
307,2016-01-04,8
307,2016-01-11,7
307,2016-01-18,3
307,2016-01-25,4
307,2016-02-01,4
307,2016-02-08,7
307,2016-02-15,4
307,2016-02-22,6
307,2016-02-29,9
307,2016-03-07,8
307,2016-03-14,6
307,2016-03-21,4
307,2016-03-28,3
307,2016-04-04,1
307,2016-04-11,6
307,2016-04-18,7
307,2016-04-25,3
307,2016-05-02,3
307,2016-05-09,1
307,2016-05-16,2
307,2016-05-23,1
307,2016-05-30,4
307,2016-06-06,5
307,2016-06-13,1
307,2016-06-20,5
307,2016-06-27,9
307,2016-07-04,6
307,2016-07-11,4
307,2016-07-18,2
307,2016-07-25,2
307,2016-08-01,3
307,2016-08-08,4
307,2016-08-15,3
307,2016-08-22,8
307,2016-08-29,3
307,2016-09-05,4
307,2016-09-12,4
307,2016-09-19,5
307,2016-09-26,10
307,2016-10-03,4
307,2016-10-10,4
307,2016-10-17,4
307,2016-10-24,1
307,2016-10-31,3
307,2016-11-07,5
307,2016-11-14,1
307,2016-11-21,2
307,2016-11-28,3
307,2016-12-05,3
307,2016-12-12,3
307,2016-12-19,5
307,2016-12-26,2
307,2017-01-02,2
307,2017-01-09,2
307,2017-01-16,5
307,2017-01-23,4
307,2017-01-30,6
307,2017-02-06,6
307,2017-02-13,6
307,2017-02-20,5
307,2017-02-27,3
307,2017-03-06,7
307,2017-03-13,11
307,2017-03-20,5
307,2017-03-27,4
307,2017-04-03,5
307,2017-04-10,7
307,2017-04-17,3
307,2017-04-24,12
307,2017-05-01,5
307,2017-05-08,2
307,2017-05-15,2
307,2017-05-22,2
307.0,2015-03-23,1
307.0,2015-03-30,2
307.0,2015-04-13,1
307.0,2015-04-20,1
307.0,2015-04-27,2
307.0,2015-05-04,1
307.0,2015-05-25,1
307.0,2015-06-08,2
307.0,2015-06-22,1
307.0,2015-06-29,1
307.0,2015-07-13,1
307.0,2015-07-20,2
307.0,2015-07-27,1
307.0,2015-08-03,1
307.0,2015-08-10,3
307.0,2015-08-17,1
307.0,2015-08-24,3
307.0,2015-09-07,2
307.0,2015-09-14,1
307.0,2015-10-05,2
307.0,2015-10-12,2
307.0,2015-11-02,1
307.0,2015-11-09,1
307.0,2015-11-23,1
307.0,2015-11-30,1
307.0,2015-12-07,1
307.0,2015-12-14,1
307.0,2015-12-28,1
307.0,2016-01-11,1
307.0,2016-01-18,1
307.0,2016-02-01,1
307.0,2016-02-08,1
307.0,2016-02-15,4
307.0,2016-03-07,2
307.0,2016-03-14,1
307.0,2016-03-21,1
307.0,2016-03-28,3
307.0,2016-04-04,3
307.0,2016-04-11,1
307.0,2016-04-25,1
307.0,2016-05-02,1
307.0,2016-05-09,2
307.0,2016-05-16,1
307.0,2016-05-23,1
307.0,2016-05-30,1
307.0,2016-06-06,1
307.0,2016-06-20,1
307.0,2016-06-27,1
307.0,2016-07-04,1
307.0,2016-07-11,2
307.0,2016-07-18,2
307.0,2016-07-25,2
307.0,2016-08-01,3
307.0,2016-08-22,1
307.0,2016-09-12,2
307.0,2016-09-19,4
307.0,2016-09-26,1
307.0,2016-10-03,1
307.0,2016-10-10,2
307.0,2016-10-17,1
307.0,2016-10-24,1
307.0,2016-10-31,1
307.0,2016-11-07,2
307.0,2016-12-05,1
307.0,2017-01-02,1
307.0,2017-01-09,1
307.0,2017-01-16,2
307.0,2017-01-23,4
307.0,2017-01-30,2
307.0,2017-02-06,2
307.0,2017-02-13,1
307.0,2017-02-20,2
307.0,2017-02-27,3
307.0,2017-03-27,1
307.0,2017-04-03,1
307.0,2017-04-10,3
307.0,2017-05-01,2
307.0,2017-05-15,3
307.0,2017-05-22,7
307.0,2017-05-29,9
307.0,2017-06-05,4
307.0,2017-06-12,5
307.0,2017-06-19,7
307.0,2017-06-26,8
307.0,2017-07-03,4
307.0,2017-07-10,3
307.0,2017-07-17,5
307.0,2017-07-24,4
307.0,2017-07-31,7
307.0,2017-08-07,2
307.0,2017-08-14,2
307.0,2017-08-21,4
307.0,2017-08-28,1
307.0,2017-09-11,1
308,2015-03-16,1
308,2015-04-13,1
308,2015-05-18,2
308,2015-05-25,4
308,2015-06-08,2
308,2015-06-29,1
308,2015-07-06,1
308,2015-08-10,2
308,2015-08-17,1
308,2015-08-24,2
308,2015-08-31,2
308,2015-09-07,1
308,2015-09-14,4
308,2015-09-21,1
308,2015-10-05,1
308,2015-10-12,1
308,2015-10-26,1
308,2015-11-02,2
308,2015-11-16,2
308,2015-11-23,2
308,2015-12-07,1
308,2015-12-14,3
308,2015-12-21,1
308,2015-12-28,2
308,2016-02-29,2
308,2016-03-14,1
308,2016-03-21,1
308,2016-04-11,2
308,2016-05-09,1
308,2016-05-23,1
308,2016-06-20,1
308,2016-07-11,1
308,2016-08-22,1
308,2016-09-12,1
308,2016-10-03,1
308,2016-11-28,1
308,2016-12-19,1
308,2017-01-09,1
308,2017-03-06,1
308,2017-04-17,1
308,2017-04-24,2
308,2017-05-08,1
308,2017-05-15,1
308.0,2015-03-16,1
308.0,2015-04-06,1
308.0,2015-04-13,1
308.0,2015-06-15,1
308.0,2015-08-17,1
308.0,2015-09-14,1
308.0,2015-10-26,1
308.0,2015-11-02,1
308.0,2015-11-09,1
308.0,2015-11-16,1
308.0,2016-02-22,1
308.0,2016-06-20,2
308.0,2016-11-21,1
308.0,2017-02-13,1
308.0,2017-03-06,1
308.0,2017-05-22,2
308.0,2017-06-12,1
308.0,2017-06-19,1
308.0,2017-07-24,1
309,2015-03-23,2
309,2015-03-30,3
309,2015-04-06,2
309,2015-04-13,3
309,2015-04-20,2
309,2015-04-27,1
309,2015-05-04,4
309,2015-05-11,1
309,2015-05-18,2
309,2015-06-01,3
309,2015-07-06,1
309,2015-07-20,1
309,2015-07-27,3
309,2015-08-03,3
309,2015-08-10,2
309,2015-08-17,3
309,2015-08-24,2
309,2015-09-07,2
309,2015-09-14,4
309,2015-09-21,5
309,2015-09-28,2
309,2015-10-05,1
309,2015-10-12,2
309,2015-10-19,4
309,2015-10-26,3
309,2015-11-02,5
309,2015-11-09,2
309,2015-11-16,2
309,2015-11-23,1
309,2015-11-30,1
309,2015-12-07,3
309,2015-12-14,4
309,2015-12-21,1
309,2015-12-28,2
309,2016-01-04,4
309,2016-01-11,2
309,2016-01-25,5
309,2016-02-01,1
309,2016-02-08,4
309,2016-02-15,4
309,2016-02-22,2
309,2016-02-29,3
309,2016-03-07,5
309,2016-03-14,1
309,2016-03-21,3
309,2016-03-28,2
309,2016-04-11,5
309,2016-04-18,4
309,2016-04-25,3
309,2016-05-02,2
309,2016-05-09,3
309,2016-05-23,2
309,2016-06-06,2
309,2016-06-13,1
309,2016-06-20,2
309,2016-06-27,3
309,2016-07-04,4
309,2016-07-11,3
309,2016-07-25,4
309,2016-08-01,4
309,2016-08-08,3
309,2016-08-15,3
309,2016-08-22,2
309,2016-09-05,1
309,2016-09-12,4
309,2016-09-19,6
309,2016-09-26,1
309,2016-10-03,5
309,2016-10-10,2
309,2016-10-17,3
309,2016-10-24,1
309,2016-10-31,6
309,2016-11-07,2
309,2016-11-14,4
309,2016-11-28,2
309,2016-12-05,2
309,2016-12-12,3
309,2016-12-19,5
309,2016-12-26,2
309,2017-01-02,3
309,2017-01-09,3
309,2017-01-16,3
309,2017-01-23,1
309,2017-01-30,4
309,2017-02-06,2
309,2017-02-13,3
309,2017-02-20,4
309,2017-02-27,1
309,2017-03-06,3
309,2017-03-13,1
309,2017-03-20,5
309,2017-03-27,3
309,2017-04-03,2
309,2017-04-10,5
309,2017-04-17,8
309,2017-04-24,6
309,2017-05-01,3
309,2017-05-08,3
309,2017-05-15,1
309,2017-05-29,1
309.0,2015-03-30,2
309.0,2015-04-06,1
309.0,2015-05-18,2
309.0,2015-06-15,1
309.0,2015-06-22,1
309.0,2015-06-29,1
309.0,2015-07-06,1
309.0,2015-07-13,1
309.0,2015-07-20,1
309.0,2015-07-27,3
309.0,2015-09-28,1
309.0,2015-10-12,1
309.0,2015-11-16,1
309.0,2015-11-30,1
309.0,2015-12-07,1
309.0,2015-12-21,2
309.0,2016-01-04,1
309.0,2016-02-01,1
309.0,2016-02-08,1
309.0,2016-02-15,1
309.0,2016-02-22,2
309.0,2016-03-07,1
309.0,2016-03-14,2
309.0,2016-03-21,2
309.0,2016-04-04,2
309.0,2016-04-11,1
309.0,2016-05-02,1
309.0,2016-05-09,2
309.0,2016-05-16,1
309.0,2016-06-06,1
309.0,2016-06-27,1
309.0,2016-07-04,2
309.0,2016-07-18,2
309.0,2016-08-01,1
309.0,2016-08-22,1
309.0,2016-08-29,1
309.0,2016-09-05,1
309.0,2016-10-24,3
309.0,2016-10-31,2
309.0,2016-11-07,2
309.0,2016-12-05,1
309.0,2016-12-12,1
309.0,2016-12-19,1
309.0,2016-12-26,1
309.0,2017-01-09,1
309.0,2017-01-16,2
309.0,2017-01-30,1
309.0,2017-02-06,3
309.0,2017-02-13,1
309.0,2017-02-20,3
309.0,2017-03-06,1
309.0,2017-03-13,2
309.0,2017-03-20,1
309.0,2017-03-27,2
309.0,2017-04-03,2
309.0,2017-05-01,2
309.0,2017-05-15,1
309.0,2017-05-22,4
309.0,2017-05-29,1
309.0,2017-06-05,6
309.0,2017-06-12,7
309.0,2017-06-19,6
309.0,2017-06-26,1
309.0,2017-07-03,7
309.0,2017-07-10,7
309.0,2017-07-17,5
309.0,2017-07-24,5
309.0,2017-07-31,5
309.0,2017-08-07,2
309.0,2017-08-21,1
309.0,2017-08-28,2
309.0,2017-09-11,1
31,2015-03-23,1
31,2015-04-13,2
31,2015-05-18,1
31,2015-06-29,3
31,2015-07-06,1
31,2015-08-03,1
31,2015-08-10,2
31,2015-08-31,1
31,2015-09-28,2
31,2015-10-05,1
31,2015-10-12,1
31,2015-10-19,1
31,2015-11-09,1
31,2015-11-30,1
31,2016-01-18,1
31,2016-03-14,1
31,2016-04-11,1
31,2016-04-18,1
31,2016-04-25,1
31,2016-05-23,1
31,2016-06-20,1
31,2016-08-01,1
31,2016-08-22,1
31,2016-09-19,2
31,2016-09-26,1
31,2016-10-17,1
31,2016-10-31,2
31,2016-11-21,1
31,2016-12-12,1
31,2017-01-02,2
31,2017-01-16,1
31,2017-03-06,1
31,2017-03-13,1
31,2017-04-03,1
31,2017-04-10,1
31,2017-04-24,5
31,2017-05-01,1
31,2017-05-15,3
31.0,2015-07-06,1
31.0,2015-07-13,1
31.0,2015-09-14,1
31.0,2016-07-25,2
31.0,2016-08-01,1
31.0,2016-08-08,1
31.0,2016-11-21,1
31.0,2016-12-05,1
31.0,2017-02-27,1
31.0,2017-03-13,1
31.0,2017-05-08,1
31.0,2017-05-15,2
31.0,2017-05-22,1
31.0,2017-06-26,1
31.0,2017-07-17,1
31.0,2017-07-24,1
310,2015-03-16,2
310,2015-03-23,1
310,2015-03-30,1
310,2015-04-13,1
310,2015-04-20,1
310,2015-05-04,2
310,2015-05-18,6
310,2015-06-01,3
310,2015-06-08,1
310,2015-06-22,1
310,2015-07-06,2
310,2015-07-13,2
310,2015-07-20,1
310,2015-07-27,2
310,2015-08-03,1
310,2015-08-10,1
310,2015-08-17,1
310,2015-09-07,1
310,2015-09-14,1
310,2015-09-21,2
310,2015-09-28,2
310,2015-10-26,1
310,2015-11-09,1
310,2015-11-16,2
310,2015-11-23,3
310,2015-11-30,1
310,2015-12-07,2
310,2015-12-28,1
310,2016-01-04,4
310,2016-01-11,5
310,2016-01-25,1
310,2016-02-08,1
310,2016-02-15,3
310,2016-02-22,4
310,2016-02-29,1
310,2016-03-07,2
310,2016-03-14,2
310,2016-03-21,1
310,2016-03-28,1
310,2016-04-04,4
310,2016-04-11,4
310,2016-04-18,3
310,2016-04-25,1
310,2016-05-02,1
310,2016-05-09,2
310,2016-05-16,1
310,2016-05-23,1
310,2016-05-30,1
310,2016-06-06,3
310,2016-06-13,1
310,2016-06-20,2
310,2016-06-27,1
310,2016-07-04,3
310,2016-07-11,3
310,2016-07-18,5
310,2016-07-25,3
310,2016-08-01,1
310,2016-08-08,5
310,2016-08-15,2
310,2016-08-22,5
310,2016-09-05,5
310,2016-09-12,2
310,2016-09-19,1
310,2016-09-26,4
310,2016-10-03,1
310,2016-10-10,3
310,2016-10-17,3
310,2016-10-24,1
310,2016-10-31,2
310,2016-11-07,6
310,2016-11-14,5
310,2016-11-21,2
310,2016-11-28,4
310,2016-12-05,1
310,2016-12-12,1
310,2016-12-19,1
310,2016-12-26,2
310,2017-01-02,2
310,2017-01-16,5
310,2017-01-23,3
310,2017-01-30,1
310,2017-02-06,1
310,2017-02-13,2
310,2017-02-20,1
310,2017-02-27,5
310,2017-03-06,3
310,2017-03-13,2
310,2017-03-20,2
310,2017-03-27,2
310,2017-04-03,6
310,2017-04-10,2
310,2017-04-17,2
310,2017-04-24,4
310,2017-05-01,1
310,2017-05-08,4
310,2017-05-29,1
310.0,2015-03-16,1
310.0,2015-05-11,1
310.0,2015-05-18,1
310.0,2015-05-25,1
310.0,2015-06-22,1
310.0,2015-07-27,1
310.0,2015-08-17,2
310.0,2015-08-24,2
310.0,2015-09-14,2
310.0,2015-10-05,1
310.0,2015-10-12,1
310.0,2015-10-26,1
310.0,2015-11-02,1
310.0,2015-12-28,1
310.0,2016-01-11,2
310.0,2016-01-25,1
310.0,2016-02-01,2
310.0,2016-02-08,1
310.0,2016-02-22,2
310.0,2016-02-29,1
310.0,2016-03-07,1
310.0,2016-04-04,1
310.0,2016-04-11,1
310.0,2016-04-18,1
310.0,2016-05-02,1
310.0,2016-05-09,2
310.0,2016-05-23,2
310.0,2016-06-06,1
310.0,2016-06-13,2
310.0,2016-07-11,2
310.0,2016-07-18,1
310.0,2016-07-25,2
310.0,2016-09-12,1
310.0,2016-10-17,1
310.0,2016-10-24,2
310.0,2016-11-07,1
310.0,2016-11-14,1
310.0,2016-11-21,1
310.0,2016-11-28,1
310.0,2016-12-05,2
310.0,2016-12-12,1
310.0,2016-12-26,1
310.0,2017-01-02,1
310.0,2017-01-23,4
310.0,2017-01-30,1
310.0,2017-02-06,3
310.0,2017-02-13,1
310.0,2017-03-06,1
310.0,2017-04-10,2
310.0,2017-04-24,2
310.0,2017-05-01,2
310.0,2017-05-15,4
310.0,2017-05-29,2
310.0,2017-06-05,6
310.0,2017-06-12,5
310.0,2017-06-19,1
310.0,2017-06-26,4
310.0,2017-07-03,3
310.0,2017-07-10,1
310.0,2017-07-17,3
310.0,2017-07-24,2
310.0,2017-08-14,1
310.0,2017-08-28,1
311,2015-03-23,2
311,2015-03-30,7
311,2015-04-06,2
311,2015-04-13,1
311,2015-04-20,3
311,2015-04-27,1
311,2015-05-04,2
311,2015-05-11,3
311,2015-05-18,3
311,2015-05-25,4
311,2015-06-01,4
311,2015-06-08,3
311,2015-06-15,2
311,2015-06-22,7
311,2015-06-29,4
311,2015-07-06,4
311,2015-07-13,5
311,2015-07-20,4
311,2015-07-27,2
311,2015-08-03,5
311,2015-08-10,5
311,2015-08-17,4
311,2015-08-24,4
311,2015-08-31,5
311,2015-09-07,4
311,2015-09-14,5
311,2015-09-21,2
311,2015-09-28,3
311,2015-10-05,2
311,2015-10-12,1
311,2015-10-19,3
311,2015-10-26,5
311,2015-11-02,4
311,2015-11-09,4
311,2015-11-16,1
311,2015-11-23,3
311,2015-11-30,2
311,2015-12-07,6
311,2015-12-14,3
311,2015-12-21,2
311,2015-12-28,1
311,2016-01-04,7
311,2016-01-11,5
311,2016-01-18,4
311,2016-01-25,6
311,2016-02-01,6
311,2016-02-08,4
311,2016-02-15,2
311,2016-02-22,3
311,2016-02-29,3
311,2016-03-07,7
311,2016-03-14,2
311,2016-03-21,3
311,2016-03-28,5
311,2016-04-04,6
311,2016-04-11,3
311,2016-04-18,2
311,2016-04-25,3
311,2016-05-02,3
311,2016-05-09,6
311,2016-05-16,2
311,2016-05-23,4
311,2016-05-30,4
311,2016-06-06,4
311,2016-06-13,1
311,2016-06-20,2
311,2016-06-27,4
311,2016-07-04,2
311,2016-07-11,4
311,2016-07-18,2
311,2016-07-25,6
311,2016-08-01,4
311,2016-08-08,6
311,2016-08-15,4
311,2016-08-22,3
311,2016-08-29,3
311,2016-09-05,3
311,2016-09-12,2
311,2016-09-19,6
311,2016-09-26,4
311,2016-10-03,4
311,2016-10-10,6
311,2016-10-17,4
311,2016-10-24,6
311,2016-10-31,2
311,2016-11-07,2
311,2016-11-14,4
311,2016-11-21,3
311,2016-11-28,6
311,2016-12-05,2
311,2016-12-12,6
311,2016-12-19,2
311,2016-12-26,3
311,2017-01-02,2
311,2017-01-09,1
311,2017-01-16,7
311,2017-01-23,1
311,2017-01-30,1
311,2017-02-06,11
311,2017-02-13,4
311,2017-02-20,9
311,2017-02-27,5
311,2017-03-06,9
311,2017-03-13,7
311,2017-03-20,2
311,2017-03-27,5
311,2017-04-03,3
311,2017-04-10,4
311,2017-04-17,5
311,2017-04-24,6
311,2017-05-01,7
311,2017-05-08,3
311,2017-05-15,2
311,2017-05-29,1
311.0,2015-03-16,1
311.0,2015-03-23,2
311.0,2015-03-30,1
311.0,2015-04-06,2
311.0,2015-05-04,3
311.0,2015-05-11,1
311.0,2015-05-18,3
311.0,2015-05-25,3
311.0,2015-06-01,1
311.0,2015-06-08,1
311.0,2015-06-15,1
311.0,2015-06-29,2
311.0,2015-07-06,5
311.0,2015-07-13,1
311.0,2015-07-27,2
311.0,2015-08-03,2
311.0,2015-08-10,2
311.0,2015-08-24,2
311.0,2015-08-31,3
311.0,2015-09-07,1
311.0,2015-09-14,1
311.0,2015-09-28,2
311.0,2015-10-05,1
311.0,2015-10-12,1
311.0,2015-10-19,1
311.0,2015-10-26,2
311.0,2015-11-23,1
311.0,2015-11-30,1
311.0,2015-12-28,2
311.0,2016-01-04,1
311.0,2016-01-18,1
311.0,2016-02-08,1
311.0,2016-02-15,1
311.0,2016-03-07,1
311.0,2016-03-14,2
311.0,2016-04-18,2
311.0,2016-04-25,2
311.0,2016-05-02,1
311.0,2016-05-09,1
311.0,2016-05-16,1
311.0,2016-05-23,4
311.0,2016-06-06,2
311.0,2016-06-13,2
311.0,2016-06-20,1
311.0,2016-06-27,1
311.0,2016-07-04,1
311.0,2016-07-11,1
311.0,2016-07-18,1
311.0,2016-08-01,3
311.0,2016-08-08,1
311.0,2016-08-29,1
311.0,2016-09-05,3
311.0,2016-09-12,1
311.0,2016-09-19,2
311.0,2016-10-03,1
311.0,2016-10-10,1
311.0,2016-10-17,1
311.0,2016-10-24,1
311.0,2016-10-31,1
311.0,2016-11-07,2
311.0,2016-11-14,1
311.0,2016-11-21,2
311.0,2016-11-28,1
311.0,2016-12-05,1
311.0,2016-12-12,3
311.0,2017-01-02,2
311.0,2017-01-09,1
311.0,2017-01-16,3
311.0,2017-01-23,1
311.0,2017-01-30,1
311.0,2017-02-06,1
311.0,2017-02-20,1
311.0,2017-02-27,2
311.0,2017-03-06,1
311.0,2017-03-27,1
311.0,2017-04-03,2
311.0,2017-04-10,1
311.0,2017-04-17,2
311.0,2017-05-08,3
311.0,2017-05-15,3
311.0,2017-05-22,3
311.0,2017-05-29,5
311.0,2017-06-05,3
311.0,2017-06-12,3
311.0,2017-06-19,6
311.0,2017-06-26,5
311.0,2017-07-03,1
311.0,2017-07-10,6
311.0,2017-07-17,5
311.0,2017-07-24,10
311.0,2017-07-31,8
311.0,2017-08-07,5
311.0,2017-08-14,1
311.0,2017-08-21,1
311.0,2017-08-28,1
311.0,2017-09-04,1
312,2015-07-20,2
312,2015-09-07,1
312,2015-09-21,1
312,2015-12-07,1
312,2016-03-28,2
312,2016-05-16,2
312,2016-05-23,1
312,2016-05-30,1
312,2016-07-18,11
312,2016-11-28,1
312,2017-01-30,1
312,2017-02-06,1
312,2017-02-13,2
312.0,2016-04-18,1
312.0,2016-05-09,3
312.0,2016-07-18,4
312.0,2016-09-12,1
312.0,2017-07-17,1
312.0,2017-07-24,1
313,2015-03-30,1
313,2015-05-11,4
313,2015-05-18,1
313,2015-06-22,1
313,2015-06-29,1
313,2015-07-06,2
313,2015-08-24,1
313,2015-10-12,1
313,2015-11-16,1
313,2016-02-01,1
313,2016-03-07,1
313,2016-04-04,2
313,2016-04-18,1
313,2016-05-02,1
313,2016-06-20,1
313,2016-08-08,1
313,2016-12-12,1
313,2017-01-02,1
313,2017-01-16,1
313,2017-03-27,1
313,2017-04-10,1
313,2017-04-24,1
313,2017-05-01,1
313.0,2015-05-11,1
313.0,2015-06-15,1
313.0,2015-07-20,1
313.0,2015-09-07,1
313.0,2016-06-06,1
313.0,2017-06-05,1
313.0,2017-07-10,1
313.0,2017-07-24,1
314,2015-03-23,1
314,2015-07-13,1
314,2015-07-27,1
314,2015-08-03,2
314,2015-08-17,1
314,2015-09-07,1
314,2015-09-21,1
314,2015-10-05,1
314,2016-02-22,1
314,2016-09-05,2
314,2016-09-26,2
314,2016-11-07,1
314,2016-11-14,2
314,2016-12-26,1
314,2017-01-16,1
314,2017-03-27,1
314,2017-05-01,13
314,2017-05-08,1
314,2017-06-05,1
314.0,2015-06-15,1
314.0,2016-10-03,1
314.0,2017-01-02,1
314.0,2017-01-30,1
314.0,2017-03-27,1
314.0,2017-05-01,1
314.0,2017-06-12,1
314.0,2017-07-24,3
314.0,2017-07-31,2
314.0,2017-08-07,3
314.0,2017-08-14,1
315,2015-03-23,1
315,2015-04-06,1
315,2015-05-18,2
315,2015-06-15,2
315,2015-06-22,1
315,2015-07-27,1
315,2015-09-28,2
315,2015-10-12,1
315,2015-10-19,1
315,2015-10-26,1
315,2015-11-30,1
315,2015-12-14,1
315,2016-03-14,1
315,2016-03-28,2
315,2016-04-25,1
315,2016-06-20,1
315,2016-07-11,1
315,2016-10-24,2
315,2016-10-31,3
315,2016-11-14,1
315,2016-12-12,2
315,2016-12-19,2
315,2017-01-02,1
315,2017-01-23,1
315,2017-02-06,4
315,2017-03-13,1
315,2017-04-17,1
315,2017-04-24,1
315,2017-05-01,2
315,2017-05-22,2
315.0,2015-03-23,1
315.0,2015-04-27,1
315.0,2015-05-11,1
315.0,2015-05-25,1
315.0,2015-06-29,1
315.0,2015-08-10,1
315.0,2016-04-11,1
315.0,2016-10-24,1
315.0,2017-04-17,1
315.0,2017-05-22,3
315.0,2017-06-19,1
315.0,2017-07-03,1
315.0,2017-07-10,4
315.0,2017-07-31,2
315.0,2017-08-14,3
315.0,2017-09-25,1
316,2015-04-20,2
316,2015-05-11,1
316,2015-06-01,1
316,2015-11-16,1
316,2015-12-21,1
316,2016-01-04,1
316,2016-03-07,1
316,2016-03-14,1
316,2016-06-06,1
316,2016-07-18,1
316,2016-08-01,1
316,2016-08-08,1
316,2016-09-19,1
316,2016-10-17,2
316,2016-10-24,1
316,2016-11-07,1
316,2016-11-14,1
316,2017-02-06,1
316,2017-03-20,1
316,2017-04-03,1
316,2017-04-24,1
316.0,2015-04-06,1
316.0,2015-04-20,1
316.0,2015-05-18,1
316.0,2015-10-12,1
316.0,2016-09-26,1
316.0,2016-10-24,1
316.0,2016-11-28,1
316.0,2017-01-23,1
316.0,2017-02-20,1
316.0,2017-05-29,1
317,2015-05-04,2
317,2015-05-25,1
317,2015-06-22,2
317,2015-08-24,1
317,2015-10-26,1
317,2015-11-02,1
317,2015-11-09,1
317,2015-11-16,1
317,2016-02-08,1
317,2016-02-29,1
317,2016-03-14,1
317,2016-04-04,2
317,2016-04-11,1
317,2016-05-02,1
317,2016-06-27,1
317,2016-07-25,6
317,2016-08-01,3
317,2016-08-15,4
317,2016-08-22,1
317,2016-09-12,2
317,2016-09-26,1
317,2016-10-24,1
317,2016-11-21,1
317,2017-01-30,1
317,2017-02-27,1
317,2017-03-20,1
317,2017-04-24,1
317,2017-05-01,1
317.0,2015-08-03,1
317.0,2015-10-12,1
317.0,2015-10-19,1
317.0,2016-07-25,3
317.0,2016-08-08,1
317.0,2016-08-15,1
317.0,2016-09-12,1
317.0,2017-02-27,1
317.0,2017-05-01,1
317.0,2017-06-05,2
317.0,2017-07-10,3
318,2015-04-20,1
318,2015-04-27,3
318,2015-05-04,1
318,2015-06-15,1
318,2015-07-27,1
318,2015-09-07,1
318,2015-10-26,1
318,2016-03-14,1
318,2016-03-21,1
318,2016-04-04,2
318,2016-05-16,1
318,2016-05-30,1
318,2016-06-20,1
318,2016-06-27,1
318,2016-07-11,2
318,2016-09-12,1
318,2016-09-19,1
318,2016-10-24,1
318,2016-11-28,1
318,2016-12-05,1
318,2017-01-16,4
318,2017-01-30,1
318,2017-02-13,2
318,2017-03-13,1
318,2017-04-03,1
318.0,2015-06-08,1
318.0,2015-06-29,1
318.0,2015-09-28,1
318.0,2016-07-18,2
318.0,2016-08-22,1
318.0,2016-10-24,1
318.0,2017-01-23,1
318.0,2017-05-29,1
318.0,2017-06-05,1
318.0,2017-06-19,1
318.0,2017-07-03,2
318.0,2017-07-24,1
318.0,2017-08-21,1
319,2015-09-21,1
319,2016-01-04,1
319,2016-11-14,1
319,2016-12-26,1
319,2017-02-20,1
319,2017-03-06,1
319,2017-03-20,1
319,2017-03-27,1
319,2017-04-03,1
319,2017-04-10,1
319,2017-04-17,3
319,2017-04-24,2
319,2017-05-01,4
319.0,2017-03-13,1
319.0,2017-03-27,2
319.0,2017-04-03,1
319.0,2017-04-17,1
319.0,2017-04-24,1
319.0,2017-05-15,3
319.0,2017-05-22,1
319.0,2017-05-29,1
319.0,2017-06-05,3
319.0,2017-07-10,3
319.0,2017-07-24,2
319.0,2017-07-31,2
32,2015-03-23,1
32,2015-08-17,1
32,2015-10-12,1
32,2015-10-26,2
32,2016-01-04,1
32,2016-03-21,1
32,2016-05-09,2
32,2016-06-20,1
32,2016-07-04,1
32,2016-07-18,1
32,2016-07-25,2
32,2016-08-01,2
32,2016-08-29,1
32,2016-10-03,1
32,2016-10-31,1
32,2016-11-07,1
32,2016-11-28,2
32,2016-12-12,1
32,2016-12-26,2
32,2017-01-02,1
32,2017-04-03,1
32,2017-04-10,2
32,2017-04-24,1
32,2017-05-01,4
32,2017-07-10,1
32.0,2016-08-29,1
32.0,2016-10-17,1
32.0,2016-11-28,1
32.0,2017-05-15,2
32.0,2017-05-29,2
32.0,2017-07-10,1
32.0,2017-07-17,2
32.0,2017-07-24,1
32.0,2017-07-31,1
320,2015-03-16,1
320,2015-06-01,1
320,2015-06-22,1
320,2015-08-10,1
320,2015-08-17,1
320,2015-09-14,1
320,2015-10-05,1
320,2015-11-30,2
320,2016-02-22,1
320,2016-06-06,1
320,2016-08-01,2
320,2016-08-08,1
320,2016-08-22,2
320,2016-10-03,1
320,2016-12-26,1
320,2017-01-02,2
320,2017-01-09,2
320,2017-01-23,1
320,2017-01-30,2
320,2017-03-06,1
320,2017-03-20,1
320,2017-04-24,2
320,2017-05-01,1
320,2017-05-22,1
320.0,2015-09-07,1
320.0,2016-02-01,1
320.0,2016-04-04,1
320.0,2016-05-30,1
320.0,2016-08-22,1
320.0,2017-02-13,1
320.0,2017-04-10,1
320.0,2017-05-01,1
320.0,2017-05-08,1
320.0,2017-05-15,1
320.0,2017-05-22,1
320.0,2017-05-29,1
320.0,2017-06-05,3
320.0,2017-06-12,2
320.0,2017-06-19,2
320.0,2017-06-26,4
320.0,2017-07-17,4
320.0,2017-07-24,1
320.0,2017-08-07,1
320.0,2017-08-14,2
320.0,2017-08-28,1
321,2015-04-06,2
321,2015-08-03,1
321,2015-08-10,1
321,2015-09-07,1
321,2015-09-21,1
321,2015-11-02,1
321,2015-11-16,1
321,2015-11-30,2
321,2016-02-01,1
321,2016-02-08,1
321,2016-02-22,1
321,2016-03-21,1
321,2016-04-04,1
321,2016-05-02,2
321,2016-08-08,1
321,2016-08-29,1
321,2016-09-12,6
321,2016-09-19,3
321,2016-10-17,2
321,2016-10-24,1
321,2016-11-28,1
321,2016-12-26,1
321,2017-01-09,1
321,2017-01-30,1
321,2017-02-06,1
321,2017-02-27,1
321,2017-05-01,2
321.0,2015-09-07,1
321.0,2015-11-30,1
321.0,2015-12-14,1
321.0,2016-01-11,1
321.0,2016-04-25,1
321.0,2016-05-02,1
321.0,2016-08-08,1
321.0,2016-10-24,2
321.0,2016-12-12,1
321.0,2017-01-02,1
321.0,2017-06-19,4
321.0,2017-07-03,1
321.0,2017-07-24,1
321.0,2017-07-31,1
321.0,2017-08-07,1
321.0,2017-08-14,2
322,2015-06-01,1
322,2015-06-08,2
322,2015-06-29,1
322,2015-08-24,2
322,2015-11-02,1
322,2015-11-23,2
322,2015-12-28,1
322,2016-01-18,1
322,2016-03-14,1
322,2016-04-11,1
322,2016-05-16,1
322,2016-05-23,1
322,2016-05-30,1
322,2016-06-06,1
322,2016-08-08,3
322,2016-10-10,1
322,2016-10-31,1
322,2016-11-28,2
322,2017-02-13,1
322,2017-02-27,2
322,2017-05-01,2
322.0,2015-09-07,1
322.0,2015-11-30,1
322.0,2016-09-05,1
322.0,2017-02-13,1
322.0,2017-06-05,1
322.0,2017-06-12,1
322.0,2017-06-26,1
322.0,2017-07-10,1
322.0,2017-08-14,1
323,2015-03-16,1
323,2015-03-23,5
323,2015-03-30,7
323,2015-04-06,3
323,2015-04-13,6
323,2015-04-20,1
323,2015-04-27,6
323,2015-05-04,2
323,2015-05-11,6
323,2015-05-18,6
323,2015-05-25,1
323,2015-06-01,4
323,2015-06-08,3
323,2015-06-15,8
323,2015-06-22,1
323,2015-06-29,6
323,2015-07-06,4
323,2015-07-13,3
323,2015-07-20,3
323,2015-07-27,3
323,2015-08-03,6
323,2015-08-10,5
323,2015-08-17,4
323,2015-08-24,3
323,2015-08-31,6
323,2015-09-07,3
323,2015-09-14,1
323,2015-09-21,8
323,2015-09-28,12
323,2015-10-05,5
323,2015-10-12,8
323,2015-10-19,6
323,2015-10-26,2
323,2015-11-02,7
323,2015-11-09,7
323,2015-11-16,3
323,2015-11-23,4
323,2015-11-30,3
323,2015-12-07,2
323,2015-12-14,5
323,2015-12-21,1
323,2015-12-28,3
323,2016-01-04,5
323,2016-01-11,3
323,2016-01-18,2
323,2016-01-25,1
323,2016-02-01,1
323,2016-02-08,5
323,2016-02-15,5
323,2016-02-22,5
323,2016-02-29,4
323,2016-03-07,6
323,2016-03-14,11
323,2016-03-21,5
323,2016-03-28,7
323,2016-04-04,11
323,2016-04-11,9
323,2016-04-18,7
323,2016-04-25,8
323,2016-05-02,5
323,2016-05-09,5
323,2016-05-16,9
323,2016-05-23,7
323,2016-05-30,14
323,2016-06-06,7
323,2016-06-13,11
323,2016-06-20,8
323,2016-06-27,5
323,2016-07-04,10
323,2016-07-11,2
323,2016-07-18,5
323,2016-07-25,9
323,2016-08-01,6
323,2016-08-08,5
323,2016-08-15,15
323,2016-08-22,9
323,2016-08-29,9
323,2016-09-05,9
323,2016-09-12,7
323,2016-09-19,7
323,2016-09-26,5
323,2016-10-03,10
323,2016-10-10,12
323,2016-10-17,7
323,2016-10-24,3
323,2016-10-31,7
323,2016-11-07,7
323,2016-11-14,6
323,2016-11-21,8
323,2016-11-28,5
323,2016-12-05,6
323,2016-12-12,4
323,2016-12-19,3
323,2016-12-26,4
323,2017-01-02,10
323,2017-01-09,7
323,2017-01-16,13
323,2017-01-23,7
323,2017-01-30,11
323,2017-02-06,13
323,2017-02-13,9
323,2017-02-20,6
323,2017-02-27,7
323,2017-03-06,9
323,2017-03-13,7
323,2017-03-20,3
323,2017-03-27,7
323,2017-04-03,11
323,2017-04-10,5
323,2017-04-17,7
323,2017-04-24,7
323,2017-05-01,10
323,2017-05-08,6
323,2017-05-15,3
323,2017-05-22,2
323.0,2015-03-23,2
323.0,2015-04-06,3
323.0,2015-04-13,1
323.0,2015-04-27,2
323.0,2015-05-11,4
323.0,2015-05-18,1
323.0,2015-05-25,1
323.0,2015-06-01,1
323.0,2015-06-08,2
323.0,2015-06-22,2
323.0,2015-06-29,1
323.0,2015-07-06,1
323.0,2015-07-20,1
323.0,2015-08-03,1
323.0,2015-08-10,1
323.0,2015-08-17,1
323.0,2015-08-24,5
323.0,2015-08-31,1
323.0,2015-09-07,1
323.0,2015-09-14,2
323.0,2015-09-28,1
323.0,2015-10-05,3
323.0,2015-10-12,2
323.0,2015-10-19,1
323.0,2015-10-26,3
323.0,2015-11-23,2
323.0,2015-12-14,1
323.0,2016-01-04,3
323.0,2016-01-11,2
323.0,2016-01-18,3
323.0,2016-01-25,2
323.0,2016-02-01,1
323.0,2016-02-08,1
323.0,2016-02-15,1
323.0,2016-02-22,1
323.0,2016-02-29,1
323.0,2016-03-07,1
323.0,2016-03-14,2
323.0,2016-03-21,2
323.0,2016-03-28,1
323.0,2016-04-04,2
323.0,2016-04-11,1
323.0,2016-04-25,2
323.0,2016-05-02,3
323.0,2016-05-09,4
323.0,2016-05-23,4
323.0,2016-05-30,5
323.0,2016-06-06,5
323.0,2016-06-13,1
323.0,2016-06-20,4
323.0,2016-06-27,3
323.0,2016-07-11,2
323.0,2016-07-18,2
323.0,2016-07-25,4
323.0,2016-08-01,1
323.0,2016-08-08,3
323.0,2016-08-15,1
323.0,2016-08-22,4
323.0,2016-08-29,2
323.0,2016-09-05,3
323.0,2016-09-12,5
323.0,2016-09-19,2
323.0,2016-09-26,5
323.0,2016-10-03,4
323.0,2016-10-10,2
323.0,2016-10-17,1
323.0,2016-10-24,3
323.0,2016-10-31,1
323.0,2016-11-07,1
323.0,2016-11-14,1
323.0,2016-11-21,1
323.0,2016-12-05,1
323.0,2016-12-12,1
323.0,2016-12-19,1
323.0,2016-12-26,1
323.0,2017-01-09,1
323.0,2017-01-16,3
323.0,2017-01-23,2
323.0,2017-01-30,1
323.0,2017-02-06,2
323.0,2017-02-13,3
323.0,2017-02-20,3
323.0,2017-02-27,3
323.0,2017-03-06,1
323.0,2017-03-13,1
323.0,2017-03-20,3
323.0,2017-03-27,1
323.0,2017-04-03,2
323.0,2017-05-08,1
323.0,2017-05-15,2
323.0,2017-05-22,12
323.0,2017-05-29,8
323.0,2017-06-05,8
323.0,2017-06-12,5
323.0,2017-06-19,7
323.0,2017-06-26,5
323.0,2017-07-03,7
323.0,2017-07-10,5
323.0,2017-07-17,7
323.0,2017-07-24,5
323.0,2017-07-31,8
323.0,2017-08-07,4
323.0,2017-08-14,10
323.0,2017-08-21,3
323.0,2017-09-04,1
323.0,2017-09-11,1
323.0,2017-09-18,1
324,2015-03-23,1
324,2015-03-30,1
324,2015-05-11,3
324,2015-05-18,2
324,2015-06-15,1
324,2015-07-06,2
324,2015-07-20,3
324,2015-07-27,1
324,2015-08-03,1
324,2015-08-10,1
324,2015-08-17,1
324,2015-08-31,1
324,2015-09-14,1
324,2015-09-21,1
324,2015-09-28,1
324,2015-11-09,2
324,2015-11-16,1
324,2016-01-04,2
324,2016-02-15,2
324,2016-04-11,1
324,2016-04-25,1
324,2016-05-02,1
324,2016-05-09,1
324,2016-05-16,1
324,2016-05-23,1
324,2016-05-30,2
324,2016-07-04,1
324,2016-07-25,1
324,2016-08-08,2
324,2016-09-05,1
324,2016-09-12,1
324,2016-09-26,1
324,2016-10-03,2
324,2016-10-10,1
324,2016-10-17,1
324,2016-10-24,3
324,2016-10-31,1
324,2016-11-14,1
324,2016-11-28,1
324,2016-12-12,5
324,2016-12-19,1
324,2017-01-02,1
324,2017-01-09,3
324,2017-01-16,2
324,2017-02-06,3
324,2017-02-13,1
324,2017-03-13,2
324,2017-03-27,2
324,2017-04-03,1
324,2017-04-10,2
324,2017-04-17,2
324,2017-04-24,2
324,2017-05-01,4
324,2017-05-08,1
324,2017-07-03,1
324.0,2015-04-20,1
324.0,2015-05-11,1
324.0,2015-08-10,1
324.0,2015-09-07,1
324.0,2015-11-30,1
324.0,2016-02-01,1
324.0,2016-02-08,2
324.0,2016-04-04,1
324.0,2016-04-18,1
324.0,2016-04-25,1
324.0,2016-05-02,1
324.0,2016-06-06,1
324.0,2016-08-22,1
324.0,2016-10-31,1
324.0,2016-11-14,1
324.0,2016-11-28,1
324.0,2016-12-19,2
324.0,2017-01-16,1
324.0,2017-02-13,1
324.0,2017-03-06,1
324.0,2017-05-22,1
324.0,2017-06-05,1
324.0,2017-06-12,2
324.0,2017-06-19,1
324.0,2017-07-24,3
324.0,2017-07-31,2
325,2015-03-16,3
325,2015-03-23,4
325,2015-03-30,7
325,2015-04-06,8
325,2015-04-13,4
325,2015-04-20,6
325,2015-04-27,5
325,2015-05-04,7
325,2015-05-11,5
325,2015-05-18,6
325,2015-05-25,2
325,2015-06-01,5
325,2015-06-08,5
325,2015-06-15,7
325,2015-06-22,5
325,2015-06-29,2
325,2015-07-06,10
325,2015-07-13,7
325,2015-07-20,4
325,2015-07-27,5
325,2015-08-03,4
325,2015-08-10,5
325,2015-08-17,9
325,2015-08-24,4
325,2015-08-31,6
325,2015-09-07,3
325,2015-09-14,3
325,2015-09-21,3
325,2015-09-28,6
325,2015-10-05,6
325,2015-10-12,4
325,2015-10-19,4
325,2015-10-26,3
325,2015-11-02,8
325,2015-11-09,8
325,2015-11-16,7
325,2015-11-23,5
325,2015-11-30,3
325,2015-12-07,2
325,2015-12-14,6
325,2015-12-21,3
325,2015-12-28,5
325,2016-01-04,4
325,2016-01-11,6
325,2016-01-18,7
325,2016-01-25,4
325,2016-02-01,4
325,2016-02-08,4
325,2016-02-15,9
325,2016-02-22,2
325,2016-02-29,2
325,2016-03-07,2
325,2016-03-14,2
325,2016-03-21,2
325,2016-03-28,4
325,2016-04-04,3
325,2016-04-11,5
325,2016-04-18,4
325,2016-04-25,5
325,2016-05-02,8
325,2016-05-09,8
325,2016-05-16,10
325,2016-05-23,5
325,2016-05-30,4
325,2016-06-06,3
325,2016-06-13,7
325,2016-06-20,1
325,2016-06-27,2
325,2016-07-04,4
325,2016-07-11,5
325,2016-07-18,4
325,2016-07-25,4
325,2016-08-01,11
325,2016-08-08,13
325,2016-08-15,4
325,2016-08-22,5
325,2016-08-29,7
325,2016-09-05,7
325,2016-09-12,3
325,2016-09-19,7
325,2016-09-26,10
325,2016-10-03,9
325,2016-10-10,8
325,2016-10-17,12
325,2016-10-24,6
325,2016-10-31,8
325,2016-11-07,3
325,2016-11-14,10
325,2016-11-21,4
325,2016-11-28,4
325,2016-12-05,3
325,2016-12-12,4
325,2016-12-19,1
325,2016-12-26,3
325,2017-01-02,5
325,2017-01-09,4
325,2017-01-16,4
325,2017-01-23,4
325,2017-01-30,5
325,2017-02-06,5
325,2017-02-13,4
325,2017-02-20,5
325,2017-02-27,6
325,2017-03-06,3
325,2017-03-13,7
325,2017-03-20,5
325,2017-03-27,7
325,2017-04-03,1
325,2017-04-10,5
325,2017-04-17,5
325,2017-04-24,6
325,2017-05-01,7
325,2017-05-08,5
325,2017-05-15,6
325,2017-05-22,1
325,2017-05-29,3
325.0,2015-03-23,1
325.0,2015-03-30,2
325.0,2015-04-06,1
325.0,2015-04-13,2
325.0,2015-04-20,2
325.0,2015-04-27,1
325.0,2015-05-04,1
325.0,2015-05-11,1
325.0,2015-05-25,2
325.0,2015-06-08,2
325.0,2015-06-15,2
325.0,2015-06-22,1
325.0,2015-07-06,1
325.0,2015-07-13,1
325.0,2015-07-20,1
325.0,2015-07-27,2
325.0,2015-08-03,1
325.0,2015-08-10,1
325.0,2015-08-17,1
325.0,2015-08-24,1
325.0,2015-08-31,1
325.0,2015-09-14,1
325.0,2015-09-28,1
325.0,2015-10-05,1
325.0,2015-10-19,3
325.0,2015-10-26,2
325.0,2015-11-02,1
325.0,2015-11-09,1
325.0,2015-11-16,1
325.0,2015-11-23,1
325.0,2015-12-07,2
325.0,2015-12-14,1
325.0,2015-12-28,2
325.0,2016-01-04,4
325.0,2016-01-11,2
325.0,2016-01-18,3
325.0,2016-01-25,1
325.0,2016-02-01,2
325.0,2016-02-08,2
325.0,2016-02-22,2
325.0,2016-03-07,1
325.0,2016-03-14,1
325.0,2016-03-28,3
325.0,2016-04-04,2
325.0,2016-04-11,2
325.0,2016-04-18,2
325.0,2016-04-25,1
325.0,2016-05-02,3
325.0,2016-05-09,1
325.0,2016-05-16,2
325.0,2016-05-23,1
325.0,2016-05-30,1
325.0,2016-06-06,3
325.0,2016-06-13,1
325.0,2016-07-11,2
325.0,2016-07-18,1
325.0,2016-08-01,3
325.0,2016-08-08,1
325.0,2016-08-22,1
325.0,2016-09-12,2
325.0,2016-09-19,1
325.0,2016-09-26,1
325.0,2016-10-10,2
325.0,2016-10-24,1
325.0,2016-10-31,2
325.0,2016-11-07,2
325.0,2016-11-14,1
325.0,2016-11-21,2
325.0,2016-12-05,2
325.0,2016-12-12,1
325.0,2016-12-26,1
325.0,2017-01-02,3
325.0,2017-01-09,1
325.0,2017-01-30,2
325.0,2017-02-06,2
325.0,2017-02-13,4
325.0,2017-02-20,2
325.0,2017-02-27,1
325.0,2017-03-06,2
325.0,2017-03-13,2
325.0,2017-03-20,3
325.0,2017-03-27,4
325.0,2017-04-03,2
325.0,2017-04-10,1
325.0,2017-05-01,2
325.0,2017-05-08,1
325.0,2017-05-15,3
325.0,2017-05-22,3
325.0,2017-05-29,12
325.0,2017-06-05,8
325.0,2017-06-12,7
325.0,2017-06-19,10
325.0,2017-06-26,6
325.0,2017-07-03,6
325.0,2017-07-10,3
325.0,2017-07-17,11
325.0,2017-07-24,7
325.0,2017-07-31,6
325.0,2017-08-07,1
325.0,2017-08-21,3
326,2015-04-20,1
326,2015-05-04,1
326,2015-05-18,1
326,2015-05-25,1
326,2015-09-28,1
326,2015-10-05,1
326,2015-10-12,1
326,2015-11-16,1
326,2015-12-28,1
326,2016-03-14,1
326,2016-04-04,1
326,2016-04-11,1
326,2016-05-02,2
326,2016-05-09,1
326,2016-05-16,1
326,2016-06-06,1
326,2016-07-25,1
326,2016-08-08,2
326,2016-08-15,3
326,2016-09-05,2
326,2016-09-19,1
326,2016-10-17,1
326,2016-11-21,1
326,2016-12-12,1
326,2017-02-20,1
326,2017-03-13,1
326.0,2015-06-01,1
326.0,2015-08-17,1
326.0,2015-09-07,1
326.0,2015-09-28,1
326.0,2016-01-18,1
326.0,2016-05-23,1
326.0,2016-07-11,1
326.0,2016-07-18,1
326.0,2016-08-08,1
326.0,2016-09-05,1
326.0,2016-09-26,1
326.0,2017-05-29,1
326.0,2017-06-05,1
326.0,2017-07-24,1
327,2015-04-13,1
327,2015-04-20,1
327,2015-04-27,1
327,2015-05-04,1
327,2015-05-11,3
327,2015-06-01,1
327,2015-06-08,1
327,2015-06-22,1
327,2015-07-27,2
327,2015-08-24,1
327,2015-09-14,1
327,2015-11-16,1
327,2015-12-07,1
327,2015-12-14,1
327,2015-12-21,1
327,2016-02-08,1
327,2016-03-14,3
327,2016-05-02,1
327,2016-05-23,1
327,2016-07-11,1
327,2016-07-18,1
327,2016-08-15,2
327,2016-10-24,1
327,2016-11-28,2
327,2016-12-12,1
327,2016-12-26,1
327,2017-01-02,1
327,2017-02-27,1
327,2017-03-13,1
327,2017-03-20,1
327,2017-03-27,3
327,2017-05-01,2
327.0,2015-03-30,1
327.0,2015-07-20,1
327.0,2015-11-16,1
327.0,2016-09-26,1
327.0,2017-02-27,1
327.0,2017-04-10,1
327.0,2017-05-15,1
327.0,2017-06-05,2
327.0,2017-06-19,1
327.0,2017-06-26,1
327.0,2017-07-17,1
327.0,2017-09-04,1
328,2015-08-17,1
328,2015-09-07,1
328,2015-09-14,1
328,2015-09-28,1
328,2015-10-05,1
328,2015-12-07,1
328,2016-02-15,1
328,2016-03-21,1
328,2016-05-16,1
328,2016-07-18,1
328,2016-08-15,1
328,2016-09-12,1
328,2016-09-19,2
328,2016-10-31,1
328,2016-11-07,2
328,2016-12-05,1
328,2016-12-19,3
328,2016-12-26,2
328,2017-01-09,1
328,2017-02-13,2
328,2017-03-06,2
328,2017-03-13,1
328,2017-03-27,1
328,2017-05-01,1
328.0,2016-05-16,1
328.0,2016-10-17,1
328.0,2016-12-26,1
328.0,2017-02-27,1
328.0,2017-03-27,1
328.0,2017-04-03,1
328.0,2017-07-10,1
328.0,2017-07-31,1
328.0,2017-08-07,1
329,2015-03-23,2
329,2015-03-30,3
329,2015-04-06,1
329,2015-04-13,3
329,2015-04-20,1
329,2015-04-27,5
329,2015-05-04,1
329,2015-05-11,1
329,2015-05-18,2
329,2015-06-15,1
329,2015-06-22,1
329,2015-07-06,4
329,2015-07-13,2
329,2015-07-27,1
329,2015-08-03,3
329,2015-08-10,3
329,2015-08-17,2
329,2015-08-31,1
329,2015-09-07,1
329,2015-09-14,3
329,2015-09-21,1
329,2015-09-28,3
329,2015-10-05,1
329,2015-10-12,1
329,2015-10-26,1
329,2015-11-02,1
329,2015-11-09,2
329,2015-11-30,1
329,2016-01-11,4
329,2016-01-18,1
329,2016-01-25,1
329,2016-02-15,2
329,2016-02-22,1
329,2016-03-07,1
329,2016-03-21,1
329,2016-03-28,1
329,2016-04-04,3
329,2016-04-25,1
329,2016-05-02,1
329,2016-05-09,1
329,2016-05-23,2
329,2016-05-30,2
329,2016-06-27,2
329,2016-07-04,1
329,2016-07-11,2
329,2016-07-18,3
329,2016-07-25,2
329,2016-08-01,1
329,2016-08-08,1
329,2016-08-15,2
329,2016-08-22,1
329,2016-08-29,1
329,2016-09-12,6
329,2016-09-26,1
329,2016-10-03,3
329,2016-10-10,2
329,2016-10-17,1
329,2016-10-24,1
329,2016-11-07,1
329,2016-11-14,2
329,2016-12-05,3
329,2016-12-12,1
329,2016-12-19,2
329,2017-01-16,2
329,2017-01-23,1
329,2017-02-06,5
329,2017-02-13,2
329,2017-02-20,1
329,2017-03-06,2
329,2017-03-13,3
329,2017-03-20,3
329,2017-03-27,2
329,2017-04-03,3
329,2017-04-10,1
329,2017-04-17,4
329,2017-04-24,2
329,2017-05-01,1
329,2017-05-08,5
329,2017-05-15,2
329,2017-05-22,1
329,2017-05-29,1
329,2017-06-12,1
329.0,2015-04-27,1
329.0,2015-05-18,1
329.0,2015-06-08,3
329.0,2015-07-06,1
329.0,2015-07-20,1
329.0,2015-07-27,1
329.0,2015-08-03,3
329.0,2015-08-10,2
329.0,2015-08-17,1
329.0,2015-08-24,1
329.0,2015-08-31,1
329.0,2015-09-07,1
329.0,2015-10-26,1
329.0,2015-12-14,1
329.0,2016-01-11,1
329.0,2016-01-25,1
329.0,2016-03-07,1
329.0,2016-03-28,1
329.0,2016-05-23,1
329.0,2016-05-30,1
329.0,2016-06-13,1
329.0,2016-07-18,1
329.0,2016-08-08,1
329.0,2016-09-05,1
329.0,2016-10-17,1
329.0,2016-11-28,1
329.0,2016-12-05,1
329.0,2016-12-19,1
329.0,2016-12-26,1
329.0,2017-01-16,1
329.0,2017-02-06,1
329.0,2017-02-13,1
329.0,2017-02-27,1
329.0,2017-03-06,1
329.0,2017-04-03,1
329.0,2017-05-08,1
329.0,2017-05-22,2
329.0,2017-05-29,5
329.0,2017-06-05,2
329.0,2017-06-12,2
329.0,2017-06-19,1
329.0,2017-07-03,4
329.0,2017-07-10,4
329.0,2017-07-17,4
329.0,2017-07-24,3
329.0,2017-07-31,3
329.0,2017-08-21,2
329.0,2017-09-04,2
33,2015-03-16,1
33,2015-04-13,1
33,2015-04-20,1
33,2015-05-04,1
33,2015-05-18,1
33,2015-06-08,1
33,2015-06-29,1
33,2015-07-06,2
33,2015-07-20,2
33,2015-08-03,1
33,2015-08-10,3
33,2015-08-17,1
33,2015-09-14,1
33,2015-09-21,1
33,2015-09-28,3
33,2015-10-05,2
33,2015-10-12,2
33,2015-10-19,1
33,2015-10-26,4
33,2015-11-16,2
33,2015-11-30,1
33,2015-12-14,1
33,2015-12-28,3
33,2016-01-11,1
33,2016-01-18,3
33,2016-01-25,3
33,2016-02-01,1
33,2016-02-08,1
33,2016-02-15,2
33,2016-02-22,1
33,2016-03-07,5
33,2016-03-14,2
33,2016-03-21,2
33,2016-04-04,3
33,2016-04-11,1
33,2016-04-25,2
33,2016-05-02,2
33,2016-05-09,1
33,2016-05-23,1
33,2016-06-20,2
33,2016-06-27,1
33,2016-07-04,1
33,2016-07-18,1
33,2016-07-25,3
33,2016-08-01,2
33,2016-08-08,3
33,2016-08-15,1
33,2016-08-29,1
33,2016-09-12,2
33,2016-10-24,1
33,2016-10-31,1
33,2016-11-21,1
33,2016-11-28,2
33,2016-12-05,1
33,2016-12-12,1
33,2017-01-23,2
33,2017-02-06,3
33,2017-02-13,2
33,2017-02-20,1
33,2017-02-27,2
33,2017-03-06,2
33,2017-03-13,3
33,2017-03-20,8
33,2017-03-27,4
33,2017-04-03,2
33,2017-04-10,2
33,2017-04-17,2
33,2017-04-24,2
33,2017-05-01,1
33,2017-05-08,3
33,2017-05-15,2
33,2017-05-22,1
33,2017-05-29,1
33.0,2015-03-30,1
33.0,2015-04-06,2
33.0,2015-04-20,1
33.0,2015-06-01,1
33.0,2015-06-15,1
33.0,2015-07-20,1
33.0,2015-07-27,1
33.0,2015-08-17,1
33.0,2015-09-14,1
33.0,2015-10-12,1
33.0,2015-10-26,1
33.0,2015-11-23,1
33.0,2015-11-30,1
33.0,2016-01-25,2
33.0,2016-02-01,1
33.0,2016-04-11,1
33.0,2016-05-09,1
33.0,2016-05-16,2
33.0,2016-05-30,1
33.0,2016-07-04,1
33.0,2016-08-22,1
33.0,2016-09-05,1
33.0,2016-09-12,2
33.0,2016-10-03,1
33.0,2016-11-07,2
33.0,2016-11-14,1
33.0,2016-12-05,2
33.0,2016-12-12,1
33.0,2016-12-19,1
33.0,2016-12-26,1
33.0,2017-01-02,1
33.0,2017-01-09,3
33.0,2017-02-27,2
33.0,2017-04-03,1
33.0,2017-04-10,2
33.0,2017-05-22,3
33.0,2017-05-29,2
33.0,2017-06-05,3
33.0,2017-06-12,1
33.0,2017-06-19,2
33.0,2017-06-26,2
33.0,2017-07-03,1
33.0,2017-07-10,4
33.0,2017-07-17,4
33.0,2017-07-24,1
33.0,2017-07-31,5
33.0,2017-08-07,2
33.0,2017-08-14,4
33.0,2017-08-21,2
33.0,2017-08-28,1
330,2015-03-16,2
330,2015-03-23,2
330,2015-04-06,3
330,2015-04-13,2
330,2015-04-27,2
330,2015-05-11,4
330,2015-05-18,1
330,2015-05-25,1
330,2015-06-08,2
330,2015-06-15,2
330,2015-06-22,2
330,2015-06-29,4
330,2015-07-06,4
330,2015-07-13,2
330,2015-07-27,1
330,2015-08-03,7
330,2015-08-10,1
330,2015-08-17,2
330,2015-08-31,3
330,2015-09-07,2
330,2015-09-14,2
330,2015-09-21,2
330,2015-10-12,2
330,2015-10-19,3
330,2015-10-26,1
330,2015-11-02,5
330,2015-11-09,3
330,2015-11-16,2
330,2016-01-04,1
330,2016-01-11,1
330,2016-01-18,3
330,2016-01-25,3
330,2016-02-01,2
330,2016-02-08,3
330,2016-02-15,2
330,2016-02-22,6
330,2016-02-29,8
330,2016-03-07,1
330,2016-03-21,1
330,2016-03-28,2
330,2016-04-04,3
330,2016-04-11,2
330,2016-04-18,2
330,2016-04-25,1
330,2016-05-02,1
330,2016-05-09,1
330,2016-05-23,2
330,2016-05-30,1
330,2016-06-06,2
330,2016-06-13,2
330,2016-06-20,3
330,2016-06-27,3
330,2016-07-18,3
330,2016-07-25,1
330,2016-08-01,2
330,2016-08-08,4
330,2016-08-15,2
330,2016-08-22,4
330,2016-08-29,2
330,2016-09-05,1
330,2016-09-12,3
330,2016-09-19,9
330,2016-09-26,3
330,2016-10-03,5
330,2016-10-10,2
330,2016-10-17,2
330,2016-10-24,10
330,2016-10-31,5
330,2016-11-14,1
330,2016-11-21,2
330,2016-11-28,2
330,2016-12-05,2
330,2016-12-12,6
330,2016-12-19,3
330,2016-12-26,1
330,2017-01-09,5
330,2017-01-16,3
330,2017-01-23,2
330,2017-01-30,1
330,2017-02-06,5
330,2017-02-13,4
330,2017-02-20,5
330,2017-02-27,4
330,2017-03-06,4
330,2017-03-13,3
330,2017-03-27,8
330,2017-04-03,13
330,2017-04-10,7
330,2017-04-17,10
330,2017-04-24,5
330,2017-05-01,4
330,2017-05-08,2
330,2017-05-15,3
330,2017-05-22,2
330,2017-05-29,1
330,2017-07-17,1
330.0,2015-03-23,2
330.0,2015-04-20,1
330.0,2015-06-01,1
330.0,2015-06-08,1
330.0,2015-06-15,1
330.0,2015-06-29,1
330.0,2015-08-17,1
330.0,2015-09-28,2
330.0,2015-10-19,1
330.0,2015-10-26,2
330.0,2015-11-09,2
330.0,2016-01-11,2
330.0,2016-01-18,1
330.0,2016-01-25,1
330.0,2016-02-08,1
330.0,2016-03-07,1
330.0,2016-03-14,1
330.0,2016-03-28,2
330.0,2016-05-02,1
330.0,2016-06-06,1
330.0,2016-06-13,1
330.0,2016-06-20,1
330.0,2016-08-22,1
330.0,2016-09-12,2
330.0,2016-10-03,1
330.0,2016-10-17,1
330.0,2016-10-24,1
330.0,2016-11-14,1
330.0,2016-11-21,1
330.0,2016-12-05,1
330.0,2016-12-19,1
330.0,2016-12-26,1
330.0,2017-01-02,2
330.0,2017-01-09,1
330.0,2017-01-16,2
330.0,2017-01-23,1
330.0,2017-02-06,1
330.0,2017-02-20,3
330.0,2017-02-27,2
330.0,2017-03-13,1
330.0,2017-03-27,3
330.0,2017-04-03,1
330.0,2017-05-15,2
330.0,2017-05-22,4
330.0,2017-05-29,3
330.0,2017-06-05,3
330.0,2017-06-19,3
330.0,2017-06-26,3
330.0,2017-07-03,2
330.0,2017-07-10,7
330.0,2017-07-17,3
330.0,2017-07-24,8
330.0,2017-07-31,7
330.0,2017-08-07,2
330.0,2017-08-14,2
330.0,2017-08-28,2
330.0,2017-09-04,3
331,2015-03-16,2
331,2015-03-23,1
331,2015-03-30,1
331,2015-04-06,2
331,2015-04-20,1
331,2015-04-27,1
331,2015-05-04,2
331,2015-05-11,2
331,2015-05-18,4
331,2015-05-25,1
331,2015-06-08,1
331,2015-06-15,1
331,2015-06-29,1
331,2015-07-13,3
331,2015-07-20,3
331,2015-07-27,3
331,2015-08-03,5
331,2015-08-10,2
331,2015-08-17,2
331,2015-08-31,1
331,2015-09-07,3
331,2015-09-14,2
331,2015-09-28,2
331,2015-10-05,3
331,2015-10-26,1
331,2015-11-09,1
331,2015-12-07,3
331,2015-12-14,2
331,2015-12-21,1
331,2015-12-28,2
331,2016-01-04,1
331,2016-01-11,1
331,2016-01-18,2
331,2016-01-25,3
331,2016-02-01,2
331,2016-02-08,2
331,2016-02-15,1
331,2016-02-22,1
331,2016-03-07,1
331,2016-03-14,2
331,2016-03-21,3
331,2016-03-28,2
331,2016-04-04,1
331,2016-04-11,1
331,2016-04-18,1
331,2016-04-25,1
331,2016-05-02,2
331,2016-05-09,1
331,2016-05-16,3
331,2016-05-23,1
331,2016-06-06,4
331,2016-06-20,2
331,2016-06-27,2
331,2016-07-11,3
331,2016-07-18,3
331,2016-07-25,4
331,2016-08-01,2
331,2016-08-08,2
331,2016-08-15,2
331,2016-08-22,3
331,2016-08-29,4
331,2016-09-12,3
331,2016-09-19,1
331,2016-09-26,3
331,2016-10-03,1
331,2016-10-10,2
331,2016-10-17,3
331,2016-10-24,3
331,2016-10-31,1
331,2016-11-07,2
331,2016-11-14,1
331,2016-11-28,2
331,2016-12-05,2
331,2016-12-12,6
331,2016-12-19,8
331,2016-12-26,4
331,2017-01-02,3
331,2017-01-09,1
331,2017-01-16,3
331,2017-01-30,5
331,2017-02-06,2
331,2017-02-13,4
331,2017-02-20,2
331,2017-02-27,2
331,2017-03-06,5
331,2017-03-13,2
331,2017-03-20,2
331,2017-03-27,2
331,2017-04-03,1
331,2017-04-10,1
331,2017-04-17,5
331,2017-04-24,5
331,2017-05-08,7
331,2017-05-15,1
331,2017-05-22,1
331,2017-06-12,1
331.0,2015-03-23,1
331.0,2015-03-30,1
331.0,2015-04-20,1
331.0,2015-04-27,1
331.0,2015-05-04,1
331.0,2015-05-11,1
331.0,2015-06-08,2
331.0,2015-06-29,1
331.0,2015-07-20,1
331.0,2015-07-27,3
331.0,2015-08-17,1
331.0,2015-12-21,1
331.0,2016-02-01,1
331.0,2016-02-08,1
331.0,2016-02-22,1
331.0,2016-03-28,1
331.0,2016-04-18,1
331.0,2016-04-25,1
331.0,2016-05-16,1
331.0,2016-05-23,1
331.0,2016-06-06,1
331.0,2016-06-13,3
331.0,2016-06-27,1
331.0,2016-07-25,1
331.0,2016-08-22,1
331.0,2016-09-12,1
331.0,2016-10-24,1
331.0,2016-12-05,1
331.0,2016-12-12,2
331.0,2016-12-19,4
331.0,2017-01-02,2
331.0,2017-01-16,1
331.0,2017-01-23,2
331.0,2017-01-30,2
331.0,2017-02-06,1
331.0,2017-02-13,1
331.0,2017-02-27,1
331.0,2017-03-06,1
331.0,2017-03-13,1
331.0,2017-04-03,2
331.0,2017-04-17,1
331.0,2017-05-15,4
331.0,2017-05-29,3
331.0,2017-06-05,3
331.0,2017-06-12,2
331.0,2017-06-19,2
331.0,2017-06-26,6
331.0,2017-07-03,4
331.0,2017-07-10,4
331.0,2017-07-17,1
331.0,2017-07-24,2
331.0,2017-07-31,2
331.0,2017-08-14,1
331.0,2017-09-04,2
332,2015-03-23,1
332,2015-03-30,1
332,2015-04-20,1
332,2015-05-11,1
332,2015-06-29,1
332,2015-07-06,4
332,2015-07-20,1
332,2015-08-03,1
332,2015-08-10,2
332,2015-08-24,1
332,2015-09-28,2
332,2015-10-26,1
332,2015-11-02,1
332,2015-11-30,1
332,2015-12-07,1
332,2016-01-04,1
332,2016-02-08,2
332,2016-02-22,1
332,2016-02-29,1
332,2016-03-07,2
332,2016-03-21,1
332,2016-04-18,2
332,2016-05-30,1
332,2016-08-29,2
332,2016-10-24,1
332,2016-11-14,2
332,2016-11-28,1
332,2016-12-26,1
332,2017-01-09,2
332,2017-01-16,2
332,2017-01-30,1
332,2017-03-06,2
332,2017-04-03,2
332,2017-04-17,1
332,2017-06-05,2
332.0,2015-05-11,1
332.0,2015-07-13,1
332.0,2015-09-21,1
332.0,2015-11-09,1
332.0,2016-02-08,1
332.0,2016-07-11,1
332.0,2016-08-29,1
332.0,2017-01-02,1
332.0,2017-02-06,1
332.0,2017-05-15,3
332.0,2017-06-05,1
332.0,2017-06-12,2
332.0,2017-06-19,1
333,2015-03-16,1
333,2015-05-25,2
333,2015-06-08,1
333,2015-07-27,1
333,2015-08-24,1
333,2015-11-30,1
333,2015-12-21,1
333,2016-01-18,1
333,2016-01-25,1
333,2016-02-01,1
333,2016-02-29,1
333,2016-03-14,1
333,2016-03-28,1
333,2016-05-30,1
333,2016-08-08,1
333,2016-09-19,1
333,2017-01-30,2
333,2017-02-13,1
333,2017-04-03,1
333,2017-04-17,1
333,2017-05-29,1
333.0,2015-06-29,1
333.0,2015-08-24,1
333.0,2016-02-15,1
333.0,2016-03-28,1
333.0,2016-05-09,1
333.0,2016-08-01,1
333.0,2016-11-21,1
333.0,2017-02-27,1
333.0,2017-05-29,1
333.0,2017-06-12,1
333.0,2017-06-26,1
333.0,2017-07-31,1
334,2015-03-16,5
334,2015-03-23,4
334,2015-03-30,5
334,2015-04-06,5
334,2015-04-13,5
334,2015-04-20,6
334,2015-04-27,9
334,2015-05-04,5
334,2015-05-11,7
334,2015-05-18,10
334,2015-05-25,13
334,2015-06-01,7
334,2015-06-08,8
334,2015-06-15,8
334,2015-06-22,3
334,2015-06-29,3
334,2015-07-06,8
334,2015-07-13,9
334,2015-07-20,9
334,2015-07-27,4
334,2015-08-03,6
334,2015-08-10,4
334,2015-08-17,7
334,2015-08-24,7
334,2015-08-31,4
334,2015-09-07,7
334,2015-09-14,3
334,2015-09-21,5
334,2015-09-28,4
334,2015-10-05,6
334,2015-10-12,5
334,2015-10-19,11
334,2015-10-26,4
334,2015-11-02,6
334,2015-11-09,7
334,2015-11-16,7
334,2015-11-23,7
334,2015-11-30,7
334,2015-12-07,9
334,2015-12-14,4
334,2015-12-21,6
334,2015-12-28,5
334,2016-01-04,7
334,2016-01-11,6
334,2016-01-18,7
334,2016-01-25,10
334,2016-02-01,5
334,2016-02-08,6
334,2016-02-15,5
334,2016-02-22,8
334,2016-02-29,7
334,2016-03-07,7
334,2016-03-14,5
334,2016-03-21,2
334,2016-03-28,11
334,2016-04-04,7
334,2016-04-11,8
334,2016-04-18,8
334,2016-04-25,4
334,2016-05-02,6
334,2016-05-09,9
334,2016-05-16,6
334,2016-05-23,3
334,2016-05-30,3
334,2016-06-06,2
334,2016-06-13,7
334,2016-06-20,3
334,2016-06-27,6
334,2016-07-04,4
334,2016-07-11,3
334,2016-07-18,3
334,2016-07-25,5
334,2016-08-01,7
334,2016-08-08,7
334,2016-08-15,8
334,2016-08-22,1
334,2016-08-29,4
334,2016-09-05,3
334,2016-09-12,9
334,2016-09-19,2
334,2016-09-26,8
334,2016-10-03,3
334,2016-10-10,2
334,2016-10-17,12
334,2016-10-24,8
334,2016-10-31,4
334,2016-11-07,20
334,2016-11-14,8
334,2016-11-21,8
334,2016-11-28,6
334,2016-12-05,5
334,2016-12-12,4
334,2016-12-19,3
334,2016-12-26,6
334,2017-01-02,5
334,2017-01-09,3
334,2017-01-16,10
334,2017-01-23,11
334,2017-01-30,6
334,2017-02-06,8
334,2017-02-13,4
334,2017-02-20,3
334,2017-02-27,8
334,2017-03-06,7
334,2017-03-13,4
334,2017-03-20,6
334,2017-03-27,8
334,2017-04-03,9
334,2017-04-10,6
334,2017-04-17,6
334,2017-04-24,2
334,2017-05-01,2
334,2017-05-08,7
334,2017-05-22,3
334,2017-06-05,1
334.0,2015-03-16,2
334.0,2015-03-23,1
334.0,2015-03-30,3
334.0,2015-04-06,4
334.0,2015-04-13,1
334.0,2015-04-27,3
334.0,2015-05-11,1
334.0,2015-05-18,2
334.0,2015-05-25,1
334.0,2015-06-01,3
334.0,2015-06-08,1
334.0,2015-06-15,2
334.0,2015-06-29,1
334.0,2015-07-06,2
334.0,2015-07-13,1
334.0,2015-07-27,3
334.0,2015-08-17,2
334.0,2015-08-24,3
334.0,2015-08-31,1
334.0,2015-09-14,3
334.0,2015-09-21,2
334.0,2015-10-12,2
334.0,2015-10-19,3
334.0,2015-10-26,3
334.0,2015-11-09,1
334.0,2015-11-23,2
334.0,2015-11-30,1
334.0,2015-12-07,1
334.0,2015-12-14,2
334.0,2015-12-21,2
334.0,2016-01-04,3
334.0,2016-01-11,3
334.0,2016-01-18,1
334.0,2016-01-25,3
334.0,2016-02-08,1
334.0,2016-02-22,2
334.0,2016-02-29,1
334.0,2016-03-07,1
334.0,2016-03-28,2
334.0,2016-04-04,1
334.0,2016-04-18,1
334.0,2016-04-25,5
334.0,2016-05-09,1
334.0,2016-05-23,1
334.0,2016-06-06,2
334.0,2016-06-13,1
334.0,2016-06-20,2
334.0,2016-06-27,1
334.0,2016-07-11,1
334.0,2016-07-18,3
334.0,2016-07-25,3
334.0,2016-08-01,2
334.0,2016-08-08,4
334.0,2016-08-15,2
334.0,2016-08-22,3
334.0,2016-08-29,1
334.0,2016-09-05,1
334.0,2016-09-12,3
334.0,2016-09-19,2
334.0,2016-09-26,1
334.0,2016-10-10,1
334.0,2016-10-17,2
334.0,2016-10-24,2
334.0,2016-11-07,7
334.0,2016-11-14,4
334.0,2016-11-21,1
334.0,2016-12-05,2
334.0,2016-12-12,4
334.0,2016-12-19,3
334.0,2017-01-02,1
334.0,2017-01-16,2
334.0,2017-01-23,2
334.0,2017-01-30,3
334.0,2017-02-06,5
334.0,2017-02-20,2
334.0,2017-02-27,2
334.0,2017-03-06,3
334.0,2017-03-20,1
334.0,2017-03-27,2
334.0,2017-04-03,1
334.0,2017-04-10,1
334.0,2017-05-01,2
334.0,2017-05-15,7
334.0,2017-05-22,2
334.0,2017-05-29,5
334.0,2017-06-05,5
334.0,2017-06-12,4
334.0,2017-06-19,4
334.0,2017-06-26,4
334.0,2017-07-03,5
334.0,2017-07-10,4
334.0,2017-07-17,6
334.0,2017-07-24,2
334.0,2017-07-31,5
334.0,2017-08-14,6
334.0,2017-08-21,1
334.0,2017-08-28,2
335,2015-03-16,1
335,2015-03-23,3
335,2015-03-30,2
335,2015-04-06,2
335,2015-04-13,4
335,2015-04-27,1
335,2015-05-04,1
335,2015-05-11,3
335,2015-05-25,2
335,2015-06-01,1
335,2015-06-08,3
335,2015-06-15,1
335,2015-06-29,1
335,2015-07-06,1
335,2015-07-13,4
335,2015-07-20,2
335,2015-07-27,1
335,2015-08-03,1
335,2015-08-10,1
335,2015-08-17,3
335,2015-08-24,6
335,2015-09-14,1
335,2015-10-12,1
335,2015-10-19,1
335,2015-10-26,3
335,2015-11-02,2
335,2015-11-16,1
335,2015-11-23,1
335,2015-11-30,1
335,2015-12-07,1
335,2015-12-14,3
335,2015-12-28,2
335,2016-01-04,1
335,2016-01-18,1
335,2016-01-25,1
335,2016-02-22,1
335,2016-02-29,3
335,2016-03-07,1
335,2016-03-14,1
335,2016-03-21,2
335,2016-03-28,2
335,2016-04-04,3
335,2016-04-18,1
335,2016-05-02,2
335,2016-05-09,2
335,2016-05-16,1
335,2016-05-23,2
335,2016-05-30,1
335,2016-06-13,1
335,2016-06-27,1
335,2016-07-04,2
335,2016-07-11,2
335,2016-08-01,2
335,2016-08-08,1
335,2016-08-15,1
335,2016-08-22,1
335,2016-08-29,3
335,2016-10-17,1
335,2016-11-28,1
335,2016-12-19,1
335,2017-01-09,1
335,2017-01-16,2
335,2017-01-23,1
335,2017-02-06,2
335,2017-02-13,2
335,2017-03-13,1
335,2017-03-20,2
335,2017-03-27,2
335,2017-04-03,2
335,2017-04-10,3
335,2017-04-24,3
335,2017-05-29,1
335.0,2015-03-23,1
335.0,2015-04-27,1
335.0,2015-05-11,2
335.0,2015-07-06,1
335.0,2015-07-20,1
335.0,2015-07-27,1
335.0,2015-08-03,2
335.0,2015-08-10,2
335.0,2015-08-17,2
335.0,2015-09-07,1
335.0,2015-09-21,1
335.0,2015-09-28,1
335.0,2015-10-19,1
335.0,2015-11-09,1
335.0,2015-11-23,1
335.0,2015-11-30,2
335.0,2015-12-14,1
335.0,2016-01-18,1
335.0,2016-01-25,1
335.0,2016-02-08,1
335.0,2016-02-15,1
335.0,2016-04-04,2
335.0,2016-04-11,1
335.0,2016-04-25,1
335.0,2016-05-30,1
335.0,2016-06-20,1
335.0,2016-07-18,1
335.0,2016-12-12,1
335.0,2017-01-23,2
335.0,2017-01-30,1
335.0,2017-02-27,1
335.0,2017-03-13,1
335.0,2017-05-15,1
335.0,2017-05-22,2
335.0,2017-06-12,1
335.0,2017-06-19,1
335.0,2017-06-26,2
335.0,2017-07-10,1
335.0,2017-07-17,1
335.0,2017-08-21,1
336,2015-03-16,1
336,2015-03-23,8
336,2015-03-30,7
336,2015-04-06,4
336,2015-04-13,6
336,2015-04-20,5
336,2015-04-27,7
336,2015-05-04,3
336,2015-05-11,3
336,2015-05-18,4
336,2015-05-25,3
336,2015-06-01,6
336,2015-06-08,2
336,2015-06-15,7
336,2015-06-22,6
336,2015-06-29,1
336,2015-07-06,5
336,2015-07-13,7
336,2015-07-20,6
336,2015-07-27,7
336,2015-08-03,6
336,2015-08-10,3
336,2015-08-17,6
336,2015-08-24,3
336,2015-08-31,3
336,2015-09-07,5
336,2015-09-14,1
336,2015-09-21,2
336,2015-09-28,3
336,2015-10-05,4
336,2015-10-12,5
336,2015-10-19,2
336,2015-10-26,4
336,2015-11-02,2
336,2015-11-09,3
336,2015-11-16,11
336,2015-11-23,3
336,2015-11-30,4
336,2015-12-07,3
336,2015-12-14,4
336,2015-12-21,4
336,2015-12-28,1
336,2016-01-04,5
336,2016-01-11,1
336,2016-01-18,4
336,2016-01-25,4
336,2016-02-01,3
336,2016-02-08,1
336,2016-02-15,5
336,2016-02-22,7
336,2016-02-29,4
336,2016-03-07,7
336,2016-03-14,2
336,2016-03-21,1
336,2016-03-28,2
336,2016-04-04,2
336,2016-04-11,1
336,2016-04-18,8
336,2016-04-25,3
336,2016-05-02,5
336,2016-05-09,5
336,2016-05-16,2
336,2016-05-23,4
336,2016-05-30,3
336,2016-06-06,2
336,2016-06-13,1
336,2016-06-20,1
336,2016-06-27,6
336,2016-07-04,4
336,2016-07-11,4
336,2016-07-18,5
336,2016-07-25,3
336,2016-08-01,4
336,2016-08-08,5
336,2016-08-15,1
336,2016-08-22,3
336,2016-08-29,4
336,2016-09-05,2
336,2016-09-12,7
336,2016-09-19,4
336,2016-09-26,4
336,2016-10-03,4
336,2016-10-10,4
336,2016-10-17,1
336,2016-10-24,3
336,2016-10-31,4
336,2016-11-07,2
336,2016-11-14,1
336,2016-11-21,3
336,2016-11-28,3
336,2016-12-05,7
336,2016-12-12,4
336,2016-12-19,7
336,2016-12-26,3
336,2017-01-02,6
336,2017-01-09,5
336,2017-01-16,4
336,2017-01-23,3
336,2017-01-30,7
336,2017-02-06,3
336,2017-02-13,4
336,2017-02-20,4
336,2017-02-27,2
336,2017-03-06,3
336,2017-03-13,2
336,2017-03-20,2
336,2017-03-27,1
336,2017-04-03,4
336,2017-04-10,5
336,2017-04-17,2
336,2017-04-24,3
336,2017-05-01,1
336,2017-05-08,5
336,2017-05-15,5
336,2017-05-22,1
336,2017-05-29,2
336,2017-06-12,1
336,2017-07-03,1
336.0,2015-03-23,1
336.0,2015-03-30,1
336.0,2015-04-06,1
336.0,2015-04-13,1
336.0,2015-04-20,3
336.0,2015-04-27,1
336.0,2015-05-04,1
336.0,2015-05-25,2
336.0,2015-06-29,2
336.0,2015-07-13,2
336.0,2015-07-27,1
336.0,2015-08-17,1
336.0,2015-08-24,3
336.0,2015-08-31,3
336.0,2015-09-07,3
336.0,2015-09-28,1
336.0,2015-10-05,2
336.0,2015-10-12,1
336.0,2015-11-02,2
336.0,2015-11-16,2
336.0,2015-11-23,3
336.0,2015-12-07,1
336.0,2015-12-14,1
336.0,2015-12-28,1
336.0,2016-01-11,1
336.0,2016-01-18,2
336.0,2016-02-01,1
336.0,2016-02-22,2
336.0,2016-03-07,2
336.0,2016-03-21,1
336.0,2016-03-28,2
336.0,2016-04-11,1
336.0,2016-04-18,1
336.0,2016-05-09,3
336.0,2016-05-16,1
336.0,2016-05-23,2
336.0,2016-06-06,1
336.0,2016-06-27,1
336.0,2016-07-11,3
336.0,2016-07-18,1
336.0,2016-07-25,1
336.0,2016-08-15,1
336.0,2016-08-22,3
336.0,2016-08-29,2
336.0,2016-09-19,1
336.0,2016-09-26,1
336.0,2016-10-10,2
336.0,2016-10-17,1
336.0,2016-10-24,1
336.0,2016-10-31,2
336.0,2016-11-07,3
336.0,2016-11-14,2
336.0,2016-11-21,3
336.0,2016-11-28,2
336.0,2016-12-12,2
336.0,2016-12-19,1
336.0,2017-01-02,1
336.0,2017-01-09,5
336.0,2017-01-16,2
336.0,2017-01-23,3
336.0,2017-01-30,3
336.0,2017-02-06,1
336.0,2017-02-27,2
336.0,2017-03-06,3
336.0,2017-03-13,4
336.0,2017-03-20,2
336.0,2017-03-27,5
336.0,2017-04-03,2
336.0,2017-04-10,2
336.0,2017-04-17,1
336.0,2017-05-08,2
336.0,2017-05-15,2
336.0,2017-05-22,2
336.0,2017-05-29,1
336.0,2017-06-05,8
336.0,2017-06-12,3
336.0,2017-06-19,3
336.0,2017-06-26,4
336.0,2017-07-03,5
336.0,2017-07-10,2
336.0,2017-07-17,5
336.0,2017-07-24,4
336.0,2017-07-31,1
336.0,2017-08-07,2
336.0,2017-08-14,7
336.0,2017-08-21,2
336.0,2017-09-04,3
336.0,2017-09-18,1
337,2015-03-16,8
337,2015-03-23,10
337,2015-03-30,5
337,2015-04-06,12
337,2015-04-13,9
337,2015-04-20,11
337,2015-04-27,14
337,2015-05-04,8
337,2015-05-11,10
337,2015-05-18,20
337,2015-05-25,6
337,2015-06-01,6
337,2015-06-08,12
337,2015-06-15,14
337,2015-06-22,14
337,2015-06-29,12
337,2015-07-06,11
337,2015-07-13,23
337,2015-07-20,16
337,2015-07-27,13
337,2015-08-03,9
337,2015-08-10,19
337,2015-08-17,15
337,2015-08-24,11
337,2015-08-31,13
337,2015-09-07,8
337,2015-09-14,9
337,2015-09-21,13
337,2015-09-28,14
337,2015-10-05,8
337,2015-10-12,5
337,2015-10-19,11
337,2015-10-26,10
337,2015-11-02,8
337,2015-11-09,7
337,2015-11-16,13
337,2015-11-23,6
337,2015-11-30,15
337,2015-12-07,12
337,2015-12-14,14
337,2015-12-21,7
337,2015-12-28,6
337,2016-01-04,13
337,2016-01-11,4
337,2016-01-18,17
337,2016-01-25,15
337,2016-02-01,10
337,2016-02-08,8
337,2016-02-15,9
337,2016-02-22,10
337,2016-02-29,11
337,2016-03-07,6
337,2016-03-14,12
337,2016-03-21,16
337,2016-03-28,9
337,2016-04-04,13
337,2016-04-11,8
337,2016-04-18,17
337,2016-04-25,13
337,2016-05-02,13
337,2016-05-09,15
337,2016-05-16,14
337,2016-05-23,12
337,2016-05-30,11
337,2016-06-06,8
337,2016-06-13,10
337,2016-06-20,11
337,2016-06-27,12
337,2016-07-04,8
337,2016-07-11,8
337,2016-07-18,10
337,2016-07-25,15
337,2016-08-01,10
337,2016-08-08,20
337,2016-08-15,11
337,2016-08-22,17
337,2016-08-29,12
337,2016-09-05,8
337,2016-09-12,20
337,2016-09-19,11
337,2016-09-26,15
337,2016-10-03,21
337,2016-10-10,15
337,2016-10-17,10
337,2016-10-24,12
337,2016-10-31,11
337,2016-11-07,3
337,2016-11-14,9
337,2016-11-21,7
337,2016-11-28,15
337,2016-12-05,14
337,2016-12-12,10
337,2016-12-19,8
337,2016-12-26,13
337,2017-01-02,9
337,2017-01-09,12
337,2017-01-16,16
337,2017-01-23,11
337,2017-01-30,16
337,2017-02-06,15
337,2017-02-13,14
337,2017-02-20,9
337,2017-02-27,12
337,2017-03-06,17
337,2017-03-13,15
337,2017-03-20,12
337,2017-03-27,14
337,2017-04-03,21
337,2017-04-10,10
337,2017-04-17,19
337,2017-04-24,28
337,2017-05-01,15
337,2017-05-08,10
337,2017-05-15,1
337,2017-05-22,1
337,2017-05-29,3
337,2017-06-05,2
337,2017-06-12,1
337,2017-07-03,1
337.0,2015-03-16,1
337.0,2015-03-23,7
337.0,2015-03-30,3
337.0,2015-04-06,3
337.0,2015-04-13,1
337.0,2015-04-20,1
337.0,2015-04-27,1
337.0,2015-05-04,3
337.0,2015-05-11,2
337.0,2015-05-18,3
337.0,2015-05-25,2
337.0,2015-06-01,3
337.0,2015-06-08,2
337.0,2015-06-15,2
337.0,2015-06-22,3
337.0,2015-06-29,4
337.0,2015-07-06,4
337.0,2015-07-13,2
337.0,2015-07-20,5
337.0,2015-07-27,2
337.0,2015-08-03,3
337.0,2015-08-17,1
337.0,2015-08-24,4
337.0,2015-08-31,2
337.0,2015-09-07,3
337.0,2015-09-14,2
337.0,2015-09-21,5
337.0,2015-09-28,3
337.0,2015-10-05,2
337.0,2015-10-19,1
337.0,2015-10-26,1
337.0,2015-11-02,3
337.0,2015-11-09,3
337.0,2015-11-16,1
337.0,2015-11-23,2
337.0,2015-11-30,2
337.0,2015-12-07,3
337.0,2015-12-14,3
337.0,2015-12-21,2
337.0,2015-12-28,1
337.0,2016-01-04,6
337.0,2016-01-11,1
337.0,2016-01-18,1
337.0,2016-01-25,3
337.0,2016-02-01,3
337.0,2016-02-08,7
337.0,2016-02-15,3
337.0,2016-02-22,2
337.0,2016-02-29,3
337.0,2016-03-07,4
337.0,2016-03-14,3
337.0,2016-03-21,2
337.0,2016-03-28,7
337.0,2016-04-04,1
337.0,2016-04-11,1
337.0,2016-04-18,2
337.0,2016-04-25,2
337.0,2016-05-02,1
337.0,2016-05-09,4
337.0,2016-05-16,3
337.0,2016-05-23,4
337.0,2016-05-30,1
337.0,2016-06-06,2
337.0,2016-06-13,4
337.0,2016-06-20,7
337.0,2016-06-27,2
337.0,2016-07-04,3
337.0,2016-07-11,5
337.0,2016-07-18,2
337.0,2016-07-25,3
337.0,2016-08-01,2
337.0,2016-08-08,4
337.0,2016-08-15,1
337.0,2016-08-22,4
337.0,2016-08-29,4
337.0,2016-09-05,2
337.0,2016-09-12,4
337.0,2016-09-19,5
337.0,2016-09-26,5
337.0,2016-10-03,3
337.0,2016-10-10,3
337.0,2016-10-17,4
337.0,2016-10-24,4
337.0,2016-10-31,2
337.0,2016-11-07,5
337.0,2016-11-14,3
337.0,2016-11-21,5
337.0,2016-11-28,3
337.0,2016-12-05,1
337.0,2016-12-12,8
337.0,2016-12-19,2
337.0,2016-12-26,7
337.0,2017-01-02,2
337.0,2017-01-09,4
337.0,2017-01-16,3
337.0,2017-01-23,6
337.0,2017-01-30,6
337.0,2017-02-06,4
337.0,2017-02-13,9
337.0,2017-02-20,5
337.0,2017-02-27,2
337.0,2017-03-06,3
337.0,2017-03-13,7
337.0,2017-03-20,5
337.0,2017-03-27,3
337.0,2017-04-03,5
337.0,2017-04-10,2
337.0,2017-05-01,1
337.0,2017-05-08,1
337.0,2017-05-15,11
337.0,2017-05-22,12
337.0,2017-05-29,7
337.0,2017-06-05,14
337.0,2017-06-12,17
337.0,2017-06-19,13
337.0,2017-06-26,12
337.0,2017-07-03,6
337.0,2017-07-10,23
337.0,2017-07-17,13
337.0,2017-07-24,11
337.0,2017-07-31,9
337.0,2017-08-07,5
337.0,2017-08-14,9
337.0,2017-08-21,9
337.0,2017-08-28,3
337.0,2017-09-11,1
338,2015-03-23,7
338,2015-04-06,3
338,2015-04-13,2
338,2015-04-20,6
338,2015-04-27,2
338,2015-05-04,5
338,2015-05-11,5
338,2015-05-18,1
338,2015-05-25,3
338,2015-06-01,2
338,2015-06-08,4
338,2015-06-15,5
338,2015-06-22,3
338,2015-06-29,3
338,2015-07-06,1
338,2015-07-13,4
338,2015-07-20,2
338,2015-07-27,1
338,2015-08-17,4
338,2015-08-24,4
338,2015-09-14,4
338,2015-09-21,4
338,2015-09-28,4
338,2015-10-05,3
338,2015-10-12,2
338,2015-10-19,3
338,2015-10-26,4
338,2015-11-02,4
338,2015-11-09,2
338,2015-11-16,3
338,2015-11-30,4
338,2015-12-07,2
338,2015-12-14,2
338,2015-12-21,1
338,2016-01-04,3
338,2016-01-11,1
338,2016-01-18,4
338,2016-01-25,3
338,2016-02-08,3
338,2016-02-15,5
338,2016-02-22,1
338,2016-02-29,2
338,2016-03-07,6
338,2016-03-14,4
338,2016-03-21,2
338,2016-03-28,2
338,2016-04-04,4
338,2016-04-11,3
338,2016-04-18,1
338,2016-04-25,4
338,2016-05-02,2
338,2016-05-09,1
338,2016-05-16,2
338,2016-05-23,3
338,2016-05-30,1
338,2016-06-06,5
338,2016-06-13,4
338,2016-06-20,5
338,2016-06-27,2
338,2016-07-04,2
338,2016-07-11,3
338,2016-08-01,1
338,2016-08-08,3
338,2016-08-15,4
338,2016-08-22,3
338,2016-09-05,5
338,2016-09-12,2
338,2016-09-19,1
338,2016-09-26,2
338,2016-10-03,2
338,2016-10-17,3
338,2016-10-24,1
338,2016-10-31,2
338,2016-11-07,1
338,2016-11-14,3
338,2016-11-21,2
338,2016-11-28,3
338,2016-12-05,2
338,2016-12-12,2
338,2016-12-19,2
338,2016-12-26,2
338,2017-01-09,1
338,2017-01-16,2
338,2017-01-23,1
338,2017-01-30,2
338,2017-02-06,2
338,2017-02-13,1
338,2017-02-20,1
338,2017-02-27,2
338,2017-03-06,3
338,2017-03-13,2
338,2017-03-27,2
338,2017-04-03,2
338,2017-04-10,4
338,2017-04-17,1
338,2017-04-24,2
338,2017-05-01,2
338,2017-05-08,3
338,2017-05-15,1
338,2017-05-22,1
338,2017-06-26,1
338.0,2015-03-23,2
338.0,2015-04-13,1
338.0,2015-05-04,1
338.0,2015-05-25,1
338.0,2015-06-01,1
338.0,2015-06-15,1
338.0,2015-06-29,1
338.0,2015-07-06,1
338.0,2015-07-27,1
338.0,2015-08-24,1
338.0,2015-09-07,1
338.0,2015-09-14,1
338.0,2015-09-21,1
338.0,2015-10-05,1
338.0,2015-11-30,1
338.0,2016-01-04,1
338.0,2016-01-11,3
338.0,2016-02-01,2
338.0,2016-02-08,1
338.0,2016-02-15,1
338.0,2016-03-21,1
338.0,2016-04-04,1
338.0,2016-04-11,1
338.0,2016-04-18,1
338.0,2016-05-16,1
338.0,2016-06-06,1
338.0,2016-07-11,1
338.0,2016-08-15,2
338.0,2016-08-22,1
338.0,2016-09-19,1
338.0,2016-10-17,1
338.0,2016-11-14,1
338.0,2016-11-28,1
338.0,2016-12-26,1
338.0,2017-01-09,1
338.0,2017-01-23,1
338.0,2017-01-30,1
338.0,2017-02-13,1
338.0,2017-02-20,1
338.0,2017-02-27,1
338.0,2017-03-20,1
338.0,2017-05-01,1
338.0,2017-05-08,1
338.0,2017-05-15,1
338.0,2017-05-22,2
338.0,2017-05-29,4
338.0,2017-06-05,2
338.0,2017-06-12,3
338.0,2017-06-19,2
338.0,2017-06-26,6
338.0,2017-07-10,3
338.0,2017-07-17,4
338.0,2017-07-24,2
338.0,2017-08-14,2
338.0,2017-08-21,1
339,2015-03-16,5
339,2015-03-23,20
339,2015-03-30,7
339,2015-04-06,8
339,2015-04-13,10
339,2015-04-20,14
339,2015-04-27,9
339,2015-05-04,11
339,2015-05-11,7
339,2015-05-18,12
339,2015-05-25,12
339,2015-06-01,10
339,2015-06-08,11
339,2015-06-15,15
339,2015-06-22,13
339,2015-06-29,9
339,2015-07-06,11
339,2015-07-13,17
339,2015-07-20,8
339,2015-07-27,9
339,2015-08-03,7
339,2015-08-10,14
339,2015-08-17,13
339,2015-08-24,8
339,2015-08-31,15
339,2015-09-07,9
339,2015-09-14,13
339,2015-09-21,11
339,2015-09-28,11
339,2015-10-05,9
339,2015-10-12,10
339,2015-10-19,15
339,2015-10-26,7
339,2015-11-02,9
339,2015-11-09,7
339,2015-11-16,6
339,2015-11-23,6
339,2015-11-30,9
339,2015-12-07,11
339,2015-12-14,9
339,2015-12-21,6
339,2015-12-28,10
339,2016-01-04,4
339,2016-01-11,15
339,2016-01-18,8
339,2016-01-25,6
339,2016-02-01,6
339,2016-02-08,4
339,2016-02-15,7
339,2016-02-22,15
339,2016-02-29,9
339,2016-03-07,5
339,2016-03-14,9
339,2016-03-21,13
339,2016-03-28,7
339,2016-04-04,9
339,2016-04-11,9
339,2016-04-18,7
339,2016-04-25,15
339,2016-05-02,8
339,2016-05-09,3
339,2016-05-16,10
339,2016-05-23,4
339,2016-05-30,5
339,2016-06-06,10
339,2016-06-13,8
339,2016-06-20,7
339,2016-06-27,8
339,2016-07-04,2
339,2016-07-11,8
339,2016-07-18,4
339,2016-07-25,4
339,2016-08-01,4
339,2016-08-08,6
339,2016-08-15,10
339,2016-08-22,9
339,2016-08-29,8
339,2016-09-05,6
339,2016-09-12,6
339,2016-09-19,7
339,2016-09-26,7
339,2016-10-03,4
339,2016-10-10,7
339,2016-10-17,7
339,2016-10-24,4
339,2016-10-31,7
339,2016-11-14,7
339,2016-11-21,5
339,2016-11-28,7
339,2016-12-05,8
339,2016-12-12,7
339,2016-12-19,10
339,2016-12-26,5
339,2017-01-02,6
339,2017-01-09,4
339,2017-01-16,6
339,2017-01-23,5
339,2017-01-30,6
339,2017-02-06,9
339,2017-02-13,10
339,2017-02-20,10
339,2017-02-27,8
339,2017-03-06,9
339,2017-03-13,2
339,2017-03-20,10
339,2017-03-27,6
339,2017-04-03,4
339,2017-04-10,5
339,2017-04-17,9
339,2017-04-24,8
339,2017-05-01,9
339,2017-05-08,6
339,2017-05-15,4
339,2017-05-22,1
339,2017-05-29,1
339,2017-06-05,1
339,2017-06-26,1
339,2017-07-10,1
339.0,2015-03-16,3
339.0,2015-03-23,4
339.0,2015-03-30,6
339.0,2015-04-06,4
339.0,2015-04-13,5
339.0,2015-04-20,4
339.0,2015-04-27,4
339.0,2015-05-11,4
339.0,2015-05-18,4
339.0,2015-05-25,2
339.0,2015-06-01,2
339.0,2015-06-08,2
339.0,2015-06-15,2
339.0,2015-06-22,5
339.0,2015-06-29,2
339.0,2015-07-06,2
339.0,2015-07-13,2
339.0,2015-07-20,4
339.0,2015-07-27,4
339.0,2015-08-03,2
339.0,2015-08-10,2
339.0,2015-08-17,4
339.0,2015-08-31,1
339.0,2015-09-07,1
339.0,2015-09-14,3
339.0,2015-09-21,5
339.0,2015-09-28,1
339.0,2015-10-05,1
339.0,2015-10-12,1
339.0,2015-10-19,3
339.0,2015-10-26,3
339.0,2015-11-02,3
339.0,2015-11-09,3
339.0,2015-11-16,3
339.0,2015-11-23,1
339.0,2015-11-30,3
339.0,2015-12-07,3
339.0,2015-12-14,2
339.0,2015-12-21,1
339.0,2015-12-28,3
339.0,2016-01-04,2
339.0,2016-01-11,2
339.0,2016-01-18,2
339.0,2016-02-01,2
339.0,2016-02-08,6
339.0,2016-02-15,2
339.0,2016-02-22,1
339.0,2016-02-29,2
339.0,2016-03-07,2
339.0,2016-03-14,1
339.0,2016-03-21,1
339.0,2016-03-28,1
339.0,2016-04-04,4
339.0,2016-04-11,1
339.0,2016-04-18,1
339.0,2016-04-25,1
339.0,2016-05-02,1
339.0,2016-05-09,1
339.0,2016-05-23,1
339.0,2016-05-30,3
339.0,2016-06-06,1
339.0,2016-06-13,1
339.0,2016-06-27,2
339.0,2016-07-11,1
339.0,2016-07-18,1
339.0,2016-07-25,2
339.0,2016-08-01,4
339.0,2016-08-08,2
339.0,2016-08-15,3
339.0,2016-08-22,2
339.0,2016-08-29,1
339.0,2016-09-05,2
339.0,2016-09-12,1
339.0,2016-09-19,1
339.0,2016-09-26,4
339.0,2016-10-03,2
339.0,2016-10-10,3
339.0,2016-10-17,4
339.0,2016-10-24,2
339.0,2016-10-31,1
339.0,2016-11-07,2
339.0,2016-11-14,2
339.0,2016-11-28,2
339.0,2016-12-05,1
339.0,2016-12-12,3
339.0,2016-12-19,2
339.0,2017-01-02,2
339.0,2017-01-09,2
339.0,2017-01-16,3
339.0,2017-01-30,1
339.0,2017-02-06,4
339.0,2017-02-13,2
339.0,2017-02-20,5
339.0,2017-02-27,1
339.0,2017-03-06,4
339.0,2017-03-13,3
339.0,2017-03-27,4
339.0,2017-04-03,2
339.0,2017-04-10,3
339.0,2017-04-24,2
339.0,2017-05-15,2
339.0,2017-05-22,5
339.0,2017-05-29,6
339.0,2017-06-05,3
339.0,2017-06-12,4
339.0,2017-06-19,3
339.0,2017-06-26,8
339.0,2017-07-03,4
339.0,2017-07-10,9
339.0,2017-07-17,7
339.0,2017-07-24,10
339.0,2017-07-31,4
339.0,2017-08-07,1
339.0,2017-08-14,3
339.0,2017-08-21,1
339.0,2017-09-04,1
34,2015-03-23,2
34,2015-04-06,1
34,2015-05-11,2
34,2015-05-18,1
34,2015-06-01,2
34,2015-06-15,1
34,2015-06-22,1
34,2015-07-20,1
34,2015-08-31,1
34,2015-09-21,1
34,2015-10-19,1
34,2015-10-26,1
34,2015-11-09,1
34,2015-11-16,1
34,2015-11-23,1
34,2016-02-15,1
34,2016-02-22,1
34,2016-03-07,2
34,2016-03-14,2
34,2016-03-21,1
34,2016-03-28,1
34,2016-04-11,3
34,2016-04-18,2
34,2016-04-25,2
34,2016-06-06,1
34,2016-06-13,3
34,2016-06-20,1
34,2016-06-27,2
34,2016-07-04,1
34,2016-07-11,1
34,2016-08-08,3
34,2016-08-15,2
34,2016-08-29,3
34,2016-09-19,1
34,2016-11-21,1
34,2016-12-05,1
34,2016-12-12,1
34,2016-12-19,2
34,2017-01-16,1
34,2017-01-23,1
34,2017-01-30,1
34,2017-02-06,1
34,2017-02-13,1
34,2017-02-20,3
34,2017-02-27,1
34,2017-03-06,1
34,2017-03-13,2
34,2017-03-20,1
34,2017-04-03,2
34,2017-04-17,1
34,2017-04-24,2
34,2017-05-01,2
34,2017-05-08,2
34,2017-05-15,2
34,2017-05-29,1
34.0,2015-04-20,1
34.0,2015-05-18,1
34.0,2015-06-29,1
34.0,2015-07-20,2
34.0,2015-07-27,1
34.0,2015-09-14,1
34.0,2015-10-05,1
34.0,2015-10-12,1
34.0,2016-01-18,1
34.0,2016-01-25,1
34.0,2016-02-01,1
34.0,2016-03-07,1
34.0,2016-04-11,1
34.0,2016-05-30,1
34.0,2016-06-20,1
34.0,2016-09-12,1
34.0,2016-10-31,1
34.0,2017-01-30,1
34.0,2017-02-13,1
34.0,2017-02-20,1
34.0,2017-03-06,1
34.0,2017-04-03,2
34.0,2017-05-15,1
34.0,2017-05-22,1
34.0,2017-06-05,1
34.0,2017-06-12,1
34.0,2017-06-19,1
34.0,2017-07-03,3
34.0,2017-07-10,4
34.0,2017-07-17,1
34.0,2017-07-24,3
34.0,2017-07-31,2
34.0,2017-08-07,1
34.0,2017-08-14,1
34.0,2017-08-21,1
34.0,2017-09-04,1
340,2015-03-30,3
340,2015-05-11,3
340,2015-05-25,2
340,2015-06-08,1
340,2015-06-15,1
340,2015-06-22,1
340,2015-06-29,1
340,2015-07-06,1
340,2015-07-13,1
340,2015-07-20,2
340,2015-07-27,2
340,2015-08-03,1
340,2015-08-10,1
340,2015-09-07,3
340,2015-09-14,1
340,2015-10-12,1
340,2015-10-19,2
340,2015-11-02,1
340,2015-11-16,1
340,2015-11-23,1
340,2015-11-30,1
340,2015-12-14,2
340,2015-12-21,3
340,2016-01-11,1
340,2016-01-18,2
340,2016-01-25,1
340,2016-02-01,1
340,2016-02-08,1
340,2016-02-15,2
340,2016-02-22,1
340,2016-02-29,2
340,2016-03-21,1
340,2016-04-04,4
340,2016-04-11,1
340,2016-04-18,2
340,2016-04-25,2
340,2016-05-02,1
340,2016-05-16,1
340,2016-05-23,1
340,2016-06-20,2
340,2016-06-27,2
340,2016-07-11,3
340,2016-07-25,2
340,2016-08-01,3
340,2016-08-08,1
340,2016-09-12,1
340,2016-09-19,2
340,2016-10-03,2
340,2016-10-17,1
340,2016-10-24,1
340,2016-10-31,1
340,2016-11-07,1
340,2016-11-14,1
340,2016-11-28,2
340,2016-12-05,2
340,2016-12-12,3
340,2016-12-19,1
340,2016-12-26,2
340,2017-01-02,1
340,2017-01-09,1
340,2017-01-16,2
340,2017-01-23,1
340,2017-01-30,1
340,2017-02-20,5
340,2017-03-13,1
340,2017-04-03,4
340,2017-04-10,1
340,2017-04-17,3
340,2017-04-24,1
340.0,2015-03-16,1
340.0,2015-06-08,2
340.0,2015-06-22,1
340.0,2015-09-14,1
340.0,2015-09-28,1
340.0,2015-11-09,1
340.0,2015-12-21,1
340.0,2016-01-04,2
340.0,2016-02-01,1
340.0,2016-02-22,1
340.0,2016-03-14,2
340.0,2016-03-21,1
340.0,2016-04-11,1
340.0,2016-05-02,1
340.0,2016-05-16,1
340.0,2016-05-30,1
340.0,2016-06-20,1
340.0,2016-06-27,1
340.0,2016-08-01,1
340.0,2016-08-15,1
340.0,2016-08-22,1
340.0,2016-10-10,1
340.0,2016-11-28,2
340.0,2017-01-16,2
340.0,2017-03-13,1
340.0,2017-05-08,1
340.0,2017-05-15,1
340.0,2017-06-05,1
340.0,2017-07-10,1
341,2015-03-16,1
341,2015-03-23,11
341,2015-03-30,6
341,2015-04-06,5
341,2015-04-13,6
341,2015-04-20,5
341,2015-04-27,8
341,2015-05-04,6
341,2015-05-11,3
341,2015-05-18,7
341,2015-05-25,7
341,2015-06-01,4
341,2015-06-08,8
341,2015-06-15,8
341,2015-06-22,10
341,2015-06-29,3
341,2015-07-06,10
341,2015-07-13,9
341,2015-07-20,5
341,2015-07-27,7
341,2015-08-03,6
341,2015-08-10,6
341,2015-08-17,5
341,2015-08-24,5
341,2015-08-31,6
341,2015-09-07,3
341,2015-09-14,2
341,2015-09-21,10
341,2015-09-28,11
341,2015-10-05,6
341,2015-10-12,7
341,2015-10-19,9
341,2015-10-26,11
341,2015-11-02,8
341,2015-11-09,5
341,2015-11-16,7
341,2015-11-23,5
341,2015-11-30,4
341,2015-12-07,7
341,2015-12-14,3
341,2015-12-21,5
341,2015-12-28,9
341,2016-01-04,9
341,2016-01-11,10
341,2016-01-18,4
341,2016-01-25,8
341,2016-02-01,3
341,2016-02-08,12
341,2016-02-15,4
341,2016-02-22,9
341,2016-02-29,2
341,2016-03-07,5
341,2016-03-14,8
341,2016-03-21,7
341,2016-03-28,6
341,2016-04-04,8
341,2016-04-11,2
341,2016-04-18,4
341,2016-04-25,1
341,2016-05-02,3
341,2016-05-09,2
341,2016-05-16,3
341,2016-05-23,4
341,2016-05-30,7
341,2016-06-06,2
341,2016-06-13,6
341,2016-06-20,3
341,2016-06-27,3
341,2016-07-04,8
341,2016-07-11,4
341,2016-07-18,4
341,2016-07-25,7
341,2016-08-01,3
341,2016-08-08,9
341,2016-08-15,5
341,2016-08-22,7
341,2016-08-29,7
341,2016-09-12,1
341,2016-09-19,4
341,2016-09-26,5
341,2016-10-03,1
341,2016-10-10,4
341,2016-10-17,2
341,2016-10-24,4
341,2016-10-31,4
341,2016-11-07,5
341,2016-11-14,6
341,2016-11-21,4
341,2016-11-28,1
341,2016-12-05,8
341,2016-12-12,2
341,2016-12-19,5
341,2016-12-26,2
341,2017-01-02,5
341,2017-01-09,1
341,2017-01-16,2
341,2017-01-23,5
341,2017-01-30,5
341,2017-02-06,3
341,2017-02-13,2
341,2017-02-20,5
341,2017-02-27,2
341,2017-03-06,2
341,2017-03-13,5
341,2017-03-20,4
341,2017-03-27,3
341,2017-04-03,4
341,2017-04-10,4
341,2017-04-17,5
341,2017-04-24,3
341,2017-05-01,3
341,2017-05-08,1
341,2017-05-15,1
341,2017-07-10,1
341.0,2015-03-23,1
341.0,2015-04-06,1
341.0,2015-04-13,3
341.0,2015-04-20,1
341.0,2015-04-27,1
341.0,2015-05-11,1
341.0,2015-05-18,3
341.0,2015-05-25,2
341.0,2015-06-01,1
341.0,2015-06-08,1
341.0,2015-06-15,5
341.0,2015-06-29,2
341.0,2015-07-06,4
341.0,2015-07-13,2
341.0,2015-07-20,4
341.0,2015-08-10,3
341.0,2015-08-17,2
341.0,2015-08-24,2
341.0,2015-08-31,2
341.0,2015-09-07,1
341.0,2015-09-21,2
341.0,2015-09-28,1
341.0,2015-10-05,1
341.0,2015-10-19,1
341.0,2015-10-26,4
341.0,2015-11-09,5
341.0,2015-11-30,1
341.0,2015-12-07,3
341.0,2015-12-14,4
341.0,2015-12-28,1
341.0,2016-01-04,2
341.0,2016-01-11,1
341.0,2016-01-18,2
341.0,2016-01-25,2
341.0,2016-02-15,2
341.0,2016-02-29,3
341.0,2016-03-07,3
341.0,2016-03-28,1
341.0,2016-04-04,1
341.0,2016-04-11,2
341.0,2016-04-18,1
341.0,2016-04-25,2
341.0,2016-05-09,1
341.0,2016-05-16,1
341.0,2016-05-23,2
341.0,2016-05-30,1
341.0,2016-06-06,1
341.0,2016-06-13,2
341.0,2016-06-20,1
341.0,2016-06-27,1
341.0,2016-07-04,2
341.0,2016-07-11,1
341.0,2016-07-18,1
341.0,2016-08-22,2
341.0,2016-09-05,2
341.0,2016-09-19,2
341.0,2016-10-17,2
341.0,2016-10-24,2
341.0,2016-10-31,1
341.0,2016-11-07,1
341.0,2016-11-21,2
341.0,2016-11-28,2
341.0,2016-12-05,2
341.0,2016-12-12,1
341.0,2016-12-19,2
341.0,2017-01-09,2
341.0,2017-01-16,1
341.0,2017-01-30,1
341.0,2017-02-20,3
341.0,2017-02-27,1
341.0,2017-03-13,1
341.0,2017-03-20,3
341.0,2017-03-27,1
341.0,2017-05-08,1
341.0,2017-05-15,1
341.0,2017-05-22,4
341.0,2017-05-29,1
341.0,2017-06-05,1
341.0,2017-06-12,9
341.0,2017-06-19,2
341.0,2017-06-26,3
341.0,2017-07-03,2
341.0,2017-07-10,2
341.0,2017-07-17,4
341.0,2017-07-24,4
341.0,2017-07-31,6
341.0,2017-08-07,1
341.0,2017-08-14,3
341.0,2017-08-21,5
341.0,2017-09-04,2
341.0,2017-10-30,2
342,2015-03-16,1
342,2015-03-23,5
342,2015-03-30,2
342,2015-04-06,3
342,2015-04-13,1
342,2015-04-27,3
342,2015-05-11,2
342,2015-05-25,2
342,2015-06-01,5
342,2015-06-08,5
342,2015-06-15,2
342,2015-06-29,1
342,2015-07-06,6
342,2015-07-13,5
342,2015-07-20,4
342,2015-07-27,1
342,2015-08-03,4
342,2015-08-10,3
342,2015-08-17,3
342,2015-08-31,1
342,2015-09-07,2
342,2015-09-14,4
342,2015-09-21,4
342,2015-09-28,2
342,2015-10-05,1
342,2015-10-12,1
342,2015-10-19,2
342,2015-11-02,1
342,2015-11-09,2
342,2015-11-23,3
342,2015-11-30,3
342,2015-12-07,1
342,2015-12-14,2
342,2015-12-21,1
342,2016-01-04,1
342,2016-01-11,1
342,2016-01-18,1
342,2016-01-25,3
342,2016-02-01,1
342,2016-02-15,2
342,2016-02-22,2
342,2016-02-29,1
342,2016-03-07,1
342,2016-03-14,3
342,2016-03-21,1
342,2016-03-28,1
342,2016-04-04,4
342,2016-04-18,1
342,2016-04-25,1
342,2016-05-09,1
342,2016-05-16,1
342,2016-06-13,1
342,2016-06-20,3
342,2016-06-27,1
342,2016-07-04,1
342,2016-07-11,3
342,2016-07-18,3
342,2016-07-25,1
342,2016-08-01,1
342,2016-08-08,1
342,2016-08-15,1
342,2016-09-05,1
342,2016-09-12,1
342,2016-09-26,1
342,2016-10-10,3
342,2016-11-14,1
342,2016-11-28,1
342,2016-12-12,1
342,2017-01-09,1
342,2017-01-16,1
342,2017-01-23,1
342,2017-01-30,2
342,2017-02-27,1
342,2017-03-20,1
342,2017-03-27,1
342,2017-04-03,1
342,2017-04-17,3
342,2017-04-24,1
342,2017-05-01,1
342,2017-05-08,2
342.0,2015-04-27,1
342.0,2015-05-11,5
342.0,2015-05-25,1
342.0,2015-06-01,1
342.0,2015-06-08,1
342.0,2015-06-15,1
342.0,2015-06-22,1
342.0,2015-07-13,1
342.0,2015-07-20,1
342.0,2015-07-27,1
342.0,2015-08-10,2
342.0,2015-09-14,1
342.0,2015-11-09,1
342.0,2015-11-30,1
342.0,2015-12-07,1
342.0,2015-12-14,1
342.0,2015-12-21,1
342.0,2015-12-28,1
342.0,2016-01-11,1
342.0,2016-02-08,1
342.0,2016-02-15,1
342.0,2016-02-29,2
342.0,2016-03-07,2
342.0,2016-03-21,2
342.0,2016-04-04,2
342.0,2016-04-11,2
342.0,2016-04-18,1
342.0,2016-05-16,2
342.0,2016-08-01,2
342.0,2016-08-08,1
342.0,2016-08-15,2
342.0,2016-10-31,1
342.0,2016-11-14,1
342.0,2016-12-19,1
342.0,2017-01-02,2
342.0,2017-02-06,2
342.0,2017-02-13,1
342.0,2017-05-08,1
342.0,2017-05-15,1
342.0,2017-05-22,1
342.0,2017-05-29,1
342.0,2017-06-19,1
342.0,2017-06-26,1
342.0,2017-07-10,2
342.0,2017-07-17,2
342.0,2017-07-24,2
342.0,2017-08-07,1
342.0,2017-08-14,1
35,2015-06-08,1
35,2015-07-06,1
35,2015-09-28,1
35,2015-10-05,1
35,2015-11-30,2
35,2016-01-18,1
35,2016-02-01,1
35,2016-02-08,1
35,2016-03-07,1
35,2016-03-21,1
35,2016-04-18,1
35,2016-05-02,1
35,2016-05-09,1
35,2016-06-20,1
35,2016-07-11,1
35,2016-08-01,1
35,2016-08-15,1
35,2016-08-29,1
35,2016-10-31,1
35,2016-11-14,1
35,2016-11-21,1
35,2016-12-05,1
35,2016-12-26,1
35,2017-01-09,2
35,2017-01-23,1
35,2017-02-27,1
35,2017-03-06,2
35,2017-05-01,1
35,2017-05-15,1
35,2017-06-19,1
35.0,2015-04-13,1
35.0,2015-11-16,1
35.0,2016-02-01,1
35.0,2016-03-07,2
35.0,2016-06-20,1
35.0,2016-07-11,1
35.0,2016-08-01,1
35.0,2016-08-29,1
35.0,2016-09-26,1
35.0,2016-11-07,1
35.0,2016-11-28,1
35.0,2017-01-23,1
35.0,2017-04-03,1
35.0,2017-04-10,1
35.0,2017-07-24,1
36,2015-03-23,1
36,2015-04-13,1
36,2015-04-20,1
36,2015-04-27,1
36,2015-05-18,1
36,2015-06-01,1
36,2015-06-08,1
36,2015-07-06,2
36,2015-07-20,1
36,2015-08-03,1
36,2015-08-24,1
36,2015-08-31,1
36,2015-09-07,1
36,2015-09-14,1
36,2015-09-21,1
36,2015-10-19,1
36,2015-10-26,1
36,2015-11-30,1
36,2016-02-29,1
36,2016-03-07,1
36,2016-03-28,1
36,2016-05-09,1
36,2016-05-23,1
36,2016-06-20,1
36,2016-07-04,1
36,2016-07-11,1
36,2016-08-08,1
36,2016-08-15,1
36,2016-08-29,2
36,2016-09-26,1
36,2016-11-07,1
36,2016-12-26,1
36,2017-01-30,1
36,2017-02-06,1
36,2017-02-20,1
36,2017-03-13,1
36,2017-04-24,2
36,2017-05-15,1
36.0,2015-07-27,1
36.0,2015-09-28,1
36.0,2016-01-04,1
36.0,2016-04-18,1
36.0,2016-05-30,1
36.0,2016-06-06,1
36.0,2017-05-29,1
36.0,2017-06-05,1
36.0,2017-06-12,2
36.0,2017-06-19,1
36.0,2017-06-26,1
36.0,2017-07-24,1
37,2015-03-23,1
37,2015-05-25,1
37,2015-07-27,1
37,2015-08-24,1
37,2015-12-07,1
37,2016-01-18,2
37,2016-03-07,2
37,2016-03-21,1
37,2016-04-04,1
37,2016-04-11,1
37,2016-04-25,1
37,2016-05-09,1
37,2016-05-16,1
37,2016-05-30,2
37,2016-06-06,1
37,2016-06-27,1
37,2016-08-22,1
37,2016-08-29,1
37,2016-09-26,2
37,2016-11-07,1
37,2016-12-05,1
37,2017-01-09,1
37,2017-01-30,1
37.0,2015-04-27,1
37.0,2015-05-25,1
37.0,2015-06-22,2
37.0,2015-08-17,1
37.0,2015-08-24,1
37.0,2015-10-12,1
37.0,2016-02-15,1
37.0,2016-04-11,1
37.0,2016-07-18,1
37.0,2016-09-12,2
37.0,2016-10-03,1
37.0,2016-10-10,1
37.0,2017-01-30,1
37.0,2017-05-15,1
37.0,2017-07-10,1
37.0,2017-07-24,1
37.0,2017-08-14,1
38,2015-03-16,4
38,2015-03-23,3
38,2015-03-30,3
38,2015-04-06,1
38,2015-04-13,7
38,2015-04-20,3
38,2015-04-27,4
38,2015-05-04,4
38,2015-05-11,2
38,2015-05-18,6
38,2015-05-25,1
38,2015-06-01,3
38,2015-06-08,5
38,2015-06-15,3
38,2015-06-22,5
38,2015-06-29,5
38,2015-07-06,3
38,2015-07-13,6
38,2015-07-20,7
38,2015-07-27,3
38,2015-08-03,4
38,2015-08-10,4
38,2015-08-17,5
38,2015-08-24,5
38,2015-08-31,3
38,2015-09-07,6
38,2015-09-14,8
38,2015-09-21,7
38,2015-09-28,7
38,2015-10-05,5
38,2015-10-12,2
38,2015-10-19,5
38,2015-10-26,7
38,2015-11-02,4
38,2015-11-09,4
38,2015-11-16,6
38,2015-11-23,4
38,2015-11-30,5
38,2015-12-07,7
38,2015-12-14,4
38,2015-12-21,4
38,2015-12-28,2
38,2016-01-04,5
38,2016-01-11,6
38,2016-01-18,7
38,2016-01-25,3
38,2016-02-01,6
38,2016-02-08,10
38,2016-02-15,6
38,2016-02-22,3
38,2016-02-29,3
38,2016-03-07,7
38,2016-03-14,5
38,2016-03-21,7
38,2016-03-28,2
38,2016-04-04,3
38,2016-04-11,3
38,2016-04-18,5
38,2016-04-25,5
38,2016-05-02,6
38,2016-05-09,12
38,2016-05-16,3
38,2016-05-23,8
38,2016-05-30,7
38,2016-06-06,8
38,2016-06-13,3
38,2016-06-20,4
38,2016-06-27,5
38,2016-07-04,5
38,2016-07-11,3
38,2016-07-18,5
38,2016-07-25,4
38,2016-08-01,3
38,2016-08-08,11
38,2016-08-15,8
38,2016-08-22,4
38,2016-08-29,4
38,2016-09-05,4
38,2016-09-12,5
38,2016-09-19,5
38,2016-09-26,7
38,2016-10-03,4
38,2016-10-10,7
38,2016-10-17,10
38,2016-10-24,8
38,2016-10-31,6
38,2016-11-07,4
38,2016-11-14,2
38,2016-11-21,6
38,2016-11-28,6
38,2016-12-05,6
38,2016-12-12,12
38,2016-12-19,6
38,2016-12-26,2
38,2017-01-02,5
38,2017-01-09,5
38,2017-01-16,8
38,2017-01-23,5
38,2017-01-30,5
38,2017-02-06,4
38,2017-02-13,8
38,2017-02-20,9
38,2017-02-27,6
38,2017-03-06,3
38,2017-03-13,8
38,2017-03-20,12
38,2017-03-27,6
38,2017-04-03,13
38,2017-04-10,10
38,2017-04-17,8
38,2017-04-24,15
38,2017-05-01,12
38,2017-05-08,11
38,2017-05-15,4
38,2017-06-05,1
38,2017-06-12,1
38,2017-07-03,1
38.0,2015-03-16,1
38.0,2015-03-23,2
38.0,2015-03-30,3
38.0,2015-04-06,1
38.0,2015-05-04,1
38.0,2015-06-01,1
38.0,2015-06-15,1
38.0,2015-07-13,2
38.0,2015-07-27,1
38.0,2015-08-03,1
38.0,2015-08-10,1
38.0,2015-08-17,1
38.0,2015-08-24,1
38.0,2015-08-31,1
38.0,2015-09-07,2
38.0,2015-09-14,2
38.0,2015-09-21,2
38.0,2015-09-28,2
38.0,2015-10-05,2
38.0,2015-10-12,1
38.0,2015-10-19,1
38.0,2015-11-02,2
38.0,2015-11-09,1
38.0,2015-12-07,5
38.0,2015-12-14,1
38.0,2015-12-21,1
38.0,2015-12-28,2
38.0,2016-01-04,2
38.0,2016-01-25,3
38.0,2016-02-01,1
38.0,2016-02-15,1
38.0,2016-02-22,1
38.0,2016-02-29,3
38.0,2016-03-07,4
38.0,2016-03-14,2
38.0,2016-03-28,3
38.0,2016-04-04,1
38.0,2016-04-11,2
38.0,2016-04-25,2
38.0,2016-05-02,2
38.0,2016-05-09,2
38.0,2016-05-16,3
38.0,2016-05-23,1
38.0,2016-05-30,2
38.0,2016-06-06,1
38.0,2016-06-20,2
38.0,2016-06-27,1
38.0,2016-07-11,2
38.0,2016-08-15,2
38.0,2016-08-22,1
38.0,2016-09-05,2
38.0,2016-09-12,2
38.0,2016-09-19,1
38.0,2016-09-26,1
38.0,2016-10-03,2
38.0,2016-10-10,1
38.0,2016-10-17,1
38.0,2016-10-24,5
38.0,2016-11-07,3
38.0,2016-11-14,2
38.0,2016-11-28,1
38.0,2016-12-05,5
38.0,2017-01-09,2
38.0,2017-01-23,2
38.0,2017-01-30,1
38.0,2017-02-13,2
38.0,2017-02-27,3
38.0,2017-03-06,1
38.0,2017-03-13,2
38.0,2017-03-20,1
38.0,2017-03-27,3
38.0,2017-04-03,8
38.0,2017-04-10,4
38.0,2017-04-17,1
38.0,2017-04-24,2
38.0,2017-05-01,2
38.0,2017-05-08,2
38.0,2017-05-15,12
38.0,2017-05-22,11
38.0,2017-05-29,8
38.0,2017-06-05,9
38.0,2017-06-12,9
38.0,2017-06-19,8
38.0,2017-06-26,9
38.0,2017-07-03,10
38.0,2017-07-10,10
38.0,2017-07-17,8
38.0,2017-07-24,10
38.0,2017-07-31,6
38.0,2017-08-07,2
38.0,2017-08-14,5
38.0,2017-08-28,2
38.0,2017-09-04,1
38.0,2017-09-18,1
39,2015-03-16,7
39,2015-03-23,17
39,2015-03-30,7
39,2015-04-06,14
39,2015-04-13,7
39,2015-04-20,5
39,2015-04-27,8
39,2015-05-04,18
39,2015-05-11,11
39,2015-05-18,14
39,2015-05-25,9
39,2015-06-01,12
39,2015-06-08,16
39,2015-06-15,13
39,2015-06-22,14
39,2015-06-29,15
39,2015-07-06,15
39,2015-07-13,15
39,2015-07-20,18
39,2015-07-27,15
39,2015-08-03,17
39,2015-08-10,11
39,2015-08-17,15
39,2015-08-24,19
39,2015-08-31,17
39,2015-09-07,13
39,2015-09-14,11
39,2015-09-21,11
39,2015-09-28,9
39,2015-10-05,11
39,2015-10-12,15
39,2015-10-19,14
39,2015-10-26,11
39,2015-11-02,12
39,2015-11-09,17
39,2015-11-16,6
39,2015-11-23,12
39,2015-11-30,15
39,2015-12-07,15
39,2015-12-14,8
39,2015-12-21,13
39,2015-12-28,18
39,2016-01-04,17
39,2016-01-11,14
39,2016-01-18,19
39,2016-01-25,14
39,2016-02-01,16
39,2016-02-08,12
39,2016-02-15,14
39,2016-02-22,13
39,2016-02-29,20
39,2016-03-07,9
39,2016-03-14,15
39,2016-03-21,6
39,2016-03-28,12
39,2016-04-04,16
39,2016-04-11,13
39,2016-04-18,21
39,2016-04-25,5
39,2016-05-02,16
39,2016-05-09,4
39,2016-05-16,13
39,2016-05-23,12
39,2016-05-30,11
39,2016-06-06,13
39,2016-06-13,17
39,2016-06-20,18
39,2016-06-27,12
39,2016-07-04,15
39,2016-07-11,10
39,2016-07-18,12
39,2016-07-25,17
39,2016-08-01,24
39,2016-08-08,21
39,2016-08-15,15
39,2016-08-22,20
39,2016-08-29,13
39,2016-09-05,17
39,2016-09-12,15
39,2016-09-19,14
39,2016-09-26,18
39,2016-10-03,13
39,2016-10-10,8
39,2016-10-17,18
39,2016-10-24,19
39,2016-10-31,17
39,2016-11-07,13
39,2016-11-14,16
39,2016-11-21,9
39,2016-11-28,19
39,2016-12-05,28
39,2016-12-12,24
39,2016-12-19,18
39,2016-12-26,26
39,2017-01-02,12
39,2017-01-09,21
39,2017-01-16,19
39,2017-01-23,14
39,2017-01-30,16
39,2017-02-06,17
39,2017-02-13,16
39,2017-02-20,19
39,2017-02-27,10
39,2017-03-06,14
39,2017-03-13,12
39,2017-03-20,17
39,2017-03-27,17
39,2017-04-03,20
39,2017-04-10,13
39,2017-04-17,21
39,2017-04-24,14
39,2017-05-01,17
39,2017-05-08,14
39,2017-05-15,6
39,2017-05-22,2
39,2017-05-29,6
39.0,2015-03-16,1
39.0,2015-03-23,8
39.0,2015-03-30,5
39.0,2015-04-06,4
39.0,2015-04-13,3
39.0,2015-04-20,6
39.0,2015-04-27,2
39.0,2015-05-04,3
39.0,2015-05-11,2
39.0,2015-05-18,3
39.0,2015-06-08,5
39.0,2015-06-15,1
39.0,2015-06-22,2
39.0,2015-06-29,5
39.0,2015-07-06,4
39.0,2015-07-13,5
39.0,2015-07-20,5
39.0,2015-07-27,11
39.0,2015-08-10,4
39.0,2015-08-17,7
39.0,2015-08-24,4
39.0,2015-08-31,1
39.0,2015-09-07,3
39.0,2015-09-14,1
39.0,2015-09-21,3
39.0,2015-09-28,3
39.0,2015-10-05,4
39.0,2015-10-12,2
39.0,2015-10-19,3
39.0,2015-10-26,2
39.0,2015-11-02,5
39.0,2015-11-09,2
39.0,2015-11-16,6
39.0,2015-11-23,5
39.0,2015-11-30,4
39.0,2015-12-07,3
39.0,2015-12-14,5
39.0,2015-12-21,3
39.0,2015-12-28,8
39.0,2016-01-04,4
39.0,2016-01-11,6
39.0,2016-01-18,1
39.0,2016-01-25,3
39.0,2016-02-01,7
39.0,2016-02-08,8
39.0,2016-02-15,5
39.0,2016-02-22,2
39.0,2016-02-29,7
39.0,2016-03-07,5
39.0,2016-03-14,4
39.0,2016-03-21,3
39.0,2016-03-28,2
39.0,2016-04-04,7
39.0,2016-04-11,6
39.0,2016-04-18,3
39.0,2016-04-25,2
39.0,2016-05-02,3
39.0,2016-05-09,1
39.0,2016-05-16,2
39.0,2016-05-23,3
39.0,2016-05-30,1
39.0,2016-06-06,3
39.0,2016-06-13,2
39.0,2016-06-20,5
39.0,2016-06-27,6
39.0,2016-07-04,4
39.0,2016-07-11,3
39.0,2016-07-18,1
39.0,2016-07-25,3
39.0,2016-08-01,3
39.0,2016-08-08,4
39.0,2016-08-15,3
39.0,2016-08-22,1
39.0,2016-08-29,5
39.0,2016-09-05,3
39.0,2016-09-12,4
39.0,2016-09-19,4
39.0,2016-09-26,4
39.0,2016-10-03,6
39.0,2016-10-10,1
39.0,2016-10-17,4
39.0,2016-10-24,3
39.0,2016-10-31,3
39.0,2016-11-07,4
39.0,2016-11-14,4
39.0,2016-11-21,1
39.0,2016-11-28,4
39.0,2016-12-05,2
39.0,2016-12-12,2
39.0,2016-12-19,7
39.0,2016-12-26,2
39.0,2017-01-02,8
39.0,2017-01-09,4
39.0,2017-01-16,8
39.0,2017-01-23,3
39.0,2017-01-30,5
39.0,2017-02-06,3
39.0,2017-02-13,5
39.0,2017-02-20,3
39.0,2017-02-27,8
39.0,2017-03-06,7
39.0,2017-03-13,5
39.0,2017-03-20,6
39.0,2017-04-03,1
39.0,2017-04-10,2
39.0,2017-04-17,1
39.0,2017-04-24,1
39.0,2017-05-01,2
39.0,2017-05-08,8
39.0,2017-05-15,7
39.0,2017-05-22,14
39.0,2017-05-29,13
39.0,2017-06-05,23
39.0,2017-06-12,26
39.0,2017-06-19,16
39.0,2017-06-26,15
39.0,2017-07-03,22
39.0,2017-07-10,33
39.0,2017-07-17,22
39.0,2017-07-24,25
39.0,2017-07-31,20
39.0,2017-08-07,8
39.0,2017-08-14,16
39.0,2017-08-21,8
39.0,2017-08-28,4
39.0,2017-09-04,1
39.0,2017-09-11,2
4,2015-03-16,1
4,2015-03-23,8
4,2015-03-30,6
4,2015-04-06,6
4,2015-04-13,6
4,2015-04-20,9
4,2015-04-27,2
4,2015-05-04,4
4,2015-05-11,7
4,2015-05-18,39
4,2015-05-25,14
4,2015-06-01,7
4,2015-06-08,12
4,2015-06-15,9
4,2015-06-22,10
4,2015-06-29,5
4,2015-07-06,6
4,2015-07-13,11
4,2015-07-20,12
4,2015-07-27,7
4,2015-08-03,11
4,2015-08-10,15
4,2015-08-17,8
4,2015-08-24,8
4,2015-08-31,12
4,2015-09-07,9
4,2015-09-14,12
4,2015-09-21,7
4,2015-09-28,7
4,2015-10-05,6
4,2015-10-12,4
4,2015-10-19,8
4,2015-10-26,7
4,2015-11-02,10
4,2015-11-09,10
4,2015-11-16,9
4,2015-11-23,6
4,2015-11-30,12
4,2015-12-07,13
4,2015-12-14,10
4,2015-12-21,4
4,2015-12-28,25
4,2016-01-04,20
4,2016-01-11,14
4,2016-01-18,10
4,2016-01-25,8
4,2016-02-01,10
4,2016-02-08,15
4,2016-02-15,8
4,2016-02-22,5
4,2016-02-29,13
4,2016-03-07,8
4,2016-03-14,11
4,2016-03-21,7
4,2016-03-28,11
4,2016-04-04,8
4,2016-04-11,15
4,2016-04-18,7
4,2016-04-25,6
4,2016-05-02,9
4,2016-05-09,12
4,2016-05-16,4
4,2016-05-23,4
4,2016-05-30,10
4,2016-06-06,10
4,2016-06-13,8
4,2016-06-20,13
4,2016-06-27,7
4,2016-07-04,8
4,2016-07-11,7
4,2016-07-18,8
4,2016-07-25,7
4,2016-08-01,17
4,2016-08-08,6
4,2016-08-15,10
4,2016-08-22,6
4,2016-08-29,7
4,2016-09-05,13
4,2016-09-12,5
4,2016-09-19,16
4,2016-09-26,12
4,2016-10-03,4
4,2016-10-10,8
4,2016-10-17,10
4,2016-10-24,5
4,2016-10-31,7
4,2016-11-07,12
4,2016-11-14,6
4,2016-11-21,6
4,2016-11-28,8
4,2016-12-05,7
4,2016-12-12,6
4,2016-12-19,6
4,2016-12-26,6
4,2017-01-02,9
4,2017-01-09,13
4,2017-01-16,16
4,2017-01-23,9
4,2017-01-30,9
4,2017-02-06,13
4,2017-02-13,11
4,2017-02-20,4
4,2017-02-27,6
4,2017-03-06,10
4,2017-03-13,9
4,2017-03-20,11
4,2017-03-27,12
4,2017-04-03,10
4,2017-04-10,3
4,2017-04-17,9
4,2017-04-24,13
4,2017-05-01,5
4,2017-05-08,7
4,2017-05-22,4
4,2017-05-29,2
4,2017-06-12,1
4.0,2015-03-16,2
4.0,2015-03-23,1
4.0,2015-03-30,2
4.0,2015-04-06,1
4.0,2015-04-13,1
4.0,2015-04-20,4
4.0,2015-04-27,3
4.0,2015-05-04,1
4.0,2015-05-11,1
4.0,2015-05-18,9
4.0,2015-05-25,6
4.0,2015-06-01,2
4.0,2015-06-08,3
4.0,2015-06-15,5
4.0,2015-06-22,1
4.0,2015-06-29,4
4.0,2015-07-06,5
4.0,2015-07-20,3
4.0,2015-07-27,1
4.0,2015-08-03,2
4.0,2015-08-10,1
4.0,2015-08-17,2
4.0,2015-08-31,3
4.0,2015-09-07,4
4.0,2015-09-14,3
4.0,2015-09-21,4
4.0,2015-09-28,2
4.0,2015-10-05,3
4.0,2015-10-12,3
4.0,2015-10-19,4
4.0,2015-10-26,6
4.0,2015-11-02,2
4.0,2015-11-09,2
4.0,2015-11-16,5
4.0,2015-11-23,1
4.0,2015-11-30,3
4.0,2015-12-07,2
4.0,2015-12-14,3
4.0,2015-12-21,1
4.0,2015-12-28,4
4.0,2016-01-04,4
4.0,2016-01-18,3
4.0,2016-01-25,2
4.0,2016-02-08,2
4.0,2016-02-15,2
4.0,2016-02-22,1
4.0,2016-02-29,3
4.0,2016-03-07,1
4.0,2016-03-14,3
4.0,2016-03-21,4
4.0,2016-03-28,2
4.0,2016-04-04,1
4.0,2016-04-11,4
4.0,2016-04-18,4
4.0,2016-04-25,2
4.0,2016-05-02,1
4.0,2016-05-09,4
4.0,2016-05-16,1
4.0,2016-05-23,1
4.0,2016-06-06,1
4.0,2016-06-13,5
4.0,2016-06-20,1
4.0,2016-06-27,4
4.0,2016-07-04,2
4.0,2016-07-11,3
4.0,2016-07-18,2
4.0,2016-07-25,4
4.0,2016-08-01,2
4.0,2016-08-08,4
4.0,2016-08-15,5
4.0,2016-08-22,1
4.0,2016-08-29,4
4.0,2016-09-05,4
4.0,2016-09-12,3
4.0,2016-09-19,6
4.0,2016-09-26,5
4.0,2016-10-03,5
4.0,2016-10-10,3
4.0,2016-10-17,2
4.0,2016-10-24,1
4.0,2016-10-31,4
4.0,2016-11-07,2
4.0,2016-11-14,5
4.0,2016-11-21,4
4.0,2016-11-28,3
4.0,2016-12-05,1
4.0,2016-12-12,4
4.0,2016-12-26,3
4.0,2017-01-02,2
4.0,2017-01-09,1
4.0,2017-01-16,4
4.0,2017-01-23,3
4.0,2017-01-30,2
4.0,2017-02-13,3
4.0,2017-02-20,2
4.0,2017-02-27,2
4.0,2017-03-06,2
4.0,2017-03-20,1
4.0,2017-04-03,1
4.0,2017-04-10,1
4.0,2017-04-24,3
4.0,2017-05-01,2
4.0,2017-05-08,3
4.0,2017-05-15,7
4.0,2017-05-22,15
4.0,2017-05-29,8
4.0,2017-06-05,11
4.0,2017-06-12,15
4.0,2017-06-19,15
4.0,2017-06-26,9
4.0,2017-07-03,7
4.0,2017-07-10,13
4.0,2017-07-17,8
4.0,2017-07-24,11
4.0,2017-07-31,11
4.0,2017-08-07,7
4.0,2017-08-14,3
4.0,2017-08-21,3
4.0,2017-08-28,4
4.0,2017-09-04,3
40,2015-08-24,1
40,2015-09-21,1
40,2016-01-04,1
40,2016-01-25,1
40,2016-02-08,1
40,2016-02-29,1
40,2016-03-07,2
40,2016-03-14,1
40,2016-03-28,2
40,2016-04-25,2
40,2016-05-02,1
40,2016-05-09,1
40,2016-05-23,1
40,2016-05-30,2
40,2016-07-11,1
40,2016-07-18,2
40,2016-07-25,2
40,2016-08-22,1
40,2016-10-24,1
40,2016-11-07,1
40,2016-11-14,2
40,2016-11-21,1
40,2017-01-02,2
40,2017-02-27,1
40,2017-03-13,1
40,2017-04-10,1
40,2017-05-01,1
40,2017-05-08,2
40.0,2016-05-23,1
40.0,2016-06-27,1
40.0,2016-07-11,1
40.0,2016-10-10,1
40.0,2016-11-28,1
40.0,2016-12-05,1
40.0,2017-01-30,1
40.0,2017-02-06,2
40.0,2017-05-08,1
40.0,2017-05-22,1
40.0,2017-05-29,1
40.0,2017-07-10,1
40.0,2017-08-14,1
41,2016-05-30,1
41,2016-06-20,1
41,2016-10-24,1
41,2016-11-28,1
41,2016-12-26,1
41,2017-02-20,1
41,2017-03-06,5
41,2017-03-13,1
41,2017-03-20,1
41,2017-03-27,2
41,2017-04-03,3
41,2017-04-10,2
41,2017-04-17,1
41,2017-04-24,1
41.0,2015-12-21,1
41.0,2017-01-23,1
41.0,2017-02-06,1
41.0,2017-04-03,1
41.0,2017-05-08,1
41.0,2017-06-05,1
41.0,2017-06-12,1
41.0,2017-06-26,1
42,2015-11-23,1
42,2015-12-14,1
42,2016-10-03,1
42,2016-11-14,1
42,2016-11-28,1
42,2016-12-12,1
42,2017-01-16,1
42,2017-01-30,1
42,2017-02-06,1
42,2017-03-06,4
42,2017-04-24,1
42,2017-05-08,2
42,2017-06-12,2
42,2017-06-26,1
42.0,2016-01-04,1
42.0,2017-02-06,1
42.0,2017-05-22,3
42.0,2017-06-05,1
42.0,2017-06-12,1
42.0,2017-06-19,4
42.0,2017-06-26,9
42.0,2017-07-03,2
42.0,2017-07-10,3
42.0,2017-07-17,4
42.0,2017-07-24,1
42.0,2017-07-31,1
43,2015-08-31,1
43,2015-10-05,1
43,2015-11-02,1
43,2015-11-16,2
43,2015-11-23,1
43,2015-11-30,1
43,2015-12-07,1
43,2015-12-14,2
43,2015-12-28,1
43,2016-01-04,1
43,2016-01-11,2
43,2016-01-18,2
43,2016-02-01,4
43,2016-02-15,1
43,2016-02-22,1
43,2016-02-29,1
43,2016-04-04,2
43,2016-04-25,1
43,2016-10-17,1
43.0,2015-08-31,1
43.0,2015-11-09,1
43.0,2016-01-04,1
43.0,2016-01-11,1
43.0,2016-01-25,1
43.0,2016-02-08,1
43.0,2016-02-29,1
43.0,2016-03-21,1
43.0,2017-05-29,1
44,2015-03-16,1
44,2015-03-23,1
44,2015-04-06,1
44,2015-04-13,1
44,2015-05-11,1
44,2015-05-18,1
44,2015-05-25,2
44,2015-06-01,1
44,2015-06-15,1
44,2015-06-29,3
44,2015-07-06,2
44,2015-07-13,1
44,2015-08-10,1
44,2015-09-21,1
44,2015-09-28,1
44,2015-10-05,1
44,2015-10-19,1
44,2015-11-09,1
44,2015-12-14,2
44,2015-12-21,1
44,2015-12-28,1
44,2016-01-04,1
44,2016-01-11,1
44,2016-01-18,3
44,2016-02-01,1
44,2016-02-15,2
44,2016-02-29,2
44,2016-03-07,1
44,2016-03-14,1
44,2016-03-28,1
44,2016-04-04,1
44,2016-04-11,1
44,2016-04-25,1
44,2016-05-02,1
44,2016-05-16,1
44,2016-05-23,2
44,2016-06-13,2
44,2016-06-20,4
44,2016-07-18,2
44,2016-07-25,1
44,2016-08-01,1
44,2016-08-08,3
44,2016-08-15,1
44,2016-08-22,2
44,2016-08-29,2
44,2016-09-05,2
44,2016-09-12,3
44,2016-09-19,2
44,2016-10-03,3
44,2016-10-10,1
44,2016-10-17,2
44,2016-10-24,1
44,2016-11-07,2
44,2016-11-14,1
44,2016-11-21,2
44,2016-11-28,2
44,2016-12-05,1
44,2016-12-26,1
44,2017-01-09,2
44,2017-01-16,1
44,2017-01-23,1
44,2017-01-30,2
44,2017-02-06,2
44,2017-02-13,1
44,2017-02-27,2
44,2017-03-06,1
44,2017-04-03,1
44,2017-04-10,1
44,2017-04-17,1
44,2017-05-01,1
44,2017-05-22,1
44.0,2015-03-30,1
44.0,2015-04-20,1
44.0,2015-05-04,1
44.0,2015-06-29,1
44.0,2015-07-13,1
44.0,2015-08-10,1
44.0,2015-09-21,1
44.0,2015-10-12,1
44.0,2015-11-02,1
44.0,2015-11-16,1
44.0,2015-12-14,1
44.0,2016-02-01,1
44.0,2016-02-08,1
44.0,2016-05-02,1
44.0,2016-05-23,1
44.0,2016-06-06,1
44.0,2016-07-18,1
44.0,2016-10-17,1
44.0,2016-11-07,1
44.0,2016-11-14,2
44.0,2016-12-12,1
44.0,2017-01-09,1
44.0,2017-04-17,1
44.0,2017-05-08,1
44.0,2017-05-15,2
44.0,2017-05-22,1
44.0,2017-06-05,1
44.0,2017-06-12,3
44.0,2017-06-19,5
44.0,2017-06-26,4
44.0,2017-07-03,1
44.0,2017-07-10,1
44.0,2017-07-17,1
44.0,2017-07-24,1
44.0,2017-07-31,3
44.0,2017-08-21,1
45,2015-03-23,1
45,2015-03-30,1
45,2015-04-06,1
45,2015-04-13,2
45,2015-04-27,4
45,2015-05-04,2
45,2015-05-11,2
45,2015-05-18,1
45,2015-05-25,1
45,2015-06-01,1
45,2015-06-08,2
45,2015-06-15,1
45,2015-06-22,1
45,2015-07-13,2
45,2015-08-03,2
45,2015-08-10,2
45,2015-08-24,1
45,2015-08-31,1
45,2015-09-21,2
45,2015-09-28,2
45,2015-10-05,1
45,2015-10-19,1
45,2015-10-26,1
45,2015-11-02,1
45,2015-11-23,1
45,2015-12-07,3
45,2015-12-14,2
45,2015-12-21,1
45,2015-12-28,1
45,2016-01-04,4
45,2016-02-01,1
45,2016-02-08,3
45,2016-02-15,2
45,2016-02-22,2
45,2016-02-29,2
45,2016-03-07,3
45,2016-03-21,3
45,2016-03-28,2
45,2016-04-04,3
45,2016-04-18,1
45,2016-05-09,1
45,2016-05-16,1
45,2016-05-23,2
45,2016-05-30,1
45,2016-06-27,1
45,2016-07-04,3
45,2016-07-11,2
45,2016-08-01,2
45,2016-08-08,2
45,2016-08-29,2
45,2016-09-19,5
45,2016-09-26,4
45,2016-10-10,3
45,2016-10-31,1
45,2016-11-07,2
45,2016-11-14,2
45,2016-11-21,1
45,2016-12-12,1
45,2016-12-19,1
45,2016-12-26,1
45,2017-01-02,2
45,2017-01-30,1
45,2017-02-06,2
45,2017-02-20,2
45,2017-02-27,1
45,2017-03-06,1
45,2017-03-13,2
45,2017-03-27,3
45,2017-04-03,1
45,2017-04-10,3
45,2017-04-17,1
45,2017-04-24,4
45,2017-05-01,2
45,2017-05-08,3
45.0,2015-06-01,1
45.0,2015-06-22,1
45.0,2015-06-29,1
45.0,2015-07-06,1
45.0,2015-07-20,1
45.0,2015-08-03,1
45.0,2015-11-30,1
45.0,2015-12-07,2
45.0,2016-04-18,1
45.0,2016-06-27,1
45.0,2016-07-25,1
45.0,2016-08-08,1
45.0,2016-09-05,1
45.0,2016-10-31,1
45.0,2016-11-14,2
45.0,2017-01-23,2
45.0,2017-02-06,1
45.0,2017-02-13,1
45.0,2017-02-27,1
45.0,2017-03-20,1
45.0,2017-04-03,1
45.0,2017-05-08,1
45.0,2017-05-15,3
45.0,2017-05-22,2
45.0,2017-05-29,3
45.0,2017-06-05,3
45.0,2017-06-12,1
45.0,2017-06-19,1
45.0,2017-06-26,2
45.0,2017-07-03,4
45.0,2017-07-10,6
45.0,2017-07-17,5
45.0,2017-07-24,1
45.0,2017-07-31,4
45.0,2017-08-07,1
45.0,2017-08-14,1
46,2015-03-30,4
46,2015-04-06,3
46,2015-04-13,2
46,2015-04-20,6
46,2015-04-27,22
46,2015-05-04,6
46,2015-05-11,3
46,2015-05-18,5
46,2015-05-25,7
46,2015-06-01,1
46,2015-06-15,1
46,2015-06-22,1
46,2015-06-29,1
46,2015-07-06,1
46,2015-07-27,2
46,2015-08-03,1
46,2015-08-17,2
46,2015-10-19,1
46,2015-11-02,1
46,2015-11-16,1
46,2015-12-21,1
46,2016-05-23,1
46,2016-08-08,1
46.0,2015-03-30,2
46.0,2015-04-06,1
46.0,2015-04-20,4
46.0,2015-04-27,8
46.0,2015-05-04,1
46.0,2015-05-11,1
46.0,2015-05-18,1
46.0,2015-05-25,2
46.0,2015-08-10,1
46.0,2016-08-01,1
46.0,2016-08-29,1
46.0,2017-03-20,1
47,2015-05-25,2
47,2015-07-06,1
47,2015-07-13,1
47,2015-09-14,2
47,2015-10-05,1
47,2015-11-02,2
47,2015-11-16,3
47,2015-11-30,1
47,2015-12-21,2
47,2016-01-18,1
47,2016-02-01,1
47,2016-02-22,1
47,2016-03-21,2
47,2016-04-18,1
47,2016-06-20,1
47,2016-07-11,1
47,2016-07-18,1
47,2016-08-15,2
47,2016-08-22,1
47,2016-08-29,1
47,2016-09-12,1
47,2016-09-26,5
47,2016-10-03,1
47,2016-11-21,1
47,2016-11-28,1
47,2016-12-05,1
47,2017-01-16,1
47,2017-01-23,1
47,2017-02-20,1
47,2017-02-27,1
47,2017-03-06,1
47,2017-04-17,2
47,2017-05-01,2
47.0,2015-11-09,1
47.0,2016-04-18,1
47.0,2016-07-11,1
47.0,2016-08-29,1
47.0,2016-10-10,1
47.0,2016-10-17,1
47.0,2016-10-31,1
47.0,2017-03-06,1
47.0,2017-03-20,1
47.0,2017-06-26,3
47.0,2017-07-10,2
47.0,2017-07-24,3
47.0,2017-08-07,1
48,2015-03-16,1
48,2015-03-23,1
48,2015-03-30,1
48,2015-04-06,1
48,2015-04-20,2
48,2015-04-27,1
48,2015-05-04,1
48,2015-05-11,1
48,2015-06-08,2
48,2015-06-29,1
48,2015-07-06,2
48,2015-07-27,2
48,2015-08-03,2
48,2015-08-17,1
48,2015-08-24,3
48,2015-08-31,1
48,2015-09-07,4
48,2015-09-28,1
48,2015-10-05,1
48,2015-10-12,1
48,2015-11-02,4
48,2015-11-16,2
48,2015-11-23,2
48,2015-12-14,1
48,2015-12-28,1
48,2016-01-04,1
48,2016-01-11,3
48,2016-01-18,3
48,2016-01-25,3
48,2016-02-01,1
48,2016-02-08,3
48,2016-02-15,4
48,2016-02-22,1
48,2016-02-29,1
48,2016-03-07,3
48,2016-03-14,2
48,2016-03-28,3
48,2016-04-04,2
48,2016-04-11,2
48,2016-04-18,1
48,2016-04-25,3
48,2016-05-02,2
48,2016-05-09,2
48,2016-05-16,4
48,2016-05-23,1
48,2016-05-30,3
48,2016-06-06,4
48,2016-06-13,4
48,2016-06-20,3
48,2016-06-27,3
48,2016-07-04,5
48,2016-07-11,4
48,2016-07-18,3
48,2016-07-25,1
48,2016-08-01,3
48,2016-08-08,14
48,2016-08-15,7
48,2016-08-22,13
48,2016-08-29,13
48,2016-09-05,8
48,2016-09-12,14
48,2016-09-19,10
48,2016-09-26,9
48,2016-10-03,8
48,2016-10-10,1
48,2016-10-17,3
48,2016-10-24,1
48,2016-10-31,1
48,2016-11-07,2
48,2016-11-14,2
48,2016-11-21,1
48,2016-11-28,3
48,2016-12-05,3
48,2016-12-12,2
48,2016-12-19,1
48,2016-12-26,1
48,2017-01-02,7
48,2017-01-09,1
48,2017-01-16,1
48,2017-01-23,2
48,2017-01-30,4
48,2017-02-06,3
48,2017-02-13,2
48,2017-02-20,1
48,2017-02-27,4
48,2017-03-06,5
48,2017-03-13,6
48,2017-03-20,4
48,2017-04-03,1
48,2017-04-10,4
48,2017-04-17,3
48,2017-04-24,2
48,2017-05-01,3
48,2017-05-15,1
48.0,2015-03-16,1
48.0,2015-03-30,1
48.0,2015-05-04,1
48.0,2015-06-01,1
48.0,2015-08-03,1
48.0,2015-10-05,2
48.0,2015-11-02,1
48.0,2015-11-16,1
48.0,2015-11-23,1
48.0,2016-01-04,1
48.0,2016-01-18,2
48.0,2016-01-25,1
48.0,2016-03-28,1
48.0,2016-05-02,2
48.0,2016-05-16,1
48.0,2016-05-23,1
48.0,2016-05-30,3
48.0,2016-06-06,1
48.0,2016-06-20,2
48.0,2016-07-18,1
48.0,2016-07-25,1
48.0,2016-08-01,1
48.0,2016-08-08,4
48.0,2016-08-15,2
48.0,2016-08-22,6
48.0,2016-08-29,2
48.0,2016-09-05,2
48.0,2016-09-12,2
48.0,2016-09-19,5
48.0,2016-09-26,4
48.0,2016-10-03,2
48.0,2016-10-10,1
48.0,2016-10-24,1
48.0,2016-11-14,1
48.0,2016-12-05,3
48.0,2016-12-26,4
48.0,2017-01-09,1
48.0,2017-01-23,3
48.0,2017-01-30,2
48.0,2017-02-06,2
48.0,2017-02-20,1
48.0,2017-05-22,2
48.0,2017-05-29,1
48.0,2017-06-05,3
48.0,2017-06-12,4
48.0,2017-06-19,4
48.0,2017-06-26,5
48.0,2017-07-03,2
48.0,2017-07-10,2
48.0,2017-07-17,5
48.0,2017-07-24,9
48.0,2017-07-31,4
48.0,2017-08-07,1
48.0,2017-08-14,2
48.0,2017-08-21,1
48.0,2017-08-28,1
48.0,2017-09-04,2
48.0,2017-09-11,1
49,2015-03-23,1
49,2015-04-06,1
49,2015-05-04,1
49,2015-05-18,1
49,2015-06-01,1
49,2015-06-08,1
49,2015-07-13,1
49,2015-07-20,1
49,2015-08-10,2
49,2015-08-24,1
49,2015-09-07,1
49,2015-09-14,1
49,2015-09-21,2
49,2015-09-28,2
49,2015-10-05,1
49,2015-10-26,1
49,2015-11-09,1
49,2015-11-30,1
49,2015-12-07,1
49,2015-12-14,2
49,2015-12-28,1
49,2016-01-11,2
49,2016-01-18,1
49,2016-01-25,1
49,2016-02-15,1
49,2016-02-29,5
49,2016-03-07,1
49,2016-03-14,1
49,2016-03-28,1
49,2016-04-11,1
49,2016-04-18,1
49,2016-04-25,4
49,2016-05-02,11
49,2016-05-09,11
49,2016-05-16,18
49,2016-05-23,18
49,2016-05-30,28
49,2016-06-06,49
49,2016-06-13,35
49,2016-06-20,31
49,2016-06-27,38
49,2016-07-04,45
49,2016-07-11,25
49,2016-07-18,26
49,2016-07-25,31
49,2016-08-01,29
49,2016-08-08,9
49,2016-08-15,17
49,2016-08-22,16
49,2016-08-29,9
49,2016-09-05,5
49,2016-09-12,8
49,2016-09-19,4
49,2016-09-26,10
49,2016-10-03,1
49,2016-10-10,1
49,2016-10-17,3
49,2016-10-24,1
49,2016-10-31,4
49,2016-11-07,1
49,2016-11-14,5
49,2016-11-21,1
49,2016-11-28,1
49,2016-12-05,4
49,2016-12-12,3
49,2016-12-26,2
49,2017-01-23,3
49,2017-02-06,3
49,2017-02-20,3
49,2017-02-27,3
49,2017-03-06,2
49,2017-03-13,1
49,2017-04-17,1
49,2017-04-24,2
49,2017-05-01,1
49,2017-05-08,2
49,2017-05-22,1
49.0,2015-04-20,1
49.0,2015-05-25,1
49.0,2015-08-31,1
49.0,2015-09-28,1
49.0,2015-11-02,1
49.0,2015-11-09,1
49.0,2016-01-11,1
49.0,2016-01-18,1
49.0,2016-02-01,1
49.0,2016-05-02,2
49.0,2016-05-09,5
49.0,2016-05-16,2
49.0,2016-05-23,4
49.0,2016-05-30,4
49.0,2016-06-06,11
49.0,2016-06-13,13
49.0,2016-06-20,6
49.0,2016-06-27,8
49.0,2016-07-04,7
49.0,2016-07-11,8
49.0,2016-07-18,5
49.0,2016-07-25,4
49.0,2016-08-01,5
49.0,2016-08-08,5
49.0,2016-08-15,2
49.0,2016-08-22,4
49.0,2016-08-29,1
49.0,2016-09-05,3
49.0,2016-09-19,1
49.0,2016-09-26,4
49.0,2016-10-03,1
49.0,2016-10-17,1
49.0,2016-10-24,1
49.0,2016-10-31,1
49.0,2016-11-14,1
49.0,2016-11-28,1
49.0,2016-12-12,1
49.0,2017-01-02,1
49.0,2017-01-09,1
49.0,2017-02-13,1
49.0,2017-03-20,3
49.0,2017-04-17,1
49.0,2017-05-01,1
49.0,2017-05-15,1
49.0,2017-05-29,1
49.0,2017-06-12,1
49.0,2017-06-26,1
49.0,2017-07-10,1
49.0,2017-07-17,1
49.0,2017-07-31,1
49.0,2017-08-21,1
49.0,2017-09-04,1
5,2015-03-16,7
5,2015-03-23,7
5,2015-03-30,7
5,2015-04-06,6
5,2015-04-13,7
5,2015-04-20,9
5,2015-04-27,7
5,2015-05-04,2
5,2015-05-11,9
5,2015-05-18,3
5,2015-05-25,7
5,2015-06-01,6
5,2015-06-08,6
5,2015-06-15,7
5,2015-06-22,3
5,2015-06-29,7
5,2015-07-06,7
5,2015-07-13,1
5,2015-07-20,8
5,2015-07-27,5
5,2015-08-03,11
5,2015-08-10,5
5,2015-08-17,8
5,2015-08-24,7
5,2015-08-31,10
5,2015-09-07,6
5,2015-09-14,2
5,2015-09-21,7
5,2015-09-28,7
5,2015-10-05,7
5,2015-10-12,5
5,2015-10-19,9
5,2015-10-26,4
5,2015-11-02,3
5,2015-11-09,3
5,2015-11-16,8
5,2015-11-23,3
5,2015-11-30,8
5,2015-12-07,5
5,2015-12-14,6
5,2015-12-21,2
5,2015-12-28,2
5,2016-01-04,8
5,2016-01-11,8
5,2016-01-18,3
5,2016-01-25,11
5,2016-02-01,4
5,2016-02-08,8
5,2016-02-15,7
5,2016-02-22,8
5,2016-02-29,3
5,2016-03-07,5
5,2016-03-14,3
5,2016-03-21,6
5,2016-03-28,5
5,2016-04-04,6
5,2016-04-11,5
5,2016-04-18,6
5,2016-04-25,6
5,2016-05-02,5
5,2016-05-09,3
5,2016-05-16,6
5,2016-05-23,3
5,2016-05-30,6
5,2016-06-06,7
5,2016-06-13,8
5,2016-06-20,8
5,2016-06-27,8
5,2016-07-04,9
5,2016-07-11,6
5,2016-07-18,3
5,2016-07-25,9
5,2016-08-01,5
5,2016-08-08,10
5,2016-08-15,10
5,2016-08-22,11
5,2016-08-29,8
5,2016-09-05,10
5,2016-09-12,8
5,2016-09-19,8
5,2016-09-26,4
5,2016-10-03,5
5,2016-10-10,9
5,2016-10-17,11
5,2016-10-24,7
5,2016-10-31,11
5,2016-11-07,9
5,2016-11-14,4
5,2016-11-21,3
5,2016-11-28,10
5,2016-12-05,8
5,2016-12-12,7
5,2016-12-19,5
5,2016-12-26,2
5,2017-01-02,10
5,2017-01-09,2
5,2017-01-16,6
5,2017-01-23,12
5,2017-01-30,9
5,2017-02-06,8
5,2017-02-13,6
5,2017-02-20,4
5,2017-02-27,9
5,2017-03-06,5
5,2017-03-13,10
5,2017-03-20,9
5,2017-03-27,4
5,2017-04-03,8
5,2017-04-10,9
5,2017-04-17,5
5,2017-04-24,13
5,2017-05-01,12
5,2017-05-08,5
5,2017-05-15,2
5,2017-05-29,1
5.0,2015-03-23,2
5.0,2015-03-30,2
5.0,2015-04-06,1
5.0,2015-04-13,2
5.0,2015-04-20,3
5.0,2015-04-27,4
5.0,2015-05-11,1
5.0,2015-05-18,1
5.0,2015-05-25,1
5.0,2015-06-01,4
5.0,2015-06-08,2
5.0,2015-06-15,1
5.0,2015-06-22,1
5.0,2015-06-29,1
5.0,2015-07-06,1
5.0,2015-07-13,1
5.0,2015-07-20,3
5.0,2015-08-03,1
5.0,2015-08-17,2
5.0,2015-08-24,1
5.0,2015-08-31,1
5.0,2015-09-07,2
5.0,2015-09-14,1
5.0,2015-09-21,2
5.0,2015-09-28,1
5.0,2015-10-05,1
5.0,2015-10-12,1
5.0,2015-10-19,2
5.0,2015-10-26,3
5.0,2015-11-02,2
5.0,2015-11-09,2
5.0,2015-11-16,3
5.0,2015-11-23,1
5.0,2015-11-30,6
5.0,2015-12-14,2
5.0,2015-12-28,1
5.0,2016-01-04,2
5.0,2016-01-11,1
5.0,2016-01-18,2
5.0,2016-01-25,1
5.0,2016-02-01,5
5.0,2016-02-08,3
5.0,2016-02-22,4
5.0,2016-02-29,4
5.0,2016-03-07,3
5.0,2016-03-14,2
5.0,2016-03-21,2
5.0,2016-03-28,1
5.0,2016-04-04,2
5.0,2016-04-11,1
5.0,2016-04-18,2
5.0,2016-04-25,3
5.0,2016-05-09,1
5.0,2016-05-16,1
5.0,2016-05-23,1
5.0,2016-05-30,1
5.0,2016-06-06,3
5.0,2016-06-13,1
5.0,2016-06-20,3
5.0,2016-07-04,4
5.0,2016-07-11,2
5.0,2016-07-18,1
5.0,2016-07-25,3
5.0,2016-08-01,1
5.0,2016-08-08,1
5.0,2016-08-15,2
5.0,2016-08-22,2
5.0,2016-09-05,3
5.0,2016-09-12,2
5.0,2016-09-19,1
5.0,2016-09-26,1
5.0,2016-10-10,1
5.0,2016-10-24,2
5.0,2016-10-31,1
5.0,2016-11-07,2
5.0,2016-11-14,2
5.0,2016-11-21,3
5.0,2016-11-28,3
5.0,2016-12-05,1
5.0,2016-12-19,4
5.0,2017-01-02,4
5.0,2017-01-09,3
5.0,2017-01-16,1
5.0,2017-01-23,2
5.0,2017-01-30,3
5.0,2017-02-06,3
5.0,2017-02-13,1
5.0,2017-02-20,3
5.0,2017-02-27,5
5.0,2017-03-06,2
5.0,2017-03-13,2
5.0,2017-03-20,2
5.0,2017-04-10,1
5.0,2017-05-01,2
5.0,2017-05-15,4
5.0,2017-05-22,5
5.0,2017-05-29,8
5.0,2017-06-05,6
5.0,2017-06-12,9
5.0,2017-06-19,7
5.0,2017-06-26,12
5.0,2017-07-03,4
5.0,2017-07-10,10
5.0,2017-07-17,8
5.0,2017-07-24,6
5.0,2017-07-31,11
5.0,2017-08-07,3
5.0,2017-08-14,3
5.0,2017-08-21,3
5.0,2017-08-28,6
5.0,2017-09-04,4
50,2015-03-30,1
50,2015-06-22,1
50,2015-07-13,1
50,2015-07-20,1
50,2015-08-03,1
50,2015-08-24,1
50,2015-10-05,2
50,2015-10-12,1
50,2015-10-19,2
50,2015-11-09,1
50,2015-11-30,1
50,2015-12-07,1
50,2016-01-11,2
50,2016-01-18,4
50,2016-01-25,1
50,2016-02-01,1
50,2016-02-08,4
50,2016-02-22,1
50,2016-03-14,2
50,2016-03-21,2
50,2016-03-28,1
50,2016-04-04,1
50,2016-04-11,2
50,2016-04-18,1
50,2016-04-25,1
50,2016-05-16,1
50,2016-05-30,1
50,2016-06-06,1
50,2016-07-04,1
50,2016-07-11,1
50,2016-07-18,1
50,2016-08-01,2
50,2016-08-08,1
50,2016-09-12,2
50,2016-09-26,1
50,2016-10-03,1
50,2016-10-10,2
50,2016-10-17,1
50,2016-10-24,1
50,2016-11-07,1
50,2016-11-21,2
50,2016-12-05,2
50,2016-12-12,3
50,2016-12-19,1
50,2016-12-26,1
50,2017-01-02,1
50,2017-01-16,2
50,2017-01-23,2
50,2017-01-30,3
50,2017-02-06,3
50,2017-02-13,1
50,2017-02-20,1
50,2017-02-27,1
50,2017-03-13,1
50,2017-03-20,3
50,2017-04-03,1
50,2017-04-17,1
50,2017-04-24,3
50,2017-05-01,1
50,2017-05-15,2
50,2017-06-19,1
50.0,2015-05-11,1
50.0,2015-07-27,1
50.0,2015-08-31,1
50.0,2015-10-05,1
50.0,2016-02-01,1
50.0,2016-03-14,1
50.0,2016-04-11,1
50.0,2016-05-02,1
50.0,2016-05-23,1
50.0,2016-06-27,2
50.0,2016-08-29,1
50.0,2016-09-26,1
50.0,2016-10-10,2
50.0,2016-10-31,1
50.0,2016-11-14,1
50.0,2016-12-05,1
50.0,2016-12-26,1
50.0,2017-02-06,1
50.0,2017-02-27,1
50.0,2017-03-06,1
50.0,2017-05-01,1
50.0,2017-05-22,1
50.0,2017-05-29,1
50.0,2017-06-05,1
50.0,2017-06-19,4
50.0,2017-07-03,1
50.0,2017-07-10,2
50.0,2017-07-17,2
50.0,2017-07-31,2
50.0,2017-08-14,1
51,2016-02-29,1
51,2016-06-27,1
51,2016-07-11,1
51,2016-07-25,1
51,2016-08-01,1
51,2016-08-08,2
51,2016-08-29,1
51,2016-09-19,1
51,2016-10-10,2
51,2016-10-31,1
51,2016-11-07,1
51,2016-11-14,2
51,2016-11-28,1
51,2016-12-05,2
51,2016-12-12,3
51,2016-12-19,2
51,2016-12-26,3
51,2017-01-02,3
51,2017-01-09,7
51,2017-01-16,8
51,2017-01-23,9
51,2017-01-30,8
51,2017-02-06,8
51,2017-02-13,5
51,2017-02-20,3
51,2017-02-27,5
51,2017-03-06,2
51,2017-03-13,2
51,2017-03-20,2
51,2017-03-27,1
51,2017-04-03,2
51,2017-04-24,1
51,2017-05-01,1
51,2017-05-08,2
51,2017-05-15,1
51,2017-06-19,1
51.0,2016-07-04,1
51.0,2016-07-11,1
51.0,2016-07-25,1
51.0,2016-08-22,1
51.0,2016-08-29,1
51.0,2016-11-07,1
51.0,2016-12-19,1
51.0,2017-01-02,1
51.0,2017-01-16,4
51.0,2017-01-30,2
51.0,2017-02-06,2
51.0,2017-02-13,2
51.0,2017-02-27,1
51.0,2017-06-05,2
51.0,2017-06-12,1
51.0,2017-06-26,1
51.0,2017-07-03,1
51.0,2017-07-10,1
51.0,2017-07-17,1
51.0,2017-07-24,1
51.0,2017-08-28,2
52,2015-03-23,1
52,2015-04-06,2
52,2015-04-27,2
52,2015-05-11,2
52,2015-06-01,1
52,2015-06-15,2
52,2015-06-29,1
52,2015-07-06,1
52,2015-07-27,1
52,2015-08-03,3
52,2015-08-24,2
52,2015-08-31,1
52,2015-09-14,1
52,2015-09-28,2
52,2015-10-05,1
52,2015-10-26,1
52,2015-11-09,1
52,2015-11-16,1
52,2015-12-21,2
52,2016-01-11,1
52,2016-01-18,1
52,2016-02-08,1
52,2016-02-15,1
52,2016-02-22,2
52,2016-02-29,2
52,2016-03-07,1
52,2016-03-14,3
52,2016-03-21,1
52,2016-04-04,3
52,2016-04-18,1
52,2016-05-09,1
52,2016-06-06,1
52,2016-06-27,1
52,2016-07-25,1
52,2016-09-12,1
52,2016-10-10,2
52,2016-10-24,2
52,2016-10-31,1
52,2016-11-28,1
52,2016-12-19,1
52,2017-01-16,1
52,2017-01-23,3
52,2017-01-30,1
52,2017-02-13,1
52,2017-02-20,1
52,2017-03-06,2
52,2017-03-27,1
52,2017-04-17,1
52,2017-04-24,1
52.0,2015-06-01,1
52.0,2015-06-22,1
52.0,2015-06-29,1
52.0,2015-08-31,1
52.0,2015-09-28,1
52.0,2016-01-18,1
52.0,2016-02-22,1
52.0,2016-06-13,1
52.0,2016-07-25,1
52.0,2016-09-12,1
52.0,2016-09-19,1
52.0,2016-11-28,1
52.0,2016-12-19,1
52.0,2017-01-23,1
52.0,2017-03-06,1
52.0,2017-07-03,1
52.0,2017-07-10,1
52.0,2017-07-24,1
52.0,2017-07-31,1
52.0,2017-08-14,1
53,2015-09-21,1
53,2016-01-04,1
53,2016-08-01,1
53,2016-11-07,1
53,2017-01-02,1
53,2017-06-05,1
53,2017-06-12,10
53,2017-06-19,1
53.0,2017-05-15,1
53.0,2017-06-05,6
53.0,2017-06-12,22
53.0,2017-06-19,32
53.0,2017-06-26,6
53.0,2017-07-03,8
53.0,2017-07-10,8
53.0,2017-07-17,6
53.0,2017-07-24,8
53.0,2017-07-31,1
53.0,2017-08-07,2
54,2015-04-20,1
54,2015-05-04,2
54,2015-06-08,1
54,2015-06-15,2
54,2015-07-27,1
54,2015-08-03,1
54,2015-08-24,1
54,2015-10-26,1
54,2016-01-04,1
54,2016-06-20,1
54,2016-07-11,2
54,2016-07-18,1
54,2016-09-26,1
54,2016-10-24,1
54,2016-12-26,1
54,2017-02-06,1
54,2017-02-13,1
54,2017-03-06,2
54,2017-03-13,1
54.0,2015-09-14,1
54.0,2015-10-05,1
54.0,2016-07-25,1
54.0,2016-11-07,1
54.0,2016-11-28,1
54.0,2017-02-06,1
54.0,2017-04-03,1
54.0,2017-05-08,1
54.0,2017-06-05,1
54.0,2017-06-26,1
55,2015-03-30,1
55,2015-04-13,1
55,2015-04-27,1
55,2015-05-11,2
55,2015-06-15,2
55,2015-07-13,1
55,2015-07-20,1
55,2015-07-27,1
55,2015-08-03,2
55,2015-08-10,2
55,2015-08-17,2
55,2015-08-24,1
55,2015-08-31,1
55,2015-09-14,1
55,2015-09-21,1
55,2015-09-28,3
55,2015-10-12,1
55,2015-10-19,1
55,2015-10-26,1
55,2015-11-02,1
55,2015-11-09,1
55,2015-11-23,1
55,2015-12-28,1
55,2016-01-04,1
55,2016-01-18,1
55,2016-01-25,2
55,2016-02-01,2
55,2016-02-22,1
55,2016-03-07,1
55,2016-03-14,1
55,2016-03-21,1
55,2016-04-11,1
55,2016-04-18,1
55,2016-05-02,1
55,2016-05-09,1
55,2016-05-16,3
55,2016-05-23,1
55,2016-05-30,3
55,2016-06-06,1
55,2016-06-13,2
55,2016-06-20,2
55,2016-07-04,1
55,2016-07-11,4
55,2016-07-18,1
55,2016-08-08,1
55,2016-08-22,1
55,2016-09-05,1
55,2016-09-12,2
55,2016-09-19,2
55,2016-09-26,1
55,2016-10-10,1
55,2016-10-17,1
55,2016-10-24,3
55,2016-10-31,2
55,2016-11-07,1
55,2016-11-14,2
55,2016-11-21,1
55,2016-11-28,2
55,2016-12-19,2
55,2017-01-02,3
55,2017-01-09,1
55,2017-01-23,2
55,2017-01-30,1
55,2017-02-06,2
55,2017-02-13,3
55,2017-02-20,1
55,2017-02-27,1
55,2017-03-06,2
55,2017-03-13,1
55,2017-03-20,5
55,2017-03-27,4
55,2017-04-03,2
55,2017-04-10,3
55,2017-04-17,1
55,2017-04-24,4
55,2017-05-01,3
55,2017-05-08,1
55,2017-05-15,3
55,2017-05-22,1
55.0,2015-03-23,1
55.0,2015-07-13,1
55.0,2015-08-24,1
55.0,2015-09-21,1
55.0,2015-09-28,1
55.0,2015-12-14,1
55.0,2015-12-28,1
55.0,2016-01-04,1
55.0,2016-03-07,1
55.0,2016-03-28,1
55.0,2016-06-27,2
55.0,2016-08-08,1
55.0,2016-09-05,1
55.0,2016-10-10,1
55.0,2016-10-24,1
55.0,2016-11-21,1
55.0,2016-12-19,1
55.0,2017-02-13,1
55.0,2017-03-06,1
55.0,2017-04-03,1
55.0,2017-04-10,1
55.0,2017-05-01,1
55.0,2017-05-15,6
55.0,2017-05-22,4
55.0,2017-05-29,4
55.0,2017-06-05,5
55.0,2017-06-12,3
55.0,2017-06-19,4
55.0,2017-06-26,1
55.0,2017-07-03,2
55.0,2017-07-10,2
55.0,2017-07-17,3
55.0,2017-07-24,2
55.0,2017-07-31,5
55.0,2017-08-07,2
55.0,2017-08-14,9
55.0,2017-09-11,1
56,2015-03-30,1
56,2015-05-25,2
56,2015-06-01,2
56,2015-06-08,1
56,2015-06-15,1
56,2015-06-22,1
56,2015-07-06,1
56,2015-07-20,2
56,2015-08-10,2
56,2015-08-17,1
56,2015-09-21,2
56,2015-10-05,1
56,2015-10-12,1
56,2015-11-02,1
56,2015-11-16,1
56,2015-12-21,1
56,2016-01-04,1
56,2016-01-25,2
56,2016-02-08,1
56,2016-02-15,4
56,2016-02-22,2
56,2016-02-29,1
56,2016-03-14,1
56,2016-03-28,3
56,2016-04-04,1
56,2016-04-18,3
56,2016-04-25,1
56,2016-05-09,1
56,2016-05-16,2
56,2016-05-23,1
56,2016-06-13,1
56,2016-06-20,1
56,2016-06-27,3
56,2016-07-04,1
56,2016-07-18,2
56,2016-08-01,1
56,2016-08-15,1
56,2016-08-29,1
56,2016-09-05,1
56,2016-09-12,3
56,2016-10-31,1
56,2016-11-14,1
56,2016-11-28,1
56,2017-01-02,1
56,2017-01-09,1
56,2017-01-23,1
56,2017-04-10,1
56,2017-04-24,1
56,2017-05-01,1
56,2017-05-08,1
56.0,2015-04-13,1
56.0,2015-06-08,1
56.0,2015-07-27,1
56.0,2015-08-24,1
56.0,2015-09-28,1
56.0,2015-11-09,1
56.0,2015-12-14,1
56.0,2015-12-21,1
56.0,2016-02-22,1
56.0,2016-03-21,1
56.0,2016-04-04,1
56.0,2016-05-02,1
56.0,2016-05-09,1
56.0,2016-05-23,1
56.0,2016-06-06,1
56.0,2016-09-05,1
56.0,2016-10-17,1
56.0,2016-11-14,1
56.0,2016-12-19,1
56.0,2016-12-26,1
56.0,2017-02-13,1
56.0,2017-03-13,1
56.0,2017-03-20,1
56.0,2017-05-15,1
56.0,2017-05-29,1
56.0,2017-06-05,1
56.0,2017-06-26,1
56.0,2017-07-03,1
56.0,2017-07-10,1
56.0,2017-07-24,1
56.0,2017-08-07,1
57,2015-03-23,1
57,2015-04-20,1
57,2015-05-25,1
57,2015-06-08,1
57,2015-06-15,2
57,2015-06-29,2
57,2015-07-20,1
57,2015-08-10,1
57,2015-08-17,1
57,2015-08-24,1
57,2015-09-14,1
57,2015-09-21,1
57,2015-09-28,2
57,2015-10-26,1
57,2015-11-02,2
57,2015-11-16,1
57,2015-11-23,1
57,2015-11-30,1
57,2016-01-11,1
57,2016-01-25,1
57,2016-02-29,4
57,2016-04-11,1
57,2016-04-25,2
57,2016-05-02,1
57,2016-06-06,1
57,2016-06-27,1
57,2016-07-25,1
57,2016-10-03,1
57,2016-10-31,1
57,2016-11-07,1
57,2017-01-23,1
57,2017-02-27,1
57,2017-03-06,1
57,2017-03-20,1
57,2017-03-27,2
57,2017-04-17,2
57,2017-04-24,3
57,2017-05-08,1
57.0,2015-05-04,1
57.0,2015-06-08,1
57.0,2015-08-03,1
57.0,2016-02-29,1
57.0,2016-06-20,1
57.0,2016-09-26,2
57.0,2016-10-03,1
57.0,2016-12-12,1
57.0,2017-03-27,1
57.0,2017-04-03,1
57.0,2017-05-08,1
57.0,2017-05-22,2
57.0,2017-05-29,3
57.0,2017-06-12,1
57.0,2017-07-03,5
57.0,2017-07-10,3
57.0,2017-07-17,6
57.0,2017-07-24,1
57.0,2017-07-31,3
57.0,2017-08-14,2
57.0,2017-08-21,5
58,2015-03-16,3
58,2015-04-06,1
58,2015-04-13,2
58,2015-04-27,1
58,2015-05-11,1
58,2015-06-01,3
58,2015-06-22,1
58,2015-08-17,1
58,2015-09-14,1
58,2015-10-05,1
58,2015-10-19,2
58,2015-10-26,1
58,2015-11-02,2
58,2015-11-09,1
58,2015-12-07,1
58,2015-12-14,2
58,2016-02-01,1
58,2016-02-22,1
58,2016-03-21,1
58,2016-05-16,1
58,2016-05-23,1
58,2016-06-06,1
58,2016-07-04,1
58,2016-07-18,2
58,2016-08-01,1
58,2016-09-05,2
58,2016-09-26,2
58,2016-10-03,1
58,2016-10-31,1
58,2016-12-12,1
58,2017-01-09,1
58,2017-01-23,2
58,2017-02-06,1
58,2017-02-20,2
58,2017-02-27,1
58,2017-03-27,1
58,2017-04-10,1
58,2017-04-17,1
58.0,2015-03-23,1
58.0,2015-06-01,2
58.0,2015-07-06,1
58.0,2015-11-16,1
58.0,2016-03-21,1
58.0,2016-04-18,1
58.0,2016-05-02,1
58.0,2016-06-13,1
58.0,2016-06-20,1
58.0,2016-07-18,1
58.0,2016-12-05,1
58.0,2017-01-30,1
58.0,2017-05-15,1
58.0,2017-05-22,2
58.0,2017-06-12,2
58.0,2017-06-19,2
58.0,2017-06-26,1
58.0,2017-07-10,1
58.0,2017-07-24,1
58.0,2017-08-21,1
59,2015-03-16,5
59,2015-03-23,6
59,2015-03-30,3
59,2015-04-06,6
59,2015-04-13,3
59,2015-04-20,5
59,2015-04-27,2
59,2015-05-04,2
59,2015-05-11,1
59,2015-05-18,2
59,2015-05-25,2
59,2015-06-01,5
59,2015-06-08,3
59,2015-06-15,4
59,2015-06-22,3
59,2015-06-29,3
59,2015-07-06,2
59,2015-07-13,2
59,2015-07-20,3
59,2015-07-27,1
59,2015-08-03,5
59,2015-08-24,4
59,2015-08-31,4
59,2015-09-07,2
59,2015-09-14,1
59,2015-09-21,5
59,2015-09-28,5
59,2015-10-05,4
59,2015-10-12,3
59,2015-10-19,1
59,2015-10-26,3
59,2015-11-02,1
59,2015-11-09,3
59,2015-11-16,2
59,2015-11-23,3
59,2015-11-30,2
59,2015-12-14,3
59,2015-12-21,1
59,2016-01-04,5
59,2016-01-11,3
59,2016-01-25,6
59,2016-02-01,3
59,2016-02-08,2
59,2016-02-15,2
59,2016-02-22,5
59,2016-03-07,1
59,2016-03-14,2
59,2016-03-21,1
59,2016-03-28,1
59,2016-04-04,1
59,2016-04-11,5
59,2016-04-18,2
59,2016-04-25,4
59,2016-05-02,3
59,2016-05-09,4
59,2016-05-16,6
59,2016-05-23,2
59,2016-05-30,2
59,2016-06-06,1
59,2016-06-13,3
59,2016-06-20,2
59,2016-06-27,4
59,2016-07-04,2
59,2016-07-18,4
59,2016-07-25,3
59,2016-08-01,4
59,2016-08-08,6
59,2016-08-15,2
59,2016-08-22,3
59,2016-08-29,2
59,2016-09-05,3
59,2016-09-12,4
59,2016-09-19,1
59,2016-09-26,3
59,2016-10-03,1
59,2016-10-10,1
59,2016-10-17,7
59,2016-10-24,2
59,2016-10-31,1
59,2016-11-07,2
59,2016-11-14,1
59,2016-11-21,1
59,2016-11-28,2
59,2016-12-05,3
59,2016-12-12,1
59,2016-12-19,1
59,2016-12-26,3
59,2017-01-02,2
59,2017-01-09,2
59,2017-01-16,4
59,2017-01-23,3
59,2017-01-30,8
59,2017-02-06,2
59,2017-02-13,2
59,2017-02-20,3
59,2017-02-27,3
59,2017-03-06,3
59,2017-03-13,2
59,2017-03-20,4
59,2017-03-27,1
59,2017-04-03,2
59,2017-04-17,3
59,2017-04-24,5
59,2017-05-01,3
59,2017-05-08,3
59,2017-06-05,1
59.0,2015-03-30,1
59.0,2015-04-06,1
59.0,2015-04-27,1
59.0,2015-05-18,1
59.0,2015-06-01,1
59.0,2015-06-08,5
59.0,2015-06-15,1
59.0,2015-06-22,1
59.0,2015-07-06,2
59.0,2015-07-20,1
59.0,2015-08-24,1
59.0,2015-08-31,2
59.0,2015-09-07,2
59.0,2015-09-28,1
59.0,2015-10-05,1
59.0,2015-11-02,1
59.0,2015-11-09,1
59.0,2015-11-23,1
59.0,2015-11-30,1
59.0,2016-01-04,1
59.0,2016-01-11,1
59.0,2016-01-18,1
59.0,2016-01-25,2
59.0,2016-02-08,2
59.0,2016-02-15,1
59.0,2016-03-07,2
59.0,2016-04-04,1
59.0,2016-04-11,1
59.0,2016-04-25,1
59.0,2016-05-02,2
59.0,2016-05-16,1
59.0,2016-05-23,3
59.0,2016-05-30,1
59.0,2016-06-20,2
59.0,2016-06-27,3
59.0,2016-07-04,1
59.0,2016-08-01,2
59.0,2016-08-08,2
59.0,2016-08-15,3
59.0,2016-09-12,2
59.0,2016-09-26,1
59.0,2016-10-03,1
59.0,2016-10-17,2
59.0,2016-10-24,1
59.0,2016-11-07,1
59.0,2016-11-21,1
59.0,2017-01-23,2
59.0,2017-01-30,1
59.0,2017-02-06,1
59.0,2017-02-13,1
59.0,2017-02-27,2
59.0,2017-03-06,1
59.0,2017-03-20,2
59.0,2017-04-03,1
59.0,2017-04-17,1
59.0,2017-05-15,1
59.0,2017-05-29,7
59.0,2017-06-05,3
59.0,2017-06-12,4
59.0,2017-06-19,2
59.0,2017-07-03,2
59.0,2017-07-10,3
59.0,2017-07-17,6
59.0,2017-07-24,4
59.0,2017-07-31,2
59.0,2017-08-07,1
59.0,2017-08-14,1
59.0,2017-08-21,1
59.0,2017-08-28,1
6,2015-03-23,1
6,2015-05-11,1
6,2015-09-21,1
6,2016-01-11,3
6,2016-01-25,1
6,2016-02-29,1
6,2016-04-04,1
6,2016-04-11,5
6,2016-05-23,1
6,2016-06-20,1
6,2016-07-11,2
6,2016-07-25,1
6,2016-12-26,1
6,2017-01-23,2
6,2017-01-30,2
6,2017-02-20,1
6,2017-03-20,1
6,2017-03-27,2
6,2017-04-03,2
6,2017-04-10,1
6.0,2015-06-01,1
6.0,2015-09-21,2
6.0,2016-02-01,1
6.0,2016-02-29,1
6.0,2016-07-11,1
6.0,2016-12-05,1
6.0,2017-03-27,1
6.0,2017-04-10,1
6.0,2017-06-05,2
6.0,2017-07-10,3
60,2015-03-16,1
60,2015-03-23,2
60,2015-03-30,1
60,2015-04-13,3
60,2015-04-20,1
60,2015-04-27,2
60,2015-05-04,8
60,2015-05-11,4
60,2015-05-18,4
60,2015-05-25,4
60,2015-06-01,3
60,2015-06-08,2
60,2015-06-15,3
60,2015-06-22,2
60,2015-06-29,3
60,2015-07-06,5
60,2015-07-13,4
60,2015-07-20,4
60,2015-07-27,3
60,2015-08-03,2
60,2015-08-10,8
60,2015-08-17,5
60,2015-08-24,8
60,2015-08-31,5
60,2015-09-07,5
60,2015-09-14,7
60,2015-09-21,10
60,2015-09-28,6
60,2015-10-05,11
60,2015-10-12,2
60,2015-10-19,6
60,2015-10-26,6
60,2015-11-02,7
60,2015-11-09,6
60,2015-11-16,6
60,2015-11-23,4
60,2015-11-30,8
60,2015-12-07,12
60,2015-12-14,7
60,2015-12-21,5
60,2015-12-28,10
60,2016-01-04,8
60,2016-01-11,5
60,2016-01-18,8
60,2016-01-25,8
60,2016-02-01,13
60,2016-02-08,16
60,2016-02-15,3
60,2016-02-22,6
60,2016-02-29,13
60,2016-03-07,9
60,2016-03-14,8
60,2016-03-21,6
60,2016-03-28,7
60,2016-04-04,13
60,2016-04-11,10
60,2016-04-18,10
60,2016-04-25,3
60,2016-05-02,9
60,2016-05-09,5
60,2016-05-16,3
60,2016-05-23,7
60,2016-05-30,4
60,2016-06-06,6
60,2016-06-13,7
60,2016-06-20,2
60,2016-06-27,3
60,2016-07-04,3
60,2016-07-11,5
60,2016-07-18,4
60,2016-07-25,4
60,2016-08-01,8
60,2016-08-08,7
60,2016-08-15,11
60,2016-08-22,1
60,2016-08-29,4
60,2016-09-05,7
60,2016-09-12,7
60,2016-09-19,5
60,2016-09-26,8
60,2016-10-03,3
60,2016-10-10,4
60,2016-10-17,2
60,2016-10-24,6
60,2016-10-31,7
60,2016-11-07,2
60,2016-11-14,6
60,2016-11-21,5
60,2016-11-28,6
60,2016-12-05,9
60,2016-12-12,5
60,2016-12-19,6
60,2016-12-26,2
60,2017-01-02,4
60,2017-01-09,5
60,2017-01-16,2
60,2017-01-23,3
60,2017-01-30,3
60,2017-02-06,4
60,2017-02-13,4
60,2017-02-20,4
60,2017-02-27,7
60,2017-03-06,4
60,2017-03-13,6
60,2017-03-20,8
60,2017-03-27,2
60,2017-04-03,2
60,2017-04-10,3
60,2017-04-17,9
60,2017-04-24,6
60,2017-05-01,1
60,2017-05-08,3
60,2017-05-15,3
60,2017-05-22,1
60,2017-05-29,2
60,2017-06-19,1
60,2017-07-03,1
60.0,2015-03-16,1
60.0,2015-03-23,1
60.0,2015-03-30,2
60.0,2015-04-06,1
60.0,2015-04-13,1
60.0,2015-04-27,1
60.0,2015-05-04,2
60.0,2015-05-11,3
60.0,2015-06-01,1
60.0,2015-07-27,1
60.0,2015-08-03,2
60.0,2015-08-24,1
60.0,2015-08-31,7
60.0,2015-09-07,2
60.0,2015-09-14,3
60.0,2015-09-21,3
60.0,2015-09-28,2
60.0,2015-10-05,4
60.0,2015-10-26,2
60.0,2015-11-02,3
60.0,2015-11-16,1
60.0,2015-11-23,3
60.0,2015-11-30,3
60.0,2015-12-07,6
60.0,2015-12-14,2
60.0,2015-12-21,1
60.0,2015-12-28,1
60.0,2016-01-04,2
60.0,2016-01-11,2
60.0,2016-01-18,5
60.0,2016-01-25,2
60.0,2016-02-01,1
60.0,2016-02-08,3
60.0,2016-02-15,5
60.0,2016-02-22,4
60.0,2016-02-29,5
60.0,2016-03-07,2
60.0,2016-03-14,1
60.0,2016-03-21,2
60.0,2016-03-28,5
60.0,2016-04-04,4
60.0,2016-04-11,1
60.0,2016-04-18,3
60.0,2016-04-25,4
60.0,2016-05-02,3
60.0,2016-05-09,1
60.0,2016-05-16,3
60.0,2016-05-23,6
60.0,2016-05-30,2
60.0,2016-06-06,2
60.0,2016-06-13,1
60.0,2016-06-20,2
60.0,2016-06-27,1
60.0,2016-07-04,1
60.0,2016-07-18,3
60.0,2016-07-25,2
60.0,2016-08-01,1
60.0,2016-08-08,1
60.0,2016-08-22,1
60.0,2016-09-05,1
60.0,2016-09-12,1
60.0,2016-09-19,1
60.0,2016-09-26,4
60.0,2016-10-03,2
60.0,2016-10-10,1
60.0,2016-10-17,1
60.0,2016-10-24,2
60.0,2016-11-07,1
60.0,2016-11-14,2
60.0,2016-11-28,1
60.0,2016-12-05,1
60.0,2016-12-19,1
60.0,2016-12-26,1
60.0,2017-01-02,1
60.0,2017-01-09,3
60.0,2017-01-23,1
60.0,2017-02-06,1
60.0,2017-02-20,1
60.0,2017-03-13,1
60.0,2017-03-20,1
60.0,2017-03-27,2
60.0,2017-04-03,1
60.0,2017-04-10,1
60.0,2017-04-17,1
60.0,2017-05-01,1
60.0,2017-05-15,7
60.0,2017-05-22,7
60.0,2017-05-29,7
60.0,2017-06-05,2
60.0,2017-06-12,9
60.0,2017-06-19,4
60.0,2017-06-26,2
60.0,2017-07-03,3
60.0,2017-07-10,4
60.0,2017-07-17,4
60.0,2017-07-24,7
60.0,2017-07-31,4
60.0,2017-08-07,1
60.0,2017-08-14,2
60.0,2017-08-21,1
60.0,2017-09-25,1
61,2015-04-06,1
61,2015-04-13,1
61,2015-04-20,2
61,2015-05-11,1
61,2015-06-01,1
61,2015-06-08,2
61,2015-06-22,1
61,2015-06-29,2
61,2015-07-20,1
61,2015-07-27,2
61,2015-08-03,2
61,2015-08-10,1
61,2015-08-17,3
61,2015-08-24,2
61,2015-09-07,1
61,2015-09-21,3
61,2015-10-05,1
61,2015-10-19,1
61,2015-11-02,1
61,2015-11-16,1
61,2015-11-23,1
61,2015-11-30,1
61,2015-12-07,2
61,2015-12-21,2
61,2016-01-04,1
61,2016-01-11,1
61,2016-02-01,3
61,2016-02-08,1
61,2016-02-29,1
61,2016-03-07,2
61,2016-03-21,1
61,2016-04-18,1
61,2016-05-09,2
61,2016-05-16,2
61,2016-06-06,1
61,2016-06-20,2
61,2016-06-27,1
61,2016-07-11,1
61,2016-07-18,1
61,2016-07-25,2
61,2016-08-01,1
61,2016-08-15,1
61,2016-08-29,1
61,2016-09-12,1
61,2016-09-19,2
61,2016-09-26,1
61,2016-10-10,2
61,2016-10-17,1
61,2016-11-14,2
61,2016-11-28,1
61,2016-12-12,2
61,2016-12-19,2
61,2017-01-09,1
61,2017-01-16,1
61,2017-01-23,1
61,2017-01-30,1
61,2017-02-13,1
61,2017-02-27,1
61,2017-03-06,1
61,2017-03-13,2
61,2017-03-27,1
61,2017-04-17,1
61,2017-05-01,1
61.0,2015-04-06,1
61.0,2015-04-27,1
61.0,2015-05-04,1
61.0,2015-05-18,1
61.0,2015-07-20,1
61.0,2015-09-21,1
61.0,2015-10-05,1
61.0,2015-10-19,1
61.0,2015-11-02,1
61.0,2016-01-25,1
61.0,2016-03-21,1
61.0,2016-04-04,1
61.0,2016-08-22,1
61.0,2016-08-29,2
61.0,2016-09-19,1
61.0,2016-10-03,1
61.0,2016-10-31,1
61.0,2016-11-21,1
61.0,2016-12-19,1
61.0,2017-02-06,1
61.0,2017-02-27,1
61.0,2017-03-13,1
61.0,2017-05-01,1
61.0,2017-05-08,1
61.0,2017-05-22,2
61.0,2017-06-05,1
61.0,2017-06-19,3
61.0,2017-06-26,1
62,2015-03-16,1
62,2015-03-30,1
62,2015-05-18,1
62,2015-06-08,1
62,2015-06-15,2
62,2015-06-22,1
62,2015-06-29,1
62,2015-07-20,1
62,2015-08-03,2
62,2015-08-10,1
62,2015-08-17,1
62,2015-08-24,1
62,2015-09-14,1
62,2015-09-21,1
62,2015-10-26,1
62,2015-12-07,1
62,2015-12-14,2
62,2016-01-04,1
62,2016-02-01,1
62,2016-02-08,2
62,2016-02-29,2
62,2016-03-14,1
62,2016-03-21,1
62,2016-04-04,1
62,2016-04-11,2
62,2016-05-16,1
62,2016-08-08,1
62,2016-10-03,1
62,2016-10-10,1
62,2016-10-17,1
62,2016-11-21,1
62,2016-12-12,1
62,2017-01-09,1
62,2017-01-23,1
62,2017-01-30,1
62,2017-04-17,1
62,2017-05-01,2
62.0,2015-06-08,1
62.0,2016-05-09,1
62.0,2016-12-26,2
62.0,2017-01-23,1
62.0,2017-01-30,1
62.0,2017-02-27,1
62.0,2017-03-27,1
62.0,2017-06-05,2
62.0,2017-07-03,1
62.0,2017-07-17,1
62.0,2017-08-07,1
62.0,2017-09-04,1
63,2015-04-20,1
63,2015-05-11,1
63,2015-05-18,1
63,2015-06-15,1
63,2015-06-22,1
63,2015-07-06,1
63,2015-11-02,1
63,2015-12-14,1
63,2016-01-04,1
63,2016-01-25,1
63,2016-02-15,1
63,2016-02-22,1
63,2016-03-07,1
63,2016-03-21,1
63,2016-05-02,1
63,2016-05-16,1
63,2016-07-18,1
63,2016-08-08,2
63,2016-08-22,2
63,2016-08-29,2
63,2016-11-07,5
63,2016-11-14,1
63,2016-11-21,3
63,2016-11-28,2
63,2016-12-05,2
63,2016-12-12,3
63,2016-12-19,1
63,2017-01-02,5
63,2017-01-16,1
63,2017-01-23,2
63,2017-01-30,1
63,2017-02-06,1
63,2017-02-13,3
63,2017-02-20,1
63,2017-02-27,1
63,2017-03-06,2
63,2017-03-20,1
63,2017-03-27,2
63,2017-04-03,1
63,2017-04-24,2
63,2017-05-15,1
63.0,2016-01-11,1
63.0,2016-04-25,1
63.0,2016-10-17,1
63.0,2016-10-24,1
63.0,2016-10-31,1
63.0,2016-11-14,1
63.0,2016-11-21,1
63.0,2016-11-28,1
63.0,2016-12-19,1
63.0,2017-01-16,1
63.0,2017-02-27,1
63.0,2017-05-22,2
63.0,2017-06-12,1
63.0,2017-06-26,2
63.0,2017-07-10,1
63.0,2017-07-17,2
63.0,2017-07-31,1
63.0,2017-08-07,1
63.0,2017-08-14,1
63.0,2017-09-04,1
64,2015-07-06,1
64,2015-07-27,1
64,2015-08-03,1
64,2015-08-31,2
64,2015-10-12,1
64,2015-10-19,1
64,2015-12-28,1
64,2016-01-25,1
64,2016-05-30,1
64,2016-06-27,1
64,2016-07-11,1
64,2016-07-18,1
64,2016-08-29,1
64,2016-09-05,1
64,2016-10-17,1
64,2016-10-24,1
64,2016-12-19,1
64,2017-03-06,2
64,2017-03-13,3
64,2017-03-27,1
64,2017-04-24,1
64,2017-05-22,1
64.0,2015-09-28,1
64.0,2015-11-09,1
64.0,2016-06-13,1
64.0,2016-09-19,1
64.0,2017-01-09,1
64.0,2017-07-17,1
64.0,2017-07-24,2
64.0,2017-07-31,1
65,2015-04-20,2
65,2015-04-27,1
65,2015-05-11,1
65,2015-08-10,1
65,2015-08-24,2
65,2015-09-07,1
65,2015-09-21,1
65,2015-09-28,1
65,2015-10-26,1
65,2015-11-02,1
65,2015-11-09,1
65,2016-04-11,1
65,2016-06-20,2
65,2016-06-27,2
65,2016-07-11,2
65,2016-09-26,2
65,2016-10-24,2
65,2016-10-31,1
65,2016-11-28,1
65,2016-12-05,1
65,2016-12-12,1
65,2016-12-26,1
65,2017-01-02,3
65,2017-01-09,1
65,2017-01-30,1
65,2017-02-06,1
65,2017-02-27,2
65,2017-03-06,1
65,2017-03-13,2
65,2017-03-20,1
65,2017-03-27,1
65,2017-04-03,1
65,2017-04-10,2
65,2017-04-17,2
65,2017-04-24,1
65,2017-05-01,3
65,2017-05-08,3
65,2017-05-15,1
65.0,2015-08-03,1
65.0,2015-08-10,1
65.0,2016-05-09,1
65.0,2016-08-08,1
65.0,2016-10-17,1
65.0,2016-10-24,1
65.0,2016-10-31,1
65.0,2017-01-23,1
65.0,2017-02-27,1
65.0,2017-03-13,1
65.0,2017-04-03,1
65.0,2017-04-10,1
65.0,2017-04-17,1
65.0,2017-05-15,1
65.0,2017-05-22,1
65.0,2017-06-05,1
65.0,2017-06-12,1
65.0,2017-06-19,3
65.0,2017-06-26,2
65.0,2017-07-03,3
65.0,2017-07-10,6
65.0,2017-07-24,1
65.0,2017-07-31,1
65.0,2017-08-07,1
65.0,2017-08-14,1
65.0,2017-08-21,2
66,2015-04-27,1
66,2015-10-26,1
66,2016-01-11,1
66,2016-01-25,1
66,2016-02-08,1
66,2016-02-15,1
66,2016-02-29,1
66,2016-03-28,1
66,2016-05-02,1
66,2016-05-23,2
66,2016-05-30,1
66,2016-06-27,1
66,2016-08-08,2
66,2016-09-19,1
66,2016-10-10,1
66,2016-12-19,1
66,2017-01-02,1
66,2017-02-06,1
66,2017-02-13,1
66,2017-03-13,1
66,2017-03-27,1
66,2017-04-24,2
66.0,2015-03-23,1
66.0,2015-06-22,1
66.0,2015-08-31,1
66.0,2015-11-09,1
66.0,2016-09-12,1
66.0,2016-10-10,1
66.0,2016-12-12,1
66.0,2017-02-20,1
66.0,2017-05-15,1
66.0,2017-06-05,1
66.0,2017-06-12,1
66.0,2017-07-10,2
67,2015-03-23,1
67,2016-01-11,1
67,2016-03-07,1
67,2016-03-14,1
67,2016-03-21,5
67,2016-03-28,5
67,2016-04-11,1
67,2016-04-18,3
67,2016-04-25,1
67,2016-05-02,2
67,2016-05-09,3
67,2016-05-16,5
67,2016-07-11,1
67,2016-07-18,1
67,2016-08-08,1
67,2016-11-14,1
67,2016-11-28,1
67,2017-04-10,1
67.0,2016-04-18,1
67.0,2016-07-25,1
67.0,2016-10-17,1
67.0,2016-11-21,1
67.0,2017-05-15,1
68,2015-03-23,1
68,2015-03-30,1
68,2015-04-20,1
68,2015-05-04,4
68,2015-05-11,1
68,2015-05-18,2
68,2015-06-01,1
68,2015-06-08,4
68,2015-06-15,3
68,2015-06-22,2
68,2015-06-29,1
68,2015-07-06,1
68,2015-07-13,1
68,2015-07-27,1
68,2015-08-03,2
68,2015-08-10,2
68,2015-08-31,3
68,2015-09-07,1
68,2015-09-21,1
68,2015-10-19,2
68,2015-10-26,2
68,2015-11-02,1
68,2015-11-09,2
68,2015-11-16,2
68,2015-12-14,2
68,2015-12-28,1
68,2016-01-04,1
68,2016-01-11,1
68,2016-01-18,1
68,2016-01-25,1
68,2016-02-01,1
68,2016-02-22,1
68,2016-02-29,4
68,2016-03-14,1
68,2016-03-21,3
68,2016-03-28,1
68,2016-04-04,4
68,2016-04-18,4
68,2016-05-02,1
68,2016-05-09,2
68,2016-05-16,4
68,2016-05-23,4
68,2016-05-30,1
68,2016-06-06,1
68,2016-06-13,2
68,2016-06-27,2
68,2016-07-11,1
68,2016-07-18,2
68,2016-08-01,3
68,2016-08-15,3
68,2016-08-22,1
68,2016-08-29,2
68,2016-09-05,2
68,2016-09-12,4
68,2016-09-19,2
68,2016-09-26,2
68,2016-10-03,1
68,2016-10-24,2
68,2016-10-31,3
68,2016-11-07,2
68,2016-11-14,1
68,2016-11-21,2
68,2016-11-28,2
68,2016-12-05,3
68,2016-12-19,2
68,2017-01-02,2
68,2017-01-09,1
68,2017-01-16,1
68,2017-01-23,10
68,2017-01-30,5
68,2017-02-06,1
68,2017-02-13,1
68,2017-02-20,3
68,2017-02-27,2
68,2017-03-06,4
68,2017-03-20,1
68,2017-03-27,4
68,2017-04-03,1
68,2017-04-10,1
68,2017-04-17,5
68,2017-04-24,4
68,2017-05-01,6
68,2017-05-08,3
68.0,2015-06-01,1
68.0,2015-06-22,1
68.0,2015-07-27,1
68.0,2015-08-03,1
68.0,2015-09-14,1
68.0,2015-10-12,1
68.0,2015-10-19,1
68.0,2015-10-26,1
68.0,2015-11-02,1
68.0,2015-11-09,1
68.0,2015-12-14,1
68.0,2016-01-04,1
68.0,2016-01-11,2
68.0,2016-01-18,2
68.0,2016-01-25,1
68.0,2016-02-08,2
68.0,2016-03-28,1
68.0,2016-04-11,1
68.0,2016-05-02,1
68.0,2016-05-23,2
68.0,2016-06-06,1
68.0,2016-07-18,2
68.0,2016-08-08,1
68.0,2016-08-15,1
68.0,2016-08-29,1
68.0,2016-09-19,2
68.0,2016-10-03,2
68.0,2016-10-10,2
68.0,2016-11-28,1
68.0,2016-12-26,1
68.0,2017-03-06,1
68.0,2017-03-20,2
68.0,2017-04-03,1
68.0,2017-04-10,1
68.0,2017-05-15,1
68.0,2017-05-29,2
68.0,2017-06-05,1
68.0,2017-06-12,2
68.0,2017-06-19,5
68.0,2017-06-26,1
68.0,2017-07-03,1
68.0,2017-07-10,3
68.0,2017-07-17,3
68.0,2017-07-24,1
68.0,2017-07-31,2
68.0,2017-08-07,2
68.0,2017-08-21,1
68.0,2017-08-28,1
69,2015-03-16,20
69,2015-03-23,25
69,2015-03-30,40
69,2015-04-06,26
69,2015-04-13,36
69,2015-04-20,32
69,2015-04-27,24
69,2015-05-04,42
69,2015-05-11,36
69,2015-05-18,39
69,2015-05-25,32
69,2015-06-01,30
69,2015-06-08,36
69,2015-06-15,36
69,2015-06-22,55
69,2015-06-29,29
69,2015-07-06,37
69,2015-07-13,39
69,2015-07-20,32
69,2015-07-27,36
69,2015-08-03,39
69,2015-08-10,38
69,2015-08-17,44
69,2015-08-24,42
69,2015-08-31,32
69,2015-09-07,29
69,2015-09-14,40
69,2015-09-21,38
69,2015-09-28,37
69,2015-10-05,38
69,2015-10-12,30
69,2015-10-19,26
69,2015-10-26,39
69,2015-11-02,40
69,2015-11-09,42
69,2015-11-16,27
69,2015-11-23,36
69,2015-11-30,29
69,2015-12-07,36
69,2015-12-14,32
69,2015-12-21,26
69,2015-12-28,27
69,2016-01-04,31
69,2016-01-11,32
69,2016-01-18,41
69,2016-01-25,49
69,2016-02-01,36
69,2016-02-08,33
69,2016-02-15,39
69,2016-02-22,42
69,2016-02-29,30
69,2016-03-07,25
69,2016-03-14,38
69,2016-03-21,39
69,2016-03-28,37
69,2016-04-04,36
69,2016-04-11,28
69,2016-04-18,35
69,2016-04-25,34
69,2016-05-02,40
69,2016-05-09,30
69,2016-05-16,38
69,2016-05-23,42
69,2016-05-30,38
69,2016-06-06,27
69,2016-06-13,31
69,2016-06-20,42
69,2016-06-27,36
69,2016-07-04,39
69,2016-07-11,32
69,2016-07-18,35
69,2016-07-25,49
69,2016-08-01,22
69,2016-08-08,40
69,2016-08-15,29
69,2016-08-22,39
69,2016-08-29,46
69,2016-09-05,89
69,2016-09-12,105
69,2016-09-19,111
69,2016-09-26,132
69,2016-10-03,90
69,2016-10-10,79
69,2016-10-17,85
69,2016-10-24,86
69,2016-10-31,61
69,2016-11-07,49
69,2016-11-14,39
69,2016-11-21,38
69,2016-11-28,38
69,2016-12-05,60
69,2016-12-12,59
69,2016-12-19,54
69,2016-12-26,46
69,2017-01-02,45
69,2017-01-09,52
69,2017-01-16,50
69,2017-01-23,57
69,2017-01-30,43
69,2017-02-06,41
69,2017-02-13,46
69,2017-02-20,40
69,2017-02-27,55
69,2017-03-06,52
69,2017-03-13,46
69,2017-03-20,40
69,2017-03-27,38
69,2017-04-03,41
69,2017-04-10,53
69,2017-04-17,45
69,2017-04-24,67
69,2017-05-01,56
69,2017-05-08,51
69,2017-05-15,24
69,2017-05-22,4
69,2017-05-29,4
69,2017-06-05,2
69,2017-06-12,3
69,2017-06-19,3
69,2017-06-26,1
69,2017-07-03,3
69,2017-07-10,4
69.0,2015-03-16,3
69.0,2015-03-23,3
69.0,2015-03-30,6
69.0,2015-04-06,6
69.0,2015-04-13,10
69.0,2015-04-20,9
69.0,2015-04-27,10
69.0,2015-05-04,10
69.0,2015-05-11,6
69.0,2015-05-18,8
69.0,2015-05-25,9
69.0,2015-06-01,6
69.0,2015-06-08,8
69.0,2015-06-15,17
69.0,2015-06-22,9
69.0,2015-06-29,1
69.0,2015-07-06,14
69.0,2015-07-13,12
69.0,2015-07-20,14
69.0,2015-07-27,5
69.0,2015-08-03,14
69.0,2015-08-10,12
69.0,2015-08-17,14
69.0,2015-08-24,5
69.0,2015-08-31,13
69.0,2015-09-07,6
69.0,2015-09-14,10
69.0,2015-09-21,9
69.0,2015-09-28,14
69.0,2015-10-05,8
69.0,2015-10-12,3
69.0,2015-10-19,11
69.0,2015-10-26,9
69.0,2015-11-02,9
69.0,2015-11-09,10
69.0,2015-11-16,6
69.0,2015-11-23,7
69.0,2015-11-30,9
69.0,2015-12-07,12
69.0,2015-12-14,3
69.0,2015-12-21,4
69.0,2015-12-28,4
69.0,2016-01-04,18
69.0,2016-01-11,11
69.0,2016-01-18,8
69.0,2016-01-25,10
69.0,2016-02-01,7
69.0,2016-02-08,10
69.0,2016-02-15,5
69.0,2016-02-22,12
69.0,2016-02-29,8
69.0,2016-03-07,12
69.0,2016-03-14,3
69.0,2016-03-21,6
69.0,2016-03-28,6
69.0,2016-04-04,10
69.0,2016-04-11,11
69.0,2016-04-18,10
69.0,2016-04-25,9
69.0,2016-05-02,10
69.0,2016-05-09,15
69.0,2016-05-16,16
69.0,2016-05-23,13
69.0,2016-05-30,8
69.0,2016-06-06,10
69.0,2016-06-13,12
69.0,2016-06-20,17
69.0,2016-06-27,9
69.0,2016-07-04,12
69.0,2016-07-11,5
69.0,2016-07-18,9
69.0,2016-07-25,2
69.0,2016-08-01,3
69.0,2016-08-08,11
69.0,2016-08-15,6
69.0,2016-08-22,16
69.0,2016-08-29,9
69.0,2016-09-05,24
69.0,2016-09-12,41
69.0,2016-09-19,19
69.0,2016-09-26,30
69.0,2016-10-03,32
69.0,2016-10-10,20
69.0,2016-10-17,14
69.0,2016-10-24,16
69.0,2016-10-31,25
69.0,2016-11-07,11
69.0,2016-11-14,12
69.0,2016-11-21,10
69.0,2016-11-28,19
69.0,2016-12-05,13
69.0,2016-12-12,14
69.0,2016-12-19,9
69.0,2016-12-26,8
69.0,2017-01-02,10
69.0,2017-01-09,8
69.0,2017-01-16,14
69.0,2017-01-23,15
69.0,2017-01-30,12
69.0,2017-02-06,13
69.0,2017-02-13,10
69.0,2017-02-20,8
69.0,2017-02-27,7
69.0,2017-03-06,10
69.0,2017-03-13,14
69.0,2017-03-20,7
69.0,2017-03-27,8
69.0,2017-04-03,4
69.0,2017-04-10,9
69.0,2017-04-17,3
69.0,2017-04-24,6
69.0,2017-05-01,6
69.0,2017-05-08,9
69.0,2017-05-15,22
69.0,2017-05-22,43
69.0,2017-05-29,30
69.0,2017-06-05,39
69.0,2017-06-12,52
69.0,2017-06-19,53
69.0,2017-06-26,36
69.0,2017-07-03,34
69.0,2017-07-10,46
69.0,2017-07-17,46
69.0,2017-07-24,43
69.0,2017-07-31,52
69.0,2017-08-07,20
69.0,2017-08-14,21
69.0,2017-08-21,12
69.0,2017-08-28,7
69.0,2017-09-04,11
69.0,2017-09-11,1
69.0,2017-09-18,5
69.0,2017-09-25,3
69.0,2017-10-30,2
7,2015-05-11,1
7,2015-06-01,1
7,2015-07-06,2
7,2015-07-27,1
7,2015-08-31,1
7,2015-09-14,1
7,2015-09-28,1
7,2015-10-05,1
7,2015-10-12,1
7,2015-10-19,2
7,2015-11-23,1
7,2015-11-30,1
7,2015-12-14,1
7,2015-12-28,1
7,2016-01-18,1
7,2016-02-01,1
7,2016-02-15,1
7,2016-04-04,1
7,2016-04-11,1
7,2016-06-06,2
7,2016-06-13,1
7,2016-07-11,1
7,2016-07-18,1
7,2016-08-22,1
7,2016-09-19,1
7,2016-10-31,2
7,2016-12-26,1
7,2017-01-02,1
7,2017-01-16,1
7,2017-01-23,1
7,2017-02-06,1
7,2017-02-20,1
7,2017-03-27,1
7,2017-04-24,1
7,2017-05-01,1
7,2017-05-08,1
7.0,2015-04-06,1
7.0,2015-05-25,1
7.0,2015-07-06,1
7.0,2015-11-02,1
7.0,2015-11-30,1
7.0,2015-12-14,1
7.0,2016-05-09,1
7.0,2016-06-13,1
7.0,2016-08-29,1
7.0,2016-11-07,1
7.0,2016-12-19,1
7.0,2017-01-09,1
7.0,2017-06-05,1
7.0,2017-07-24,2
70,2015-03-23,1
70,2015-04-13,1
70,2015-04-20,2
70,2015-05-11,1
70,2015-05-18,1
70,2015-05-25,1
70,2015-06-15,1
70,2015-06-22,1
70,2015-07-06,1
70,2015-07-20,2
70,2015-08-17,1
70,2015-08-31,1
70,2015-09-07,2
70,2015-09-28,1
70,2015-10-19,2
70,2015-11-16,2
70,2015-11-23,1
70,2016-01-04,1
70,2016-01-11,1
70,2016-01-18,1
70,2016-01-25,1
70,2016-02-01,1
70,2016-02-08,1
70,2016-02-15,2
70,2016-02-22,2
70,2016-03-07,1
70,2016-03-14,1
70,2016-03-21,1
70,2016-03-28,1
70,2016-04-04,1
70,2016-04-18,1
70,2016-05-30,2
70,2016-07-04,2
70,2016-08-08,2
70,2016-08-22,1
70,2016-09-19,3
70,2016-09-26,1
70,2016-10-03,1
70,2016-10-24,1
70,2016-10-31,1
70,2016-11-07,1
70,2016-11-14,3
70,2016-11-28,2
70,2017-01-02,1
70,2017-01-23,1
70,2017-01-30,1
70,2017-02-06,1
70,2017-02-13,2
70,2017-02-20,2
70,2017-02-27,2
70,2017-03-06,2
70,2017-03-13,2
70,2017-03-20,4
70,2017-04-10,1
70,2017-04-17,2
70,2017-04-24,3
70,2017-05-01,3
70,2017-05-22,1
70.0,2015-03-30,1
70.0,2015-04-13,1
70.0,2015-06-29,1
70.0,2015-07-13,1
70.0,2015-10-05,1
70.0,2015-11-02,1
70.0,2015-11-23,1
70.0,2015-11-30,1
70.0,2015-12-21,1
70.0,2016-02-08,1
70.0,2016-02-22,1
70.0,2016-09-19,1
70.0,2016-09-26,1
70.0,2017-01-16,1
70.0,2017-02-20,1
70.0,2017-03-13,1
70.0,2017-04-03,1
70.0,2017-05-22,1
70.0,2017-05-29,4
70.0,2017-06-05,2
70.0,2017-06-12,1
70.0,2017-06-19,1
70.0,2017-06-26,2
70.0,2017-07-03,1
70.0,2017-07-10,4
70.0,2017-07-17,2
70.0,2017-07-24,3
70.0,2017-08-14,1
70.0,2017-08-21,1
70.0,2017-08-28,1
71,2015-03-30,1
71,2015-04-27,1
71,2015-05-04,2
71,2015-05-25,1
71,2015-08-10,1
71,2015-08-17,2
71,2015-12-28,1
71,2016-03-28,1
71,2016-04-04,1
71,2016-05-23,1
71,2016-05-30,1
71,2016-09-05,1
71,2016-09-26,1
71,2016-10-10,2
71,2017-01-30,1
71,2017-03-20,1
71,2017-04-17,2
71,2017-04-24,2
71,2017-05-08,1
71,2017-05-22,1
71.0,2016-04-25,1
71.0,2016-06-27,1
71.0,2016-07-25,1
71.0,2016-08-29,1
71.0,2017-01-09,1
71.0,2017-03-13,1
71.0,2017-03-20,1
71.0,2017-05-15,3
71.0,2017-06-19,1
71.0,2017-07-17,1
71.0,2017-07-31,1
71.0,2017-08-07,2
72,2015-03-16,1
72,2015-03-23,1
72,2015-03-30,3
72,2015-04-13,2
72,2015-04-20,2
72,2015-04-27,2
72,2015-05-11,2
72,2015-05-18,1
72,2015-05-25,5
72,2015-06-01,1
72,2015-06-08,1
72,2015-06-15,3
72,2015-06-22,1
72,2015-06-29,1
72,2015-07-13,2
72,2015-07-20,3
72,2015-07-27,2
72,2015-08-03,1
72,2015-08-10,2
72,2015-08-31,3
72,2015-09-07,2
72,2015-09-14,1
72,2015-09-21,1
72,2015-09-28,2
72,2015-10-12,1
72,2015-10-19,1
72,2015-10-26,2
72,2015-11-09,3
72,2015-11-16,2
72,2015-12-07,2
72,2015-12-14,2
72,2015-12-28,2
72,2016-01-04,1
72,2016-01-11,1
72,2016-02-01,4
72,2016-02-08,2
72,2016-02-15,2
72,2016-02-22,2
72,2016-02-29,3
72,2016-03-07,1
72,2016-03-14,1
72,2016-03-21,1
72,2016-03-28,2
72,2016-04-04,1
72,2016-04-18,1
72,2016-05-02,2
72,2016-05-09,2
72,2016-05-16,1
72,2016-05-23,1
72,2016-06-06,2
72,2016-06-13,1
72,2016-06-20,1
72,2016-06-27,1
72,2016-07-11,2
72,2016-07-18,1
72,2016-07-25,2
72,2016-08-01,1
72,2016-08-08,3
72,2016-08-15,2
72,2016-08-22,2
72,2016-08-29,1
72,2016-09-05,2
72,2016-09-19,2
72,2016-09-26,2
72,2016-10-03,2
72,2016-10-10,1
72,2016-10-24,3
72,2016-10-31,1
72,2016-11-07,1
72,2016-11-14,1
72,2016-11-21,2
72,2016-11-28,2
72,2016-12-12,4
72,2017-01-02,2
72,2017-01-16,3
72,2017-02-06,1
72,2017-03-06,2
72,2017-03-20,2
72,2017-03-27,6
72,2017-04-03,5
72,2017-04-10,3
72,2017-04-17,1
72,2017-04-24,1
72,2017-05-01,3
72,2017-05-08,3
72.0,2015-03-23,1
72.0,2015-04-13,2
72.0,2015-04-20,1
72.0,2015-04-27,1
72.0,2015-06-01,1
72.0,2015-06-08,1
72.0,2015-06-15,2
72.0,2015-06-22,1
72.0,2015-10-12,1
72.0,2015-10-26,1
72.0,2015-11-30,1
72.0,2015-12-07,1
72.0,2015-12-14,1
72.0,2015-12-21,1
72.0,2016-02-08,2
72.0,2016-02-29,1
72.0,2016-04-11,2
72.0,2016-05-02,1
72.0,2016-06-20,1
72.0,2016-08-22,1
72.0,2016-09-19,1
72.0,2016-09-26,1
72.0,2016-11-07,1
72.0,2016-12-12,1
72.0,2017-01-09,1
72.0,2017-03-13,2
72.0,2017-03-20,1
72.0,2017-04-03,1
72.0,2017-05-01,2
72.0,2017-05-15,1
72.0,2017-05-22,4
72.0,2017-05-29,2
72.0,2017-06-05,3
72.0,2017-07-03,2
72.0,2017-07-10,1
72.0,2017-07-24,2
72.0,2017-07-31,1
72.0,2017-08-14,2
72.0,2017-08-21,1
72.0,2017-09-04,1
73,2015-05-11,1
73,2015-05-18,1
73,2015-06-22,1
73,2015-08-10,1
73,2015-09-07,1
73,2015-11-09,1
73,2016-02-08,1
73,2016-03-07,1
73,2016-04-11,2
73,2016-04-18,1
73,2016-05-02,1
73,2016-05-09,1
73,2016-07-04,1
73,2016-07-11,1
73,2016-09-26,1
73,2016-10-17,1
73,2016-12-05,1
73,2017-01-23,1
73,2017-03-06,1
73,2017-03-13,1
73,2017-03-27,1
73.0,2015-03-16,1
73.0,2015-04-06,1
73.0,2015-06-15,1
73.0,2015-08-31,1
73.0,2016-05-02,1
73.0,2016-08-01,1
73.0,2016-09-19,2
73.0,2016-11-14,1
73.0,2017-06-12,1
73.0,2017-07-24,1
73.0,2017-08-07,1
74,2015-03-30,2
74,2015-04-20,1
74,2015-04-27,1
74,2015-05-25,1
74,2015-07-13,2
74,2015-07-20,1
74,2015-08-10,2
74,2015-08-17,1
74,2015-08-24,1
74,2015-08-31,1
74,2015-10-05,1
74,2015-11-02,3
74,2015-12-21,1
74,2015-12-28,1
74,2016-01-04,1
74,2016-01-11,2
74,2016-01-25,1
74,2016-02-01,1
74,2016-03-07,1
74,2016-05-23,1
74,2016-06-20,1
74,2016-07-04,2
74,2016-08-15,1
74,2016-08-29,1
74,2016-09-05,1
74,2016-09-19,1
74,2016-10-03,1
74,2016-10-31,3
74,2016-11-07,2
74,2016-11-14,2
74,2016-12-05,2
74,2016-12-19,3
74,2016-12-26,1
74,2017-01-09,6
74,2017-01-16,2
74,2017-01-23,1
74,2017-01-30,3
74,2017-02-06,2
74,2017-02-13,1
74,2017-02-27,2
74,2017-03-06,2
74,2017-03-13,1
74,2017-03-20,1
74,2017-04-10,4
74,2017-05-01,2
74.0,2015-05-25,1
74.0,2015-06-08,1
74.0,2015-08-24,1
74.0,2016-02-15,1
74.0,2016-03-14,1
74.0,2016-04-18,1
74.0,2016-09-19,1
74.0,2016-09-26,1
74.0,2016-10-17,1
74.0,2016-10-31,2
74.0,2016-11-07,1
74.0,2016-11-14,3
74.0,2016-12-19,1
74.0,2017-01-23,1
74.0,2017-01-30,1
74.0,2017-02-06,2
74.0,2017-02-27,1
74.0,2017-05-22,3
74.0,2017-07-24,1
75,2015-03-16,2
75,2015-03-23,1
75,2015-04-06,1
75,2015-04-13,2
75,2015-04-20,1
75,2015-05-04,2
75,2015-05-11,1
75,2015-05-25,1
75,2015-06-08,2
75,2015-06-22,1
75,2015-07-06,2
75,2015-07-20,1
75,2015-08-03,1
75,2015-08-10,1
75,2015-09-14,1
75,2015-10-05,1
75,2015-10-12,1
75,2015-11-02,1
75,2015-11-09,1
75,2015-11-16,1
75,2015-11-30,2
75,2015-12-07,2
75,2015-12-14,1
75,2015-12-21,2
75,2015-12-28,1
75,2016-01-04,1
75,2016-01-11,1
75,2016-01-18,1
75,2016-01-25,3
75,2016-02-01,1
75,2016-02-08,1
75,2016-02-29,1
75,2016-03-14,1
75,2016-03-21,1
75,2016-03-28,1
75,2016-04-25,1
75,2016-05-02,1
75,2016-05-23,1
75,2016-06-27,3
75,2016-07-04,1
75,2016-07-25,2
75,2016-08-08,3
75,2016-09-05,2
75,2016-10-03,1
75,2016-10-10,1
75,2016-11-14,1
75,2016-12-05,1
75,2017-01-23,2
75,2017-05-08,1
75.0,2015-03-30,1
75.0,2015-04-06,1
75.0,2015-05-25,1
75.0,2015-06-15,1
75.0,2015-06-29,2
75.0,2015-10-12,1
75.0,2015-11-09,1
75.0,2016-01-25,1
75.0,2016-02-01,1
75.0,2016-02-08,1
75.0,2016-03-21,1
75.0,2016-06-27,1
75.0,2016-08-22,1
75.0,2017-06-26,1
75.0,2017-07-03,2
75.0,2017-07-10,1
76,2015-04-06,1
76,2015-04-13,2
76,2015-05-18,2
76,2015-06-01,1
76,2015-06-15,1
76,2015-06-22,1
76,2015-07-06,1
76,2015-07-20,1
76,2015-07-27,1
76,2015-08-17,1
76,2015-08-31,1
76,2015-09-07,1
76,2015-09-28,1
76,2015-10-19,1
76,2015-10-26,1
76,2015-11-02,2
76,2015-11-16,1
76,2015-11-23,1
76,2015-11-30,1
76,2015-12-14,2
76,2015-12-21,1
76,2015-12-28,1
76,2016-01-04,1
76,2016-01-11,1
76,2016-01-25,2
76,2016-02-01,1
76,2016-02-15,2
76,2016-02-22,2
76,2016-02-29,1
76,2016-03-14,1
76,2016-03-21,1
76,2016-04-11,1
76,2016-04-25,2
76,2016-05-30,1
76,2016-06-13,1
76,2016-06-27,2
76,2016-07-04,2
76,2016-07-11,1
76,2016-07-25,1
76,2016-08-08,1
76,2016-08-15,1
76,2016-08-22,1
76,2016-08-29,2
76,2016-09-05,2
76,2016-09-12,1
76,2016-10-10,1
76,2016-10-31,1
76,2016-11-07,1
76,2016-11-21,1
76,2016-11-28,1
76,2016-12-12,2
76,2016-12-19,2
76,2017-01-02,1
76,2017-01-30,1
76,2017-02-06,2
76,2017-02-13,2
76,2017-02-27,1
76,2017-03-13,3
76,2017-04-10,1
76,2017-04-24,3
76,2017-05-01,1
76,2017-05-08,3
76,2017-05-15,1
76,2017-06-19,1
76,2017-07-10,1
76.0,2015-06-22,1
76.0,2015-09-21,1
76.0,2015-11-23,1
76.0,2016-02-22,1
76.0,2016-03-14,2
76.0,2016-03-28,1
76.0,2016-04-18,1
76.0,2016-06-20,1
76.0,2016-08-15,2
76.0,2016-09-12,1
76.0,2016-09-26,1
76.0,2016-10-03,2
76.0,2016-11-28,2
76.0,2017-02-06,2
76.0,2017-02-13,1
76.0,2017-02-27,1
76.0,2017-03-06,1
76.0,2017-03-20,1
76.0,2017-03-27,1
76.0,2017-05-08,1
76.0,2017-05-15,1
76.0,2017-05-22,2
76.0,2017-05-29,1
76.0,2017-06-12,2
76.0,2017-06-19,2
76.0,2017-06-26,1
76.0,2017-07-10,2
76.0,2017-07-17,2
76.0,2017-07-24,3
76.0,2017-08-14,1
76.0,2017-08-28,2
77,2015-03-16,1
77,2015-03-30,1
77,2015-04-06,1
77,2015-04-13,1
77,2015-04-20,1
77,2015-05-04,2
77,2015-05-11,2
77,2015-05-25,2
77,2015-06-08,2
77,2015-06-15,2
77,2015-06-22,2
77,2015-06-29,1
77,2015-07-13,1
77,2015-07-20,3
77,2015-08-03,1
77,2015-08-10,1
77,2015-08-31,1
77,2015-09-14,1
77,2015-09-21,1
77,2015-09-28,1
77,2015-10-05,1
77,2015-10-19,2
77,2015-11-02,1
77,2015-11-09,1
77,2015-11-23,2
77,2015-12-07,1
77,2015-12-21,2
77,2015-12-28,2
77,2016-01-25,1
77,2016-02-01,2
77,2016-02-08,2
77,2016-02-15,1
77,2016-02-22,2
77,2016-02-29,1
77,2016-03-07,1
77,2016-03-14,1
77,2016-03-28,3
77,2016-04-04,4
77,2016-04-11,1
77,2016-04-25,1
77,2016-05-02,1
77,2016-05-09,1
77,2016-05-16,1
77,2016-06-13,1
77,2016-06-27,1
77,2016-07-04,1
77,2016-07-11,1
77,2016-07-18,1
77,2016-07-25,3
77,2016-08-01,3
77,2016-08-15,3
77,2016-08-22,1
77,2016-08-29,4
77,2016-09-05,1
77,2016-09-12,2
77,2016-09-19,3
77,2016-09-26,2
77,2016-10-03,2
77,2016-10-10,2
77,2016-10-17,1
77,2016-10-24,3
77,2016-10-31,1
77,2016-11-07,3
77,2016-11-21,1
77,2016-11-28,3
77,2016-12-12,2
77,2016-12-19,1
77,2016-12-26,1
77,2017-01-02,1
77,2017-01-16,5
77,2017-01-23,1
77,2017-02-13,3
77,2017-02-20,2
77,2017-02-27,1
77,2017-03-06,1
77,2017-03-13,3
77,2017-03-20,1
77,2017-03-27,1
77,2017-04-03,2
77,2017-04-17,2
77,2017-04-24,1
77,2017-05-01,2
77,2017-05-08,2
77,2017-05-15,1
77,2017-06-12,1
77.0,2015-04-27,1
77.0,2015-05-11,1
77.0,2015-07-06,1
77.0,2015-08-10,1
77.0,2015-08-17,2
77.0,2015-10-12,1
77.0,2015-11-09,1
77.0,2015-12-14,1
77.0,2016-01-04,1
77.0,2016-01-11,2
77.0,2016-01-18,1
77.0,2016-05-16,1
77.0,2016-06-06,1
77.0,2016-06-27,1
77.0,2016-09-26,1
77.0,2016-10-03,1
77.0,2016-10-10,1
77.0,2016-11-07,1
77.0,2017-01-02,2
77.0,2017-01-16,2
77.0,2017-02-13,1
77.0,2017-02-20,2
77.0,2017-03-27,1
77.0,2017-05-22,1
77.0,2017-06-05,3
77.0,2017-06-12,3
77.0,2017-06-19,2
77.0,2017-06-26,1
77.0,2017-07-03,3
77.0,2017-07-10,1
77.0,2017-07-24,2
77.0,2017-07-31,1
77.0,2017-08-21,1
77.0,2017-08-28,1
78,2015-03-16,2
78,2015-04-06,1
78,2015-04-13,3
78,2015-04-20,1
78,2015-04-27,2
78,2015-05-11,3
78,2015-05-18,1
78,2015-06-01,2
78,2015-06-08,2
78,2015-06-22,2
78,2015-06-29,3
78,2015-07-06,2
78,2015-07-13,3
78,2015-07-20,3
78,2015-07-27,3
78,2015-08-10,1
78,2015-08-17,2
78,2015-08-24,2
78,2015-09-07,1
78,2015-09-14,3
78,2015-09-21,6
78,2015-09-28,1
78,2015-10-05,3
78,2015-10-12,2
78,2015-10-19,2
78,2015-10-26,4
78,2015-11-02,1
78,2015-11-09,3
78,2015-11-16,2
78,2015-11-23,1
78,2015-11-30,1
78,2015-12-07,2
78,2015-12-14,1
78,2015-12-28,2
78,2016-01-04,2
78,2016-01-11,2
78,2016-01-18,5
78,2016-01-25,2
78,2016-02-01,3
78,2016-02-08,1
78,2016-02-15,4
78,2016-02-22,1
78,2016-02-29,3
78,2016-03-07,2
78,2016-03-14,3
78,2016-03-21,2
78,2016-04-04,2
78,2016-04-18,1
78,2016-04-25,2
78,2016-05-02,1
78,2016-05-16,1
78,2016-05-23,2
78,2016-06-13,1
78,2016-06-27,2
78,2016-07-11,4
78,2016-07-18,1
78,2016-07-25,1
78,2016-08-01,5
78,2016-08-08,1
78,2016-08-15,1
78,2016-08-22,2
78,2016-09-05,2
78,2016-09-12,5
78,2016-09-19,2
78,2016-09-26,4
78,2016-10-03,1
78,2016-10-10,5
78,2016-10-17,1
78,2016-10-24,1
78,2016-10-31,3
78,2016-11-07,3
78,2016-11-14,1
78,2016-11-21,1
78,2016-11-28,3
78,2016-12-05,5
78,2016-12-12,3
78,2016-12-19,1
78,2016-12-26,4
78,2017-01-02,1
78,2017-01-09,2
78,2017-01-23,1
78,2017-01-30,3
78,2017-02-06,4
78,2017-02-13,1
78,2017-02-20,3
78,2017-02-27,4
78,2017-03-06,1
78,2017-03-13,1
78,2017-03-20,3
78,2017-03-27,4
78,2017-04-03,2
78,2017-04-17,2
78,2017-04-24,5
78,2017-05-01,2
78,2017-05-08,3
78.0,2015-05-11,1
78.0,2015-05-25,1
78.0,2015-06-01,1
78.0,2015-06-08,1
78.0,2015-06-15,2
78.0,2015-07-13,2
78.0,2015-07-27,2
78.0,2015-08-31,1
78.0,2015-09-14,1
78.0,2015-09-21,1
78.0,2015-10-05,1
78.0,2015-11-02,1
78.0,2015-11-16,1
78.0,2015-12-07,1
78.0,2015-12-28,1
78.0,2016-01-11,1
78.0,2016-01-25,2
78.0,2016-02-01,1
78.0,2016-02-15,1
78.0,2016-02-22,2
78.0,2016-03-21,1
78.0,2016-04-04,1
78.0,2016-05-23,1
78.0,2016-05-30,1
78.0,2016-06-06,1
78.0,2016-06-20,1
78.0,2016-06-27,1
78.0,2016-07-04,2
78.0,2016-07-11,1
78.0,2016-09-05,1
78.0,2016-09-12,2
78.0,2016-09-19,1
78.0,2016-10-17,1
78.0,2016-11-07,1
78.0,2016-11-28,1
78.0,2017-01-09,1
78.0,2017-01-16,2
78.0,2017-01-23,1
78.0,2017-01-30,1
78.0,2017-02-27,1
78.0,2017-03-13,1
78.0,2017-05-15,3
78.0,2017-05-22,3
78.0,2017-05-29,1
78.0,2017-06-05,3
78.0,2017-06-12,2
78.0,2017-06-19,2
78.0,2017-06-26,1
78.0,2017-07-03,3
78.0,2017-07-10,1
78.0,2017-07-24,1
78.0,2017-08-14,2
79,2015-05-04,1
79,2015-05-11,2
79,2015-06-08,1
79,2015-06-22,1
79,2015-08-03,1
79,2015-08-24,2
79,2015-09-14,2
79,2015-10-26,1
79,2015-11-02,1
79,2015-11-09,1
79,2015-11-23,1
79,2015-12-07,1
79,2015-12-28,1
79,2016-01-11,1
79,2016-02-22,2
79,2016-02-29,1
79,2016-03-07,1
79,2016-04-04,1
79,2016-04-11,1
79,2016-04-18,1
79,2016-04-25,1
79,2016-05-02,1
79,2016-05-23,1
79,2016-06-06,1
79,2016-06-20,1
79,2016-08-01,2
79,2016-08-22,1
79,2016-09-05,1
79,2016-09-12,2
79,2016-09-19,3
79,2016-09-26,1
79,2016-10-10,2
79,2016-11-07,1
79,2016-11-14,3
79,2016-11-28,1
79,2016-12-05,2
79,2016-12-12,5
79,2017-01-02,1
79,2017-01-09,2
79,2017-01-23,1
79,2017-02-06,2
79,2017-03-13,1
79,2017-03-27,2
79,2017-04-03,1
79,2017-04-10,1
79,2017-04-24,3
79,2017-05-01,3
79,2017-05-15,1
79.0,2015-03-30,1
79.0,2015-06-08,1
79.0,2015-07-13,1
79.0,2015-09-28,2
79.0,2015-12-28,1
79.0,2016-05-02,1
79.0,2016-06-13,1
79.0,2016-08-08,1
79.0,2016-11-07,1
79.0,2016-12-12,1
79.0,2017-02-20,1
79.0,2017-04-03,2
79.0,2017-05-15,2
79.0,2017-05-22,1
79.0,2017-05-29,1
79.0,2017-06-05,2
79.0,2017-06-12,2
79.0,2017-07-10,2
79.0,2017-07-17,2
79.0,2017-07-31,1
79.0,2017-08-21,1
8,2015-07-20,1
8,2016-05-30,1
8,2016-06-13,1
8,2016-07-04,1
8,2016-07-11,1
8,2016-07-25,5
8,2016-08-15,1
8,2016-09-12,6
8,2016-09-19,2
8,2016-09-26,1
8,2016-10-24,1
8,2016-10-31,5
8,2016-11-07,3
8,2016-11-14,1
8,2016-12-05,3
8,2016-12-12,6
8,2017-01-02,1
8,2017-01-09,5
8,2017-01-16,4
8,2017-01-23,1
8,2017-02-20,3
8,2017-02-27,2
8,2017-03-06,6
8,2017-03-13,4
8,2017-03-20,10
8,2017-03-27,4
8,2017-04-03,7
8,2017-04-10,14
8,2017-04-17,5
8,2017-04-24,9
8,2017-05-08,5
8,2017-05-15,2
8,2017-05-22,1
8,2017-05-29,2
8,2017-06-19,2
8.0,2016-05-23,1
8.0,2016-07-11,1
8.0,2016-09-12,2
8.0,2016-11-14,1
8.0,2016-12-26,1
8.0,2017-01-02,1
8.0,2017-01-16,1
8.0,2017-03-06,1
8.0,2017-04-03,1
8.0,2017-04-10,1
8.0,2017-05-15,2
8.0,2017-05-22,6
8.0,2017-05-29,1
8.0,2017-06-05,6
8.0,2017-06-12,5
8.0,2017-06-19,7
8.0,2017-07-03,1
8.0,2017-07-10,2
8.0,2017-07-17,5
8.0,2017-07-24,3
8.0,2017-07-31,6
8.0,2017-08-07,3
8.0,2017-08-14,3
8.0,2017-08-21,1
8.0,2017-09-18,2
80,2015-04-06,1
80,2015-04-27,1
80,2015-06-15,1
80,2015-09-14,1
80,2015-11-16,1
80,2015-11-23,1
80,2015-12-14,1
80,2016-03-21,1
80,2016-03-28,1
80,2016-05-02,1
80,2016-06-06,1
80,2016-06-13,2
80,2016-06-20,1
80,2016-07-04,1
80,2016-07-11,1
80,2016-08-22,1
80,2016-09-05,1
80,2016-09-26,1
80,2016-11-14,1
80,2016-12-19,1
80,2017-01-09,1
80,2017-01-23,1
80,2017-02-13,1
80,2017-02-20,1
80,2017-02-27,1
80,2017-03-20,1
80,2017-03-27,1
80,2017-04-24,1
80,2017-05-01,1
80.0,2015-07-06,1
80.0,2016-04-04,1
80.0,2016-09-19,1
80.0,2016-09-26,1
80.0,2016-11-28,1
80.0,2016-12-19,1
80.0,2017-04-03,1
80.0,2017-05-22,1
80.0,2017-07-17,1
81,2015-03-23,1
81,2015-04-06,1
81,2015-04-20,1
81,2015-04-27,2
81,2015-05-11,2
81,2015-05-18,1
81,2015-05-25,2
81,2015-06-08,2
81,2015-06-15,1
81,2015-06-22,2
81,2015-06-29,2
81,2015-07-13,1
81,2015-07-20,1
81,2015-08-03,1
81,2015-08-10,2
81,2015-08-31,3
81,2015-09-07,2
81,2015-09-14,1
81,2015-09-21,1
81,2015-09-28,1
81,2015-10-12,1
81,2015-11-09,1
81,2015-11-30,1
81,2015-12-07,2
81,2015-12-21,1
81,2015-12-28,1
81,2016-01-04,2
81,2016-01-18,1
81,2016-01-25,2
81,2016-03-07,1
81,2016-03-14,1
81,2016-03-21,1
81,2016-04-11,2
81,2016-04-18,1
81,2016-05-09,2
81,2016-06-13,1
81,2016-07-04,2
81,2016-07-11,2
81,2016-07-18,1
81,2016-08-08,1
81,2016-08-15,1
81,2016-08-22,2
81,2016-08-29,1
81,2016-10-24,2
81,2016-11-07,1
81,2016-11-28,4
81,2017-03-06,2
81,2017-03-20,1
81,2017-03-27,1
81,2017-04-03,4
81,2017-04-10,2
81,2017-05-01,1
81.0,2015-03-23,1
81.0,2015-04-13,1
81.0,2015-08-17,1
81.0,2015-09-07,1
81.0,2015-09-14,1
81.0,2015-11-23,1
81.0,2015-12-21,1
81.0,2016-02-08,1
81.0,2016-02-15,1
81.0,2016-02-29,1
81.0,2016-03-21,1
81.0,2016-09-19,3
81.0,2016-10-17,1
81.0,2017-01-23,1
81.0,2017-01-30,2
81.0,2017-05-15,4
81.0,2017-05-22,3
81.0,2017-05-29,2
81.0,2017-06-05,1
81.0,2017-06-19,1
81.0,2017-06-26,1
81.0,2017-07-10,3
81.0,2017-07-24,3
81.0,2017-07-31,2
81.0,2017-08-07,1
81.0,2017-08-14,1
81.0,2017-08-21,1
82,2015-03-16,1
82,2015-03-23,2
82,2015-04-06,2
82,2015-04-27,1
82,2015-05-04,1
82,2015-05-25,1
82,2015-06-15,4
82,2015-06-22,1
82,2015-06-29,1
82,2015-07-06,2
82,2015-07-13,3
82,2015-07-20,2
82,2015-08-03,1
82,2015-08-10,1
82,2015-08-17,2
82,2015-08-24,1
82,2015-08-31,1
82,2015-09-14,2
82,2015-09-21,1
82,2015-10-05,2
82,2015-11-30,1
82,2015-12-07,2
82,2015-12-14,1
82,2016-01-04,1
82,2016-02-01,2
82,2016-02-08,1
82,2016-02-15,1
82,2016-02-22,1
82,2016-02-29,3
82,2016-03-07,2
82,2016-04-11,2
82,2016-04-18,1
82,2016-04-25,5
82,2016-05-02,2
82,2016-05-16,2
82,2016-05-30,1
82,2016-06-06,3
82,2016-06-13,2
82,2016-06-27,1
82,2016-07-04,1
82,2016-07-18,3
82,2016-07-25,4
82,2016-08-08,1
82,2016-08-22,1
82,2016-08-29,3
82,2016-09-05,2
82,2016-09-12,1
82,2016-09-26,1
82,2016-10-03,2
82,2016-10-24,1
82,2016-11-07,2
82,2016-11-14,2
82,2016-11-21,2
82,2016-12-12,1
82,2016-12-26,1
82,2017-01-02,2
82,2017-01-09,4
82,2017-01-30,1
82,2017-02-06,4
82,2017-02-13,2
82,2017-03-06,2
82,2017-03-13,4
82,2017-03-20,1
82,2017-04-17,2
82,2017-05-01,3
82,2017-05-08,3
82.0,2015-06-08,2
82.0,2015-07-13,1
82.0,2015-07-20,1
82.0,2015-07-27,1
82.0,2015-08-24,2
82.0,2015-09-07,1
82.0,2015-10-26,1
82.0,2015-11-23,1
82.0,2016-02-01,1
82.0,2016-02-15,1
82.0,2016-03-21,1
82.0,2016-04-25,2
82.0,2016-05-23,1
82.0,2016-06-13,1
82.0,2016-06-27,1
82.0,2016-07-04,2
82.0,2016-07-11,1
82.0,2016-07-18,1
82.0,2016-08-15,1
82.0,2016-08-29,2
82.0,2016-09-05,1
82.0,2016-09-12,1
82.0,2016-09-19,1
82.0,2016-10-10,1
82.0,2016-11-14,1
82.0,2016-12-12,1
82.0,2017-01-09,1
82.0,2017-02-13,1
82.0,2017-02-20,1
82.0,2017-05-15,1
82.0,2017-05-22,2
82.0,2017-05-29,1
82.0,2017-06-05,1
82.0,2017-06-12,2
82.0,2017-06-19,1
82.0,2017-07-03,1
82.0,2017-07-10,2
82.0,2017-07-24,1
82.0,2017-08-07,1
82.0,2017-08-14,1
83,2015-03-30,1
83,2015-05-04,1
83,2015-05-18,1
83,2015-07-06,1
83,2015-07-13,1
83,2015-08-03,1
83,2015-08-24,1
83,2015-09-28,1
83,2015-10-19,1
83,2016-02-22,1
83,2016-03-28,1
83,2016-05-16,1
83,2016-05-23,1
83,2016-06-20,1
83,2016-09-26,1
83,2016-12-05,1
83,2016-12-12,1
83,2016-12-26,1
83,2017-01-30,1
83,2017-02-13,1
83,2017-02-20,2
83,2017-04-10,1
83,2017-04-24,2
83,2017-05-01,1
83,2017-05-08,1
83.0,2015-04-20,1
83.0,2015-07-27,1
83.0,2015-08-10,2
83.0,2015-10-26,1
83.0,2016-02-15,1
83.0,2016-04-11,1
83.0,2016-06-20,1
83.0,2016-07-25,1
83.0,2016-09-19,1
83.0,2016-10-17,1
83.0,2017-06-12,1
83.0,2017-06-19,1
83.0,2017-06-26,1
83.0,2017-07-10,2
83.0,2017-07-24,1
83.0,2017-08-07,1
84,2015-04-06,1
84,2015-04-13,2
84,2015-04-27,1
84,2015-05-18,1
84,2015-05-25,2
84,2015-06-01,1
84,2015-06-15,1
84,2015-06-29,2
84,2015-07-06,1
84,2015-07-27,1
84,2015-08-03,1
84,2015-08-10,2
84,2015-08-24,1
84,2015-08-31,2
84,2015-09-14,1
84,2015-09-28,1
84,2015-10-05,1
84,2015-10-19,1
84,2015-12-14,1
84,2016-01-04,1
84,2016-01-18,3
84,2016-01-25,1
84,2016-02-01,2
84,2016-02-22,2
84,2016-02-29,1
84,2016-03-07,1
84,2016-03-14,1
84,2016-04-18,1
84,2016-05-09,1
84,2016-05-23,1
84,2016-05-30,2
84,2016-06-13,1
84,2016-07-11,1
84,2016-07-25,4
84,2016-08-01,1
84,2016-08-08,1
84,2016-08-22,2
84,2016-08-29,1
84,2016-09-05,1
84,2016-10-17,1
84,2016-10-31,3
84,2016-11-07,1
84,2016-11-28,2
84,2016-12-12,4
84,2016-12-19,1
84,2016-12-26,1
84,2017-01-23,1
84,2017-01-30,1
84,2017-02-06,1
84,2017-02-13,1
84,2017-02-20,2
84,2017-02-27,1
84,2017-03-06,2
84,2017-04-10,1
84,2017-05-01,1
84,2017-05-08,5
84,2017-07-03,1
84.0,2015-04-13,2
84.0,2015-04-20,1
84.0,2015-12-14,1
84.0,2015-12-28,1
84.0,2016-01-04,1
84.0,2016-02-08,1
84.0,2016-04-04,1
84.0,2016-04-18,1
84.0,2016-05-09,1
84.0,2016-06-06,1
84.0,2016-07-25,1
84.0,2016-08-29,1
84.0,2016-09-05,1
84.0,2017-01-30,1
84.0,2017-02-13,1
84.0,2017-02-20,1
84.0,2017-02-27,1
84.0,2017-05-22,3
84.0,2017-05-29,1
84.0,2017-06-26,1
84.0,2017-07-03,3
84.0,2017-07-10,1
84.0,2017-07-17,3
84.0,2017-07-24,2
84.0,2017-08-14,3
84.0,2017-09-04,1
84.0,2017-09-11,1
85,2015-08-17,1
85,2015-10-05,1
85,2015-10-26,3
85,2015-11-02,1
85,2015-11-09,2
85,2015-12-14,1
85,2016-01-04,1
85,2016-01-11,1
85,2016-01-25,1
85,2016-02-15,2
85,2016-03-28,1
85,2016-04-11,1
85,2016-05-02,1
85,2016-05-16,1
85,2016-10-03,1
85,2016-11-21,2
85,2016-12-12,1
85,2017-01-09,1
85,2017-03-13,2
85.0,2015-04-20,1
85.0,2015-09-14,1
85.0,2015-10-26,1
85.0,2015-11-02,3
85.0,2016-01-25,1
85.0,2016-05-02,1
85.0,2016-05-09,1
85.0,2017-02-06,1
85.0,2017-03-27,1
85.0,2017-04-17,1
85.0,2017-06-19,1
85.0,2017-06-26,3
85.0,2017-07-03,2
85.0,2017-07-17,1
85.0,2017-08-14,2
85.0,2017-09-11,1
86,2016-06-20,1
86,2016-08-08,1
86,2016-08-22,1
86,2016-09-26,2
86,2016-10-03,1
86,2016-10-10,1
86,2016-10-31,1
86,2016-11-07,1
86,2016-12-19,1
86,2017-02-13,1
86,2017-03-20,2
86,2017-03-27,2
86,2017-04-24,3
86,2017-07-03,1
86.0,2016-05-09,1
86.0,2017-03-20,2
86.0,2017-05-22,1
86.0,2017-05-29,1
86.0,2017-06-05,6
86.0,2017-06-12,1
86.0,2017-06-26,2
86.0,2017-07-03,7
86.0,2017-07-10,4
86.0,2017-07-17,2
86.0,2017-07-24,4
86.0,2017-07-31,7
86.0,2017-08-07,1
86.0,2017-08-14,7
86.0,2017-08-21,1
87,2015-03-23,1
87,2015-04-06,2
87,2015-04-13,1
87,2015-04-20,1
87,2015-06-01,1
87,2015-06-08,2
87,2015-06-29,1
87,2015-07-20,1
87,2015-08-03,2
87,2015-08-24,1
87,2015-08-31,1
87,2015-09-28,1
87,2015-10-26,1
87,2015-11-02,1
87,2015-12-07,1
87,2015-12-14,1
87,2016-01-04,1
87,2016-01-11,1
87,2016-02-01,1
87,2016-02-08,1
87,2016-02-22,1
87,2016-03-07,1
87,2016-03-21,4
87,2016-03-28,2
87,2016-05-16,1
87,2016-05-30,1
87,2016-06-27,7
87,2016-07-04,5
87,2016-07-11,3
87,2016-07-18,1
87,2016-08-08,1
87,2016-08-22,1
87,2016-09-05,2
87,2016-09-26,2
87,2016-10-10,2
87,2016-11-28,1
87,2016-12-05,1
87,2017-01-23,1
87,2017-01-30,3
87,2017-02-06,1
87,2017-02-20,1
87,2017-03-06,2
87,2017-03-20,1
87,2017-04-10,2
87,2017-04-24,30
87,2017-05-01,3
87,2017-05-08,4
87,2017-05-15,3
87,2017-05-22,3
87,2017-05-29,1
87,2017-06-05,2
87.0,2015-03-30,1
87.0,2015-05-18,1
87.0,2015-06-29,1
87.0,2016-02-01,1
87.0,2016-02-08,1
87.0,2016-04-25,1
87.0,2016-06-27,2
87.0,2016-07-11,1
87.0,2016-07-25,2
87.0,2016-09-26,1
87.0,2016-10-10,1
87.0,2016-10-24,1
87.0,2016-11-21,1
87.0,2016-12-05,1
87.0,2016-12-19,1
87.0,2017-01-16,1
87.0,2017-01-23,1
87.0,2017-01-30,1
87.0,2017-02-20,1
87.0,2017-03-13,1
87.0,2017-05-01,1
87.0,2017-05-15,4
87.0,2017-05-22,5
87.0,2017-05-29,1
87.0,2017-06-19,2
87.0,2017-07-10,3
87.0,2017-07-17,5
87.0,2017-07-24,6
87.0,2017-07-31,2
87.0,2017-08-07,1
87.0,2017-08-14,2
87.0,2017-09-18,1
88,2015-05-04,1
88,2015-05-25,2
88,2015-06-01,1
88,2015-06-22,2
88,2015-06-29,2
88,2015-07-06,1
88,2015-07-20,2
88,2015-08-17,2
88,2015-08-24,1
88,2015-10-12,1
88,2015-11-09,1
88,2015-11-16,2
88,2015-11-23,1
88,2015-11-30,1
88,2015-12-21,2
88,2016-01-04,2
88,2016-01-25,1
88,2016-02-29,1
88,2016-03-14,1
88,2016-06-20,1
88,2016-07-11,1
88,2016-07-18,3
88,2016-07-25,1
88,2016-08-15,1
88,2016-08-22,2
88,2016-08-29,1
88,2016-11-28,1
88,2017-01-23,1
88,2017-02-06,1
88,2017-04-17,3
88,2017-06-19,1
88.0,2015-03-23,1
88.0,2015-08-17,1
88.0,2015-08-24,1
88.0,2015-10-05,1
88.0,2015-11-09,2
88.0,2015-12-28,1
88.0,2016-01-11,1
88.0,2016-02-01,1
88.0,2016-02-15,1
88.0,2016-04-18,1
88.0,2016-08-15,1
88.0,2016-12-12,1
88.0,2017-01-30,1
88.0,2017-02-06,1
88.0,2017-06-26,1
88.0,2017-07-10,1
88.0,2017-07-31,1
88.0,2017-08-14,1
89,2015-04-06,1
89,2015-05-18,2
89,2015-06-01,1
89,2015-06-22,1
89,2015-06-29,2
89,2015-08-03,1
89,2015-08-17,2
89,2015-08-31,1
89,2015-09-14,1
89,2015-09-21,1
89,2015-09-28,1
89,2015-10-05,1
89,2015-11-16,1
89,2016-01-18,1
89,2016-02-01,1
89,2016-02-08,1
89,2016-02-15,1
89,2016-05-02,1
89,2016-05-09,1
89,2016-05-23,1
89,2016-05-30,1
89,2016-06-06,1
89,2016-07-11,2
89,2016-09-05,1
89,2016-09-12,1
89,2016-09-19,2
89,2016-09-26,1
89,2016-10-17,1
89,2016-10-24,1
89,2016-11-07,1
89,2016-11-28,2
89,2016-12-05,1
89,2017-01-02,1
89,2017-01-16,1
89,2017-01-23,3
89,2017-02-06,1
89,2017-02-13,1
89,2017-02-20,1
89,2017-03-06,2
89,2017-03-20,2
89,2017-03-27,2
89,2017-04-03,1
89,2017-04-17,1
89,2017-04-24,1
89,2017-05-01,1
89.0,2015-04-06,1
89.0,2015-06-22,1
89.0,2015-06-29,1
89.0,2015-07-06,1
89.0,2015-10-12,1
89.0,2015-12-07,1
89.0,2016-01-11,1
89.0,2016-07-25,1
89.0,2016-09-05,1
89.0,2016-10-03,1
89.0,2016-10-10,1
89.0,2017-01-09,1
89.0,2017-05-22,1
89.0,2017-05-29,1
89.0,2017-06-12,1
89.0,2017-06-19,1
89.0,2017-07-31,1
9,2015-04-13,1
9,2015-08-31,1
9,2015-09-28,1
9,2016-05-02,11
9,2016-05-09,17
9,2016-05-23,6
9,2016-05-30,4
9,2016-06-06,3
9,2016-06-13,12
9,2016-06-20,8
9,2016-06-27,5
9,2016-07-04,4
9,2016-07-11,5
9,2016-07-18,3
9,2016-07-25,2
9,2016-08-01,2
9,2016-10-24,1
9,2016-10-31,1
9,2016-11-07,1
9,2017-02-20,2
9,2017-02-27,1
9,2017-03-06,3
9,2017-03-27,1
9,2017-04-03,2
9.0,2016-05-02,3
9.0,2016-05-09,2
9.0,2016-05-23,1
9.0,2016-06-13,2
9.0,2016-07-11,1
9.0,2016-08-01,2
9.0,2017-02-13,1
9.0,2017-02-20,2
9.0,2017-02-27,1
9.0,2017-03-27,1
90,2015-04-13,1
90,2015-05-18,1
90,2015-07-06,1
90,2015-08-03,1
90,2015-08-10,1
90,2015-09-21,2
90,2015-12-14,1
90,2016-02-08,2
90,2016-02-22,1
90,2016-03-28,1
90,2016-04-04,1
90,2016-04-18,1
90,2016-05-23,2
90,2016-05-30,1
90,2016-06-06,8
90,2016-07-11,1
90,2016-07-25,1
90,2016-08-08,1
90,2016-08-22,1
90,2016-09-26,1
90,2016-10-03,1
90,2016-11-21,1
90,2016-11-28,1
90,2017-01-30,1
90,2017-03-13,1
90,2017-03-20,1
90.0,2015-04-27,1
90.0,2015-08-10,1
90.0,2015-09-21,1
90.0,2016-05-23,1
90.0,2016-05-30,1
90.0,2016-06-06,2
90.0,2017-05-15,1
90.0,2017-05-22,1
90.0,2017-06-05,1
90.0,2017-07-10,2
90.0,2017-07-17,1
90.0,2017-07-24,3
90.0,2017-08-14,1
91,2015-05-18,1
91,2015-05-25,1
91,2015-07-06,1
91,2015-07-13,2
91,2015-07-20,1
91,2015-08-03,1
91,2015-08-24,1
91,2015-09-07,1
91,2015-10-26,1
91,2015-11-02,1
91,2015-12-07,1
91,2015-12-28,1
91,2016-02-01,1
91,2016-02-15,1
91,2016-02-22,1
91,2016-03-21,1
91,2016-04-11,1
91,2016-04-18,1
91,2016-06-27,1
91,2016-09-05,1
91,2016-09-12,2
91,2016-09-19,2
91,2016-10-17,1
91,2016-11-28,1
91,2016-12-05,1
91,2017-01-02,1
91,2017-01-09,1
91,2017-01-23,1
91,2017-03-13,1
91,2017-03-20,2
91,2017-05-01,1
91.0,2015-07-06,1
91.0,2016-01-04,2
91.0,2016-01-18,1
91.0,2016-03-14,1
91.0,2016-05-09,1
91.0,2016-05-23,1
91.0,2016-07-11,2
91.0,2016-11-28,1
91.0,2017-03-13,1
91.0,2017-05-29,1
91.0,2017-06-12,1
91.0,2017-06-19,1
91.0,2017-07-10,1
91.0,2017-08-07,1
91.0,2017-08-14,1
91.0,2017-08-21,1
92,2015-09-28,1
92,2015-10-26,1
92,2015-11-09,1
92,2015-11-16,1
92,2015-11-23,5
92,2015-11-30,8
92,2015-12-07,4
92,2015-12-14,2
92,2015-12-21,1
92,2015-12-28,1
92,2016-01-04,4
92,2016-01-18,2
92,2016-02-01,2
92,2016-02-29,1
92,2016-04-11,1
92,2016-04-18,1
92,2016-08-08,1
92,2017-01-09,1
92.0,2015-11-09,1
92.0,2015-11-30,1
92.0,2015-12-07,1
92.0,2015-12-14,1
92.0,2016-01-04,2
92.0,2016-01-11,1
93,2015-03-23,1
93,2015-04-06,2
93,2015-05-04,1
93,2015-05-18,1
93,2015-06-15,1
93,2015-06-29,1
93,2015-08-03,1
93,2015-08-17,1
93,2015-09-07,3
93,2015-09-14,2
93,2015-10-05,1
93,2015-10-12,1
93,2015-11-02,1
93,2015-11-09,1
93,2015-11-16,1
93,2015-11-30,2
93,2015-12-14,2
93,2015-12-21,2
93,2016-01-04,1
93,2016-02-29,1
93,2016-03-07,1
93,2016-03-14,1
93,2016-03-21,1
93,2016-03-28,1
93,2016-04-18,1
93,2016-05-02,1
93,2016-05-16,1
93,2016-06-20,2
93,2016-06-27,2
93,2016-07-04,1
93,2016-07-25,2
93,2016-08-01,1
93,2016-08-08,1
93,2016-08-22,1
93,2016-09-26,2
93,2016-10-10,1
93,2016-10-31,1
93,2016-11-21,1
93,2016-11-28,1
93,2017-01-02,1
93,2017-01-16,1
93,2017-03-06,2
93,2017-04-03,1
93,2017-04-10,1
93,2017-04-24,2
93,2017-05-15,1
93.0,2015-04-27,1
93.0,2015-05-18,1
93.0,2015-07-20,1
93.0,2015-09-14,1
93.0,2015-09-21,1
93.0,2015-11-16,1
93.0,2016-03-07,1
93.0,2016-05-16,1
93.0,2016-08-08,1
93.0,2016-09-12,1
93.0,2016-09-19,1
93.0,2016-10-10,1
93.0,2017-05-15,2
93.0,2017-05-22,1
93.0,2017-05-29,1
93.0,2017-06-05,1
93.0,2017-06-12,1
93.0,2017-07-03,1
93.0,2017-07-17,1
93.0,2017-07-24,1
93.0,2017-07-31,2
93.0,2017-08-14,1
94,2015-04-20,1
94,2015-06-29,1
94,2015-07-13,1
94,2015-07-27,1
94,2015-10-05,1
94,2016-02-01,1
94,2016-02-22,1
94,2016-02-29,1
94,2016-04-18,1
94,2016-05-02,1
94,2016-05-09,1
94,2016-05-16,1
94,2016-06-27,1
94,2016-07-18,1
94,2016-09-05,1
94,2016-10-10,1
94,2016-12-05,1
94,2017-01-02,1
94,2017-01-23,1
94,2017-02-27,1
94,2017-03-13,1
94,2017-03-20,1
94,2017-03-27,1
94,2017-04-03,2
94,2017-04-24,1
94,2017-05-01,1
94.0,2015-05-18,1
94.0,2015-06-01,1
94.0,2015-07-27,1
94.0,2015-09-14,1
94.0,2016-07-11,1
94.0,2017-01-16,1
94.0,2017-05-15,1
94.0,2017-05-29,1
94.0,2017-06-05,1
94.0,2017-06-19,2
94.0,2017-06-26,1
94.0,2017-07-10,1
94.0,2017-07-17,1
94.0,2017-07-31,3
95,2015-03-23,1
95,2015-03-30,1
95,2015-04-27,3
95,2015-05-18,2
95,2015-06-01,2
95,2015-06-08,1
95,2015-06-15,3
95,2015-06-22,2
95,2015-07-20,1
95,2015-08-03,2
95,2015-08-10,1
95,2015-08-24,2
95,2015-09-07,1
95,2015-09-14,2
95,2015-09-28,3
95,2015-10-05,3
95,2015-10-12,1
95,2015-10-26,3
95,2015-11-02,2
95,2015-11-09,2
95,2015-11-16,2
95,2015-11-23,1
95,2015-12-07,1
95,2015-12-14,3
95,2015-12-21,1
95,2016-01-04,3
95,2016-01-11,1
95,2016-01-18,1
95,2016-01-25,2
95,2016-02-01,3
95,2016-02-15,1
95,2016-02-22,1
95,2016-02-29,4
95,2016-03-07,1
95,2016-03-14,1
95,2016-03-21,1
95,2016-03-28,3
95,2016-04-04,1
95,2016-04-11,6
95,2016-04-25,2
95,2016-05-02,2
95,2016-05-09,1
95,2016-05-16,1
95,2016-05-23,2
95,2016-06-13,2
95,2016-06-20,2
95,2016-06-27,4
95,2016-07-04,2
95,2016-07-11,2
95,2016-07-18,3
95,2016-07-25,5
95,2016-08-01,2
95,2016-08-08,6
95,2016-08-15,3
95,2016-08-22,1
95,2016-08-29,1
95,2016-09-05,2
95,2016-09-12,4
95,2016-09-19,2
95,2016-09-26,1
95,2016-10-10,5
95,2016-10-17,3
95,2016-10-24,1
95,2016-10-31,2
95,2016-11-07,1
95,2016-11-14,2
95,2016-11-21,1
95,2016-11-28,2
95,2016-12-05,2
95,2016-12-12,2
95,2016-12-19,1
95,2016-12-26,1
95,2017-01-02,1
95,2017-01-09,3
95,2017-01-16,1
95,2017-01-23,1
95,2017-01-30,4
95,2017-02-13,4
95,2017-02-20,2
95,2017-02-27,3
95,2017-03-13,3
95,2017-03-20,4
95,2017-03-27,3
95,2017-04-03,2
95,2017-04-10,1
95,2017-04-17,3
95,2017-04-24,1
95,2017-05-01,1
95,2017-05-15,1
95,2017-06-05,1
95.0,2015-03-30,1
95.0,2015-05-18,1
95.0,2015-06-08,1
95.0,2015-07-06,1
95.0,2015-07-13,1
95.0,2015-07-20,1
95.0,2015-08-03,1
95.0,2015-08-24,1
95.0,2015-09-14,1
95.0,2015-10-19,1
95.0,2015-11-23,1
95.0,2015-11-30,3
95.0,2015-12-07,1
95.0,2016-01-18,1
95.0,2016-03-28,1
95.0,2016-04-04,2
95.0,2016-04-11,1
95.0,2016-04-25,2
95.0,2016-05-23,1
95.0,2016-05-30,1
95.0,2016-06-13,2
95.0,2016-07-04,1
95.0,2016-07-11,1
95.0,2016-07-18,1
95.0,2016-07-25,1
95.0,2016-08-01,2
95.0,2016-08-08,1
95.0,2016-08-15,2
95.0,2016-08-22,1
95.0,2016-09-05,2
95.0,2016-09-12,1
95.0,2016-09-26,3
95.0,2016-10-03,1
95.0,2016-10-17,2
95.0,2016-10-24,1
95.0,2016-10-31,1
95.0,2016-11-07,1
95.0,2016-11-14,1
95.0,2016-11-21,1
95.0,2016-12-05,2
95.0,2016-12-12,1
95.0,2017-03-06,1
95.0,2017-03-20,2
95.0,2017-04-03,2
95.0,2017-04-10,1
95.0,2017-04-17,1
95.0,2017-05-08,1
95.0,2017-05-22,5
95.0,2017-05-29,2
95.0,2017-06-12,3
95.0,2017-06-19,4
95.0,2017-06-26,6
95.0,2017-07-03,4
95.0,2017-07-10,6
95.0,2017-07-17,3
95.0,2017-07-24,1
95.0,2017-07-31,4
95.0,2017-08-07,2
95.0,2017-08-14,1
95.0,2017-08-21,1
95.0,2017-08-28,1
95.0,2017-09-04,1
96,2015-04-06,1
96,2015-04-20,1
96,2015-06-08,1
96,2015-07-20,1
96,2015-07-27,2
96,2015-08-03,1
96,2015-08-10,1
96,2015-08-17,1
96,2015-08-31,1
96,2015-09-07,2
96,2015-09-28,1
96,2015-10-05,1
96,2015-10-26,1
96,2015-11-02,1
96,2015-11-09,1
96,2015-11-16,2
96,2015-12-28,1
96,2016-02-01,1
96,2016-02-08,1
96,2016-03-21,1
96,2016-04-04,2
96,2016-04-25,1
96,2016-05-16,1
96,2016-06-27,1
96,2016-07-25,1
96,2016-09-12,1
96,2016-09-26,1
96,2017-01-09,1
96,2017-02-06,2
96,2017-02-13,1
96,2017-02-27,1
96,2017-03-20,1
96,2017-03-27,1
96,2017-04-24,1
96,2017-05-08,1
96.0,2015-05-04,1
96.0,2016-02-22,1
96.0,2016-04-11,1
96.0,2017-01-23,1
97,2015-03-23,2
97,2015-03-30,1
97,2015-04-20,2
97,2015-05-11,2
97,2015-05-18,1
97,2015-05-25,1
97,2015-06-01,1
97,2015-06-15,2
97,2015-06-22,1
97,2015-07-06,2
97,2015-07-13,2
97,2015-07-20,3
97,2015-07-27,1
97,2015-08-10,2
97,2015-08-24,2
97,2015-08-31,1
97,2015-09-14,1
97,2015-09-28,1
97,2015-10-26,2
97,2015-11-16,1
97,2015-11-30,2
97,2015-12-07,1
97,2015-12-21,1
97,2015-12-28,1
97,2016-01-11,2
97,2016-02-22,1
97,2016-03-07,1
97,2016-03-21,1
97,2016-03-28,1
97,2016-04-11,1
97,2016-04-18,1
97,2016-06-20,1
97,2016-08-01,2
97,2016-08-29,1
97,2016-09-12,1
97,2016-09-26,1
97,2016-10-03,1
97,2016-10-10,1
97,2016-10-17,1
97,2016-11-21,1
97,2016-12-12,1
97,2017-01-23,1
97,2017-01-30,1
97,2017-02-13,1
97,2017-03-13,1
97,2017-04-03,1
97,2017-04-24,1
97,2017-05-08,1
97.0,2015-03-16,1
97.0,2015-04-13,1
97.0,2015-05-11,1
97.0,2015-06-22,1
97.0,2015-07-27,1
97.0,2015-08-03,1
97.0,2015-11-09,1
97.0,2016-01-11,1
97.0,2016-01-25,1
97.0,2016-04-04,1
97.0,2016-04-25,1
97.0,2016-06-06,1
97.0,2016-07-11,1
97.0,2016-07-18,1
97.0,2016-09-12,1
97.0,2016-10-17,2
97.0,2017-01-30,1
97.0,2017-02-13,1
97.0,2017-05-29,1
97.0,2017-06-12,1
97.0,2017-06-19,1
97.0,2017-06-26,2
97.0,2017-07-03,1
97.0,2017-07-10,1
98,2015-03-30,1
98,2015-04-06,1
98,2015-05-25,2
98,2015-06-08,1
98,2015-07-13,1
98,2015-11-16,1
98,2016-02-29,1
98,2016-03-28,1
98,2016-04-11,1
98,2016-04-25,1
98,2016-05-09,1
98,2016-05-16,3
98,2016-08-01,2
98,2016-09-05,1
98,2016-09-12,2
98,2016-09-26,1
98,2016-10-31,1
98,2016-12-05,1
98,2016-12-12,1
98,2017-01-09,1
98,2017-04-24,1
98,2017-05-01,1
98,2017-05-08,1
98.0,2015-06-15,1
98.0,2015-10-12,1
98.0,2015-10-26,1
98.0,2016-02-29,1
98.0,2016-05-16,1
98.0,2016-10-10,1
98.0,2016-10-31,1
98.0,2017-01-30,1
98.0,2017-04-17,1
98.0,2017-05-29,1
98.0,2017-06-19,1
98.0,2017-08-14,1
98.0,2017-08-21,1
99,2015-03-30,1
99,2015-05-04,1
99,2015-06-01,1
99,2015-06-08,1
99,2015-06-29,1
99,2015-07-06,1
99,2015-07-13,1
99,2015-07-27,1
99,2015-08-10,1
99,2015-08-17,1
99,2015-08-24,1
99,2015-09-14,1
99,2015-09-21,1
99,2015-09-28,2
99,2015-10-12,1
99,2015-11-02,1
99,2015-11-16,2
99,2015-12-07,1
99,2015-12-14,2
99,2016-02-15,1
99,2016-02-29,2
99,2016-03-14,1
99,2016-05-16,1
99,2016-05-30,1
99,2016-06-13,1
99,2016-06-20,1
99,2016-07-04,2
99,2016-07-18,1
99,2016-08-01,1
99,2016-08-08,1
99,2016-08-22,1
99,2016-09-19,1
99,2016-09-26,2
99,2016-10-10,2
99,2016-10-17,1
99,2016-12-05,1
99,2017-01-02,1
99,2017-01-09,1
99,2017-01-23,1
99,2017-02-20,2
99,2017-02-27,1
99,2017-03-20,1
99,2017-03-27,1
99,2017-04-03,4
99,2017-04-10,2
99,2017-04-17,1
99,2017-04-24,2
99,2017-05-01,3
99,2017-05-08,2
99.0,2015-08-24,1
99.0,2015-10-05,1
99.0,2015-11-16,3
99.0,2016-04-18,1
99.0,2016-05-02,1
99.0,2016-09-26,1
99.0,2016-12-05,2
99.0,2017-01-30,1
99.0,2017-04-17,2
99.0,2017-05-29,2
99.0,2017-06-05,3
99.0,2017-06-12,2
99.0,2017-06-19,2
99.0,2017-06-26,4
99.0,2017-07-10,1
99.0,2017-07-17,3
99.0,2017-07-31,1
99.0,2017-08-21,1
G_-1-1,2015-03-16,11
G_-1-1,2015-03-23,11
G_-1-1,2015-03-30,12
G_-1-1,2015-04-06,15
G_-1-1,2015-04-13,11
G_-1-1,2015-04-20,10
G_-1-1,2015-04-27,8
G_-1-1,2015-05-04,17
G_-1-1,2015-05-11,17
G_-1-1,2015-05-18,13
G_-1-1,2015-05-25,8
G_-1-1,2015-06-01,10
G_-1-1,2015-06-08,9
G_-1-1,2015-06-15,10
G_-1-1,2015-06-22,11
G_-1-1,2015-06-29,11
G_-1-1,2015-07-06,14
G_-1-1,2015-07-13,15
G_-1-1,2015-07-20,13
G_-1-1,2015-07-27,17
G_-1-1,2015-08-03,15
G_-1-1,2015-08-10,17
G_-1-1,2015-08-17,12
G_-1-1,2015-08-24,5
G_-1-1,2015-08-31,10
G_-1-1,2015-09-07,6
G_-1-1,2015-09-14,10
G_-1-1,2015-09-21,8
G_-1-1,2015-09-28,16
G_-1-1,2015-10-05,5
G_-1-1,2015-10-12,8
G_-1-1,2015-10-19,25
G_-1-1,2015-10-26,13
G_-1-1,2015-11-02,10
G_-1-1,2015-11-09,18
G_-1-1,2015-11-16,10
G_-1-1,2015-11-23,11
G_-1-1,2015-11-30,9
G_-1-1,2015-12-07,8
G_-1-1,2015-12-14,12
G_-1-1,2015-12-21,5
G_-1-1,2015-12-28,5
G_-1-1,2016-01-04,13
G_-1-1,2016-01-11,7
G_-1-1,2016-01-18,7
G_-1-1,2016-01-25,7
G_-1-1,2016-02-01,10
G_-1-1,2016-02-08,16
G_-1-1,2016-02-15,20
G_-1-1,2016-02-22,12
G_-1-1,2016-02-29,11
G_-1-1,2016-03-07,15
G_-1-1,2016-03-14,18
G_-1-1,2016-03-21,8
G_-1-1,2016-03-28,12
G_-1-1,2016-04-04,12
G_-1-1,2016-04-11,8
G_-1-1,2016-04-18,10
G_-1-1,2016-04-25,12
G_-1-1,2016-05-02,13
G_-1-1,2016-05-09,18
G_-1-1,2016-05-16,11
G_-1-1,2016-05-23,12
G_-1-1,2016-05-30,8
G_-1-1,2016-06-06,9
G_-1-1,2016-06-13,15
G_-1-1,2016-06-20,12
G_-1-1,2016-06-27,13
G_-1-1,2016-07-04,13
G_-1-1,2016-07-11,9
G_-1-1,2016-07-18,6
G_-1-1,2016-07-25,15
G_-1-1,2016-08-01,11
G_-1-1,2016-08-08,14
G_-1-1,2016-08-15,15
G_-1-1,2016-08-22,16
G_-1-1,2016-08-29,11
G_-1-1,2016-09-05,14
G_-1-1,2016-09-12,20
G_-1-1,2016-09-19,16
G_-1-1,2016-09-26,16
G_-1-1,2016-10-03,11
G_-1-1,2016-10-10,18
G_-1-1,2016-10-17,16
G_-1-1,2016-10-24,16
G_-1-1,2016-10-31,6
G_-1-1,2016-11-07,24
G_-1-1,2016-11-14,11
G_-1-1,2016-11-21,9
G_-1-1,2016-11-28,11
G_-1-1,2016-12-05,14
G_-1-1,2016-12-12,15
G_-1-1,2016-12-19,10
G_-1-1,2016-12-26,16
G_-1-1,2017-01-02,16
G_-1-1,2017-01-09,18
G_-1-1,2017-01-16,18
G_-1-1,2017-01-23,15
G_-1-1,2017-01-30,13
G_-1-1,2017-02-06,11
G_-1-1,2017-02-13,15
G_-1-1,2017-02-20,17
G_-1-1,2017-02-27,13
G_-1-1,2017-03-06,16
G_-1-1,2017-03-13,17
G_-1-1,2017-03-20,10
G_-1-1,2017-03-27,19
G_-1-1,2017-04-03,17
G_-1-1,2017-04-10,25
G_-1-1,2017-04-17,25
G_-1-1,2017-04-24,47
G_-1-1,2017-05-01,45
G_-1-1,2017-05-08,31
G_-1-1,2017-05-15,18
G_-1-1,2017-05-22,3
G_-1-1,2017-05-29,6
G_-1-1,2017-06-05,3
G_-1-1,2017-06-12,1
G_-1-1,2017-06-19,1
G_-1-1,2017-07-03,5
G_-1-1,2017-07-10,4
G_-10,2015-05-18,1
G_-10,2015-09-21,1
G_-10,2015-10-19,1
G_-10,2016-03-14,1
G_-10,2016-09-19,1
G_-10,2016-11-07,1
G_-10,2016-12-12,1
G_-10,2017-01-23,1
G_-10,2017-03-20,2
G_-10,2017-03-27,1
G_-10,2017-04-24,1
G_-11,2015-09-14,1
G_-11,2015-09-21,1
G_-11,2015-11-23,1
G_-11,2016-04-18,2
G_-11,2016-09-19,1
G_-11,2016-10-31,1
G_-11,2016-12-19,1
G_-11,2017-02-27,1
G_-11,2017-03-06,1
G_-11,2017-03-27,2
G_-11,2017-04-10,1
G_-11,2017-04-24,1
G_-11,2017-05-01,1
G_-11,2017-05-08,1
G_-110,2015-08-03,1
G_-110,2015-08-24,1
G_-110,2015-08-31,1
G_-110,2015-10-05,1
G_-110,2015-10-12,1
G_-110,2016-01-11,1
G_-110,2016-04-11,1
G_-110,2016-04-18,1
G_-110,2016-05-16,1
G_-110,2016-06-27,1
G_-110,2016-07-25,1
G_-110,2016-09-19,1
G_-110,2016-10-10,1
G_-110,2017-01-23,1
G_-110,2017-02-13,1
G_-110,2017-02-27,1
G_-110,2017-03-27,1
G_-110,2017-04-17,1
G_-110,2017-05-01,1
G_-111,2015-03-30,1
G_-111,2015-04-27,1
G_-111,2015-05-11,2
G_-111,2015-07-06,1
G_-111,2015-07-13,1
G_-111,2015-08-10,1
G_-111,2015-08-31,1
G_-111,2015-09-21,1
G_-111,2015-10-19,1
G_-111,2015-10-26,1
G_-111,2015-11-09,1
G_-111,2015-11-16,1
G_-111,2015-11-30,1
G_-111,2015-12-07,1
G_-111,2015-12-21,1
G_-111,2015-12-28,1
G_-111,2016-01-04,1
G_-111,2016-01-25,1
G_-111,2016-02-15,1
G_-111,2016-02-29,1
G_-111,2016-05-02,2
G_-111,2016-05-09,1
G_-111,2016-05-16,1
G_-111,2016-05-30,1
G_-111,2016-07-11,1
G_-111,2016-08-01,2
G_-111,2016-08-22,1
G_-111,2016-08-29,1
G_-111,2016-10-17,1
G_-111,2016-11-28,1
G_-111,2016-12-19,1
G_-111,2017-01-02,1
G_-111,2017-01-09,1
G_-111,2017-02-06,1
G_-111,2017-03-20,1
G_-111,2017-04-17,1
G_-112,2015-03-23,1
G_-112,2015-03-30,2
G_-112,2015-04-27,1
G_-112,2015-05-18,1
G_-112,2015-05-25,1
G_-112,2015-06-08,2
G_-112,2015-06-15,1
G_-112,2015-06-22,1
G_-112,2015-06-29,3
G_-112,2015-07-06,2
G_-112,2015-07-20,2
G_-112,2015-07-27,3
G_-112,2015-08-03,1
G_-112,2015-08-17,1
G_-112,2015-08-24,1
G_-112,2015-09-14,2
G_-112,2015-09-28,1
G_-112,2015-10-19,1
G_-112,2015-11-09,1
G_-112,2015-11-16,1
G_-112,2015-11-23,1
G_-112,2015-12-07,2
G_-112,2016-01-11,1
G_-112,2016-01-18,1
G_-112,2016-01-25,1
G_-112,2016-02-15,2
G_-112,2016-02-29,1
G_-112,2016-03-07,1
G_-112,2016-03-21,1
G_-112,2016-04-18,1
G_-112,2016-04-25,1
G_-112,2016-05-02,1
G_-112,2016-05-16,2
G_-112,2016-05-23,1
G_-112,2016-05-30,1
G_-112,2016-06-06,1
G_-112,2016-06-20,1
G_-112,2016-06-27,2
G_-112,2016-07-04,1
G_-112,2016-07-25,3
G_-112,2016-08-01,1
G_-112,2016-08-08,1
G_-112,2016-08-15,1
G_-112,2016-08-22,1
G_-112,2016-08-29,2
G_-112,2016-09-19,1
G_-112,2016-10-03,1
G_-112,2016-10-10,1
G_-112,2016-10-24,1
G_-112,2016-10-31,1
G_-112,2016-11-28,1
G_-112,2016-12-12,2
G_-112,2016-12-26,1
G_-112,2017-01-09,2
G_-112,2017-01-30,1
G_-112,2017-02-20,1
G_-112,2017-02-27,2
G_-112,2017-03-20,1
G_-112,2017-03-27,1
G_-112,2017-04-10,2
G_-112,2017-04-17,1
G_-112,2017-04-24,2
G_-112,2017-05-01,1
G_-112,2017-05-08,3
G_-112,2017-06-19,2
G_-113,2015-08-24,1
G_-113,2015-09-07,1
G_-113,2015-12-07,1
G_-113,2016-01-04,1
G_-113,2016-02-29,1
G_-113,2016-04-04,1
G_-113,2016-04-25,1
G_-113,2016-08-08,1
G_-113,2017-02-20,1
G_-113,2017-05-08,1
G_-114,2015-09-07,2
G_-114,2015-10-12,1
G_-114,2015-11-09,1
G_-114,2016-01-18,1
G_-114,2016-02-29,1
G_-114,2016-03-14,1
G_-114,2016-05-09,1
G_-114,2016-05-16,1
G_-114,2016-06-27,1
G_-114,2016-08-08,1
G_-114,2016-08-22,1
G_-114,2016-10-10,1
G_-114,2016-11-21,1
G_-114,2017-01-02,1
G_-114,2017-04-17,1
G_-114,2017-04-24,1
G_-115,2015-10-19,1
G_-115,2015-10-26,1
G_-115,2016-07-25,1
G_-115,2017-01-23,1
G_-115,2017-02-20,1
G_-116,2016-07-18,1
G_-116,2016-09-12,1
G_-116,2016-09-19,1
G_-116,2016-10-10,1
G_-116,2016-11-14,1
G_-116,2017-01-23,1
G_-116,2017-03-20,1
G_-116,2017-03-27,1
G_-116,2017-05-08,2
G_-117,2015-03-16,4
G_-117,2015-03-23,13
G_-117,2015-03-30,5
G_-117,2015-04-06,8
G_-117,2015-04-13,5
G_-117,2015-04-20,8
G_-117,2015-04-27,4
G_-117,2015-05-04,6
G_-117,2015-05-11,6
G_-117,2015-05-18,5
G_-117,2015-05-25,2
G_-117,2015-06-01,5
G_-117,2015-06-08,1
G_-117,2015-06-15,7
G_-117,2015-06-22,6
G_-117,2015-06-29,4
G_-117,2015-07-06,5
G_-117,2015-07-13,6
G_-117,2015-07-20,4
G_-117,2015-07-27,5
G_-117,2015-08-03,6
G_-117,2015-08-10,5
G_-117,2015-08-17,4
G_-117,2015-08-24,2
G_-117,2015-08-31,3
G_-117,2015-09-07,5
G_-117,2015-09-14,4
G_-117,2015-09-21,7
G_-117,2015-09-28,7
G_-117,2015-10-05,3
G_-117,2015-10-12,4
G_-117,2015-10-19,6
G_-117,2015-10-26,10
G_-117,2015-11-02,10
G_-117,2015-11-09,4
G_-117,2015-11-16,3
G_-117,2015-11-23,4
G_-117,2015-11-30,7
G_-117,2015-12-07,4
G_-117,2015-12-14,4
G_-117,2015-12-21,3
G_-117,2015-12-28,2
G_-117,2016-01-04,5
G_-117,2016-01-11,2
G_-117,2016-01-18,3
G_-117,2016-01-25,6
G_-117,2016-02-01,5
G_-117,2016-02-08,3
G_-117,2016-02-15,6
G_-117,2016-02-22,3
G_-117,2016-02-29,5
G_-117,2016-03-07,6
G_-117,2016-03-14,8
G_-117,2016-03-21,2
G_-117,2016-03-28,6
G_-117,2016-04-04,2
G_-117,2016-04-11,11
G_-117,2016-04-18,2
G_-117,2016-04-25,9
G_-117,2016-05-02,3
G_-117,2016-05-09,4
G_-117,2016-05-16,6
G_-117,2016-05-23,4
G_-117,2016-05-30,7
G_-117,2016-06-06,4
G_-117,2016-06-13,9
G_-117,2016-06-20,8
G_-117,2016-06-27,5
G_-117,2016-07-04,3
G_-117,2016-07-11,5
G_-117,2016-07-18,4
G_-117,2016-07-25,3
G_-117,2016-08-01,12
G_-117,2016-08-08,6
G_-117,2016-08-15,8
G_-117,2016-08-22,5
G_-117,2016-08-29,5
G_-117,2016-09-05,11
G_-117,2016-09-12,9
G_-117,2016-09-19,9
G_-117,2016-09-26,8
G_-117,2016-10-03,9
G_-117,2016-10-10,8
G_-117,2016-10-17,15
G_-117,2016-10-24,6
G_-117,2016-10-31,12
G_-117,2016-11-07,5
G_-117,2016-11-14,4
G_-117,2016-11-21,6
G_-117,2016-11-28,2
G_-117,2016-12-05,8
G_-117,2016-12-12,6
G_-117,2016-12-19,9
G_-117,2016-12-26,2
G_-117,2017-01-02,9
G_-117,2017-01-09,9
G_-117,2017-01-16,9
G_-117,2017-01-23,7
G_-117,2017-01-30,7
G_-117,2017-02-06,9
G_-117,2017-02-13,11
G_-117,2017-02-20,9
G_-117,2017-02-27,9
G_-117,2017-03-06,5
G_-117,2017-03-13,4
G_-117,2017-03-20,13
G_-117,2017-03-27,9
G_-117,2017-04-03,7
G_-117,2017-04-10,10
G_-117,2017-04-17,9
G_-117,2017-04-24,16
G_-117,2017-05-01,10
G_-117,2017-05-08,11
G_-117,2017-05-15,2
G_-117,2017-05-29,2
G_-117,2017-06-05,1
G_-117,2017-06-12,2
G_-117,2017-06-19,1
G_-118,2015-04-20,1
G_-118,2015-04-27,1
G_-118,2015-05-04,1
G_-118,2015-05-11,1
G_-118,2015-07-20,1
G_-118,2015-08-17,1
G_-118,2015-08-24,1
G_-118,2015-10-12,1
G_-118,2015-10-26,1
G_-118,2016-02-29,1
G_-118,2016-03-14,1
G_-118,2016-04-25,2
G_-118,2016-05-23,1
G_-118,2016-05-30,1
G_-118,2016-06-06,1
G_-118,2016-06-20,1
G_-118,2016-07-18,1
G_-118,2016-08-15,1
G_-118,2016-08-22,1
G_-118,2016-10-17,1
G_-118,2016-10-24,1
G_-118,2016-10-31,1
G_-118,2016-11-28,1
G_-118,2017-01-30,1
G_-118,2017-02-13,1
G_-118,2017-04-17,2
G_-118,2017-05-08,1
G_-119,2015-04-06,1
G_-119,2015-04-27,1
G_-119,2015-05-04,1
G_-119,2015-06-01,1
G_-119,2015-06-15,1
G_-119,2015-07-13,1
G_-119,2015-09-14,1
G_-119,2015-10-05,1
G_-119,2015-10-19,1
G_-119,2015-11-09,1
G_-119,2015-11-16,1
G_-119,2016-01-04,2
G_-119,2016-02-08,1
G_-119,2016-02-29,2
G_-119,2016-03-14,2
G_-119,2016-03-21,1
G_-119,2016-04-04,1
G_-119,2016-04-11,1
G_-119,2016-04-25,1
G_-119,2016-05-02,1
G_-119,2016-05-23,2
G_-119,2016-07-18,1
G_-119,2016-08-15,1
G_-119,2016-08-29,1
G_-119,2016-09-12,1
G_-119,2016-09-19,2
G_-119,2016-09-26,2
G_-119,2016-10-17,1
G_-119,2016-10-31,1
G_-119,2016-11-14,1
G_-119,2016-12-05,1
G_-119,2016-12-12,1
G_-119,2017-01-16,1
G_-119,2017-02-27,1
G_-119,2017-03-06,1
G_-119,2017-03-13,3
G_-119,2017-03-20,3
G_-119,2017-04-03,1
G_-119,2017-04-10,2
G_-119,2017-04-17,1
G_-119,2017-05-01,1
G_-119,2017-05-08,4
G_-12,2015-03-23,1
G_-12,2015-05-18,1
G_-12,2015-06-22,1
G_-12,2015-10-05,1
G_-12,2015-10-19,1
G_-12,2016-01-11,3
G_-12,2016-01-18,1
G_-12,2016-02-08,2
G_-12,2016-04-04,1
G_-12,2016-04-11,1
G_-12,2016-06-20,1
G_-12,2016-09-12,1
G_-12,2016-10-24,1
G_-12,2016-11-07,2
G_-12,2017-01-16,1
G_-12,2017-03-06,1
G_-12,2017-03-20,1
G_-12,2017-04-03,1
G_-12,2017-04-24,1
G_-12,2017-05-08,1
G_-120,2015-03-23,1
G_-120,2015-04-06,1
G_-120,2015-04-13,1
G_-120,2015-04-20,1
G_-120,2015-04-27,1
G_-120,2015-05-04,2
G_-120,2015-05-11,2
G_-120,2015-05-18,1
G_-120,2015-06-01,1
G_-120,2015-06-22,1
G_-120,2015-06-29,1
G_-120,2015-07-06,3
G_-120,2015-07-13,1
G_-120,2015-07-27,2
G_-120,2015-08-24,2
G_-120,2015-08-31,1
G_-120,2015-09-14,2
G_-120,2015-10-19,1
G_-120,2015-11-02,2
G_-120,2015-11-30,1
G_-120,2015-12-07,1
G_-120,2015-12-28,1
G_-120,2016-01-04,1
G_-120,2016-01-18,2
G_-120,2016-01-25,1
G_-120,2016-02-01,1
G_-120,2016-02-08,1
G_-120,2016-02-15,1
G_-120,2016-02-22,1
G_-120,2016-03-14,1
G_-120,2016-03-21,1
G_-120,2016-04-04,1
G_-120,2016-04-11,3
G_-120,2016-04-18,3
G_-120,2016-05-02,1
G_-120,2016-05-09,1
G_-120,2016-05-23,1
G_-120,2016-05-30,2
G_-120,2016-06-20,1
G_-120,2016-06-27,1
G_-120,2016-07-04,2
G_-120,2016-07-11,2
G_-120,2016-07-18,1
G_-120,2016-07-25,1
G_-120,2016-08-01,2
G_-120,2016-08-08,2
G_-120,2016-09-19,1
G_-120,2016-10-17,2
G_-120,2016-10-24,1
G_-120,2016-10-31,1
G_-120,2016-11-28,1
G_-120,2016-12-12,1
G_-120,2017-01-16,1
G_-120,2017-01-23,1
G_-120,2017-02-13,1
G_-120,2017-02-20,1
G_-120,2017-03-13,1
G_-120,2017-03-27,1
G_-120,2017-04-03,1
G_-120,2017-04-10,2
G_-120,2017-04-24,1
G_-120,2017-05-01,1
G_-120,2017-05-08,1
G_-120,2017-05-15,1
G_-120,2017-05-22,2
G_-120,2017-05-29,1
G_-121,2015-05-25,1
G_-121,2015-06-29,2
G_-121,2015-09-21,1
G_-121,2015-11-09,1
G_-121,2016-01-04,1
G_-121,2016-02-08,1
G_-121,2016-02-15,1
G_-121,2016-05-09,1
G_-121,2016-06-06,1
G_-121,2016-07-18,1
G_-121,2016-07-25,1
G_-121,2016-08-29,3
G_-121,2016-09-05,1
G_-121,2016-09-12,2
G_-121,2016-10-03,1
G_-121,2016-10-10,1
G_-121,2016-10-17,1
G_-121,2016-10-31,1
G_-121,2016-11-14,1
G_-121,2016-12-05,1
G_-121,2016-12-26,1
G_-121,2017-01-09,1
G_-121,2017-01-16,1
G_-121,2017-01-23,1
G_-121,2017-01-30,1
G_-121,2017-02-06,1
G_-121,2017-02-13,1
G_-121,2017-02-27,1
G_-121,2017-03-27,2
G_-121,2017-04-03,2
G_-121,2017-04-10,1
G_-121,2017-05-08,1
G_-122,2015-03-23,1
G_-122,2015-04-06,1
G_-122,2015-04-20,1
G_-122,2015-05-18,1
G_-122,2015-06-08,2
G_-122,2015-07-20,1
G_-122,2015-07-27,2
G_-122,2015-08-10,1
G_-122,2015-08-17,1
G_-122,2015-09-07,3
G_-122,2015-09-28,1
G_-122,2015-10-12,1
G_-122,2015-11-09,1
G_-122,2015-11-16,1
G_-122,2015-11-23,1
G_-122,2015-11-30,1
G_-122,2015-12-07,1
G_-122,2015-12-14,1
G_-122,2015-12-21,1
G_-122,2016-02-01,2
G_-122,2016-02-08,2
G_-122,2016-02-22,1
G_-122,2016-02-29,1
G_-122,2016-04-04,1
G_-122,2016-05-09,1
G_-122,2016-05-16,2
G_-122,2016-05-23,1
G_-122,2016-06-06,2
G_-122,2016-06-13,1
G_-122,2016-06-20,2
G_-122,2016-06-27,1
G_-122,2016-07-04,1
G_-122,2016-07-11,1
G_-122,2016-07-18,1
G_-122,2016-08-01,1
G_-122,2016-08-15,2
G_-122,2016-10-03,1
G_-122,2016-10-10,1
G_-122,2016-10-17,1
G_-122,2016-10-24,3
G_-122,2016-12-05,2
G_-122,2016-12-19,1
G_-122,2016-12-26,1
G_-122,2017-01-09,2
G_-122,2017-02-13,1
G_-122,2017-02-27,1
G_-122,2017-03-20,1
G_-122,2017-03-27,1
G_-122,2017-04-03,2
G_-122,2017-04-10,2
G_-122,2017-04-17,1
G_-122,2017-04-24,2
G_-122,2017-05-01,1
G_-122,2017-05-08,1
G_-123,2015-04-06,1
G_-123,2015-06-01,1
G_-123,2015-06-22,1
G_-123,2015-07-13,1
G_-123,2015-07-20,2
G_-123,2015-08-17,1
G_-123,2015-09-14,2
G_-123,2015-10-05,1
G_-123,2015-12-07,1
G_-123,2016-01-11,1
G_-123,2016-01-18,1
G_-123,2016-01-25,1
G_-123,2016-02-15,2
G_-123,2016-03-21,1
G_-123,2016-05-02,1
G_-123,2016-05-16,1
G_-123,2016-06-13,1
G_-123,2016-06-20,1
G_-123,2016-09-05,1
G_-123,2016-09-12,1
G_-123,2016-10-03,1
G_-123,2017-01-16,1
G_-123,2017-01-23,1
G_-123,2017-01-30,1
G_-123,2017-02-27,1
G_-123,2017-04-03,1
G_-123,2017-04-24,3
G_-123,2017-05-08,3
G_-123,2017-05-29,1
G_-124,2015-04-13,1
G_-124,2015-05-18,2
G_-124,2015-05-25,1
G_-124,2015-06-15,1
G_-124,2015-06-22,2
G_-124,2015-07-06,1
G_-124,2015-07-13,2
G_-124,2015-07-27,1
G_-124,2015-08-10,1
G_-124,2015-08-17,1
G_-124,2015-08-24,1
G_-124,2015-09-21,1
G_-124,2015-09-28,1
G_-124,2015-10-05,1
G_-124,2015-10-19,1
G_-124,2015-10-26,1
G_-124,2015-12-21,1
G_-124,2015-12-28,1
G_-124,2016-01-04,1
G_-124,2016-02-08,1
G_-124,2016-02-29,1
G_-124,2016-03-14,2
G_-124,2016-04-11,1
G_-124,2016-04-18,1
G_-124,2016-04-25,2
G_-124,2016-05-30,1
G_-124,2016-06-06,3
G_-124,2016-06-13,1
G_-124,2016-06-20,2
G_-124,2016-07-18,1
G_-124,2016-08-08,1
G_-124,2016-08-15,2
G_-124,2016-08-29,1
G_-124,2016-09-19,1
G_-124,2016-10-24,1
G_-124,2016-11-14,1
G_-124,2016-11-21,1
G_-124,2016-12-26,1
G_-124,2017-01-23,1
G_-124,2017-01-30,1
G_-124,2017-02-06,1
G_-124,2017-03-13,1
G_-124,2017-03-20,1
G_-124,2017-04-24,2
G_-124,2017-05-15,1
G_-125,2015-08-03,1
G_-125,2015-08-10,1
G_-125,2015-09-07,2
G_-125,2015-09-21,1
G_-125,2015-10-05,1
G_-125,2016-01-04,1
G_-125,2016-05-16,1
G_-125,2016-07-04,1
G_-125,2016-09-19,1
G_-125,2017-01-16,2
G_-125,2017-01-30,1
G_-125,2017-03-20,1
G_-125,2017-04-17,1
G_-125,2017-05-01,1
G_-125,2017-05-08,1
G_-126,2015-03-23,1
G_-126,2015-05-04,1
G_-126,2015-05-11,1
G_-126,2015-06-01,1
G_-126,2015-06-15,1
G_-126,2015-07-13,1
G_-126,2015-07-20,1
G_-126,2015-07-27,2
G_-126,2015-08-03,1
G_-126,2015-08-10,1
G_-126,2015-08-17,1
G_-126,2015-08-24,2
G_-126,2015-08-31,1
G_-126,2015-09-07,1
G_-126,2015-09-21,1
G_-126,2015-10-05,1
G_-126,2015-10-12,3
G_-126,2015-10-26,2
G_-126,2015-11-02,1
G_-126,2015-11-09,2
G_-126,2015-11-16,1
G_-126,2015-11-30,1
G_-126,2015-12-28,2
G_-126,2016-01-04,1
G_-126,2016-01-11,1
G_-126,2016-02-01,1
G_-126,2016-03-07,1
G_-126,2016-03-28,1
G_-126,2016-04-04,2
G_-126,2016-04-18,3
G_-126,2016-04-25,1
G_-126,2016-05-02,1
G_-126,2016-05-16,2
G_-126,2016-05-23,2
G_-126,2016-06-13,1
G_-126,2016-06-20,1
G_-126,2016-07-04,4
G_-126,2016-07-11,1
G_-126,2016-07-18,1
G_-126,2016-08-01,1
G_-126,2016-08-15,1
G_-126,2016-08-22,3
G_-126,2016-09-05,2
G_-126,2016-09-12,3
G_-126,2016-09-19,1
G_-126,2016-09-26,1
G_-126,2016-10-03,2
G_-126,2016-10-10,1
G_-126,2016-10-17,2
G_-126,2016-10-31,1
G_-126,2016-11-07,1
G_-126,2016-11-14,1
G_-126,2016-11-21,1
G_-126,2016-11-28,1
G_-126,2016-12-12,3
G_-126,2016-12-19,1
G_-126,2017-01-02,2
G_-126,2017-01-09,1
G_-126,2017-01-16,21
G_-126,2017-01-23,4
G_-126,2017-01-30,2
G_-126,2017-02-06,3
G_-126,2017-02-13,3
G_-126,2017-02-20,2
G_-126,2017-02-27,2
G_-126,2017-03-06,6
G_-126,2017-03-13,5
G_-126,2017-03-20,2
G_-126,2017-03-27,3
G_-126,2017-04-03,2
G_-126,2017-04-10,1
G_-126,2017-04-17,4
G_-126,2017-04-24,4
G_-126,2017-05-01,3
G_-126,2017-05-08,2
G_-127,2015-03-16,1
G_-127,2015-03-30,1
G_-127,2015-04-06,2
G_-127,2015-04-20,1
G_-127,2015-04-27,1
G_-127,2015-05-04,1
G_-127,2015-06-01,1
G_-127,2015-06-08,1
G_-127,2015-06-15,1
G_-127,2015-07-06,1
G_-127,2015-07-13,1
G_-127,2015-07-27,1
G_-127,2015-08-17,1
G_-127,2015-08-24,1
G_-127,2015-09-07,1
G_-127,2015-09-14,1
G_-127,2015-09-28,1
G_-127,2015-10-05,1
G_-127,2015-11-02,1
G_-127,2015-11-09,1
G_-127,2015-12-07,1
G_-127,2015-12-28,1
G_-127,2016-02-01,1
G_-127,2016-02-15,1
G_-127,2016-02-29,1
G_-127,2016-03-07,2
G_-127,2016-03-14,3
G_-127,2016-03-21,2
G_-127,2016-04-18,1
G_-127,2016-04-25,1
G_-127,2016-05-23,1
G_-127,2016-07-18,2
G_-127,2016-08-01,1
G_-127,2016-08-08,2
G_-127,2016-08-15,1
G_-127,2016-09-19,1
G_-127,2016-10-03,2
G_-127,2016-10-24,2
G_-127,2016-11-07,1
G_-127,2016-11-21,1
G_-127,2016-11-28,1
G_-127,2016-12-05,1
G_-127,2016-12-12,1
G_-127,2016-12-26,2
G_-127,2017-01-09,1
G_-127,2017-01-16,1
G_-127,2017-01-23,1
G_-127,2017-02-13,1
G_-127,2017-02-20,1
G_-127,2017-02-27,1
G_-127,2017-03-13,3
G_-127,2017-04-03,2
G_-127,2017-04-24,3
G_-127,2017-05-01,1
G_-127,2017-05-08,2
G_-127,2017-05-29,1
G_-128,2015-03-23,1
G_-128,2015-04-06,1
G_-128,2015-05-11,3
G_-128,2015-06-29,2
G_-128,2015-07-27,1
G_-128,2015-10-05,1
G_-128,2015-11-02,1
G_-128,2016-02-08,1
G_-128,2016-02-29,1
G_-128,2016-03-14,1
G_-128,2016-07-04,1
G_-128,2016-07-25,1
G_-128,2016-08-08,1
G_-128,2016-08-15,1
G_-128,2016-09-19,1
G_-128,2016-10-24,1
G_-128,2016-11-28,1
G_-128,2017-01-30,1
G_-128,2017-04-03,1
G_-128,2017-04-17,2
G_-128,2017-05-29,2
G_-128,2017-06-05,1
G_-129,2015-03-23,1
G_-129,2015-06-08,1
G_-129,2015-08-17,2
G_-129,2015-09-07,1
G_-129,2016-03-28,1
G_-129,2016-05-09,1
G_-129,2016-05-16,1
G_-129,2016-05-23,1
G_-129,2016-05-30,1
G_-129,2016-07-25,1
G_-129,2016-11-14,2
G_-129,2016-11-21,1
G_-129,2016-11-28,1
G_-129,2016-12-05,2
G_-129,2017-01-02,1
G_-129,2017-02-27,1
G_-129,2017-03-06,2
G_-129,2017-03-13,1
G_-129,2017-04-03,1
G_-129,2017-04-10,1
G_-129,2017-05-08,2
G_-129,2017-05-22,1
G_-13,2015-03-23,1
G_-13,2015-03-30,1
G_-13,2015-04-20,1
G_-13,2015-05-18,1
G_-13,2015-07-06,1
G_-13,2015-08-03,1
G_-13,2015-08-24,1
G_-13,2015-10-05,2
G_-13,2015-11-16,1
G_-13,2016-01-04,1
G_-13,2016-01-11,1
G_-13,2016-02-08,2
G_-13,2016-02-22,1
G_-13,2016-03-07,1
G_-13,2016-03-28,1
G_-13,2016-04-11,1
G_-13,2016-04-18,1
G_-13,2016-04-25,1
G_-13,2016-06-20,1
G_-13,2016-07-04,1
G_-13,2016-07-11,1
G_-13,2016-09-05,1
G_-13,2016-10-31,1
G_-13,2016-12-26,1
G_-13,2017-01-02,1
G_-13,2017-02-06,2
G_-13,2017-02-20,1
G_-13,2017-03-06,1
G_-13,2017-04-24,1
G_-13,2017-05-08,2
G_-130,2015-07-06,1
G_-130,2015-07-20,1
G_-130,2015-09-07,1
G_-130,2015-09-28,1
G_-130,2015-11-02,2
G_-130,2016-03-28,1
G_-130,2016-05-02,1
G_-130,2016-05-23,2
G_-130,2016-07-04,1
G_-130,2016-08-08,1
G_-130,2016-08-29,1
G_-130,2016-09-12,1
G_-130,2016-11-14,1
G_-130,2017-02-06,1
G_-130,2017-03-20,1
G_-130,2017-04-03,1
G_-130,2017-04-10,1
G_-131,2015-03-23,1
G_-131,2015-05-04,1
G_-131,2015-05-11,2
G_-131,2015-07-13,1
G_-131,2015-08-03,1
G_-131,2015-09-14,2
G_-131,2015-09-28,1
G_-131,2015-10-05,1
G_-131,2015-10-26,2
G_-131,2015-12-07,2
G_-131,2016-01-18,1
G_-131,2016-02-15,1
G_-131,2016-02-22,1
G_-131,2016-03-21,1
G_-131,2016-03-28,2
G_-131,2016-04-25,1
G_-131,2016-05-02,1
G_-131,2016-05-09,1
G_-131,2016-05-30,1
G_-131,2016-06-06,1
G_-131,2016-06-20,2
G_-131,2016-06-27,1
G_-131,2016-07-04,1
G_-131,2016-08-08,1
G_-131,2016-08-15,1
G_-131,2016-09-26,1
G_-131,2016-10-03,2
G_-131,2016-10-31,1
G_-131,2016-11-07,1
G_-131,2016-11-14,1
G_-131,2016-12-05,1
G_-131,2017-01-02,1
G_-131,2017-03-20,1
G_-131,2017-04-10,1
G_-131,2017-04-24,1
G_-131,2017-05-01,3
G_-131,2017-05-08,2
G_-131,2017-05-22,1
G_-132,2015-05-04,1
G_-132,2015-06-01,1
G_-132,2015-06-15,1
G_-132,2015-06-29,1
G_-132,2015-07-06,1
G_-132,2015-07-27,1
G_-132,2015-08-03,1
G_-132,2015-08-31,1
G_-132,2015-09-07,1
G_-132,2015-09-14,1
G_-132,2015-09-28,1
G_-132,2015-10-26,1
G_-132,2015-11-02,1
G_-132,2015-12-07,1
G_-132,2016-01-25,2
G_-132,2016-02-01,1
G_-132,2016-02-29,1
G_-132,2016-03-21,1
G_-132,2016-03-28,1
G_-132,2016-04-18,1
G_-132,2016-04-25,2
G_-132,2016-05-02,2
G_-132,2016-05-09,1
G_-132,2016-06-13,1
G_-132,2016-07-04,1
G_-132,2016-08-01,1
G_-132,2016-08-29,1
G_-132,2016-09-26,1
G_-132,2016-10-03,1
G_-132,2016-10-10,1
G_-132,2016-12-12,1
G_-132,2016-12-19,1
G_-132,2017-02-13,1
G_-132,2017-02-20,1
G_-132,2017-02-27,1
G_-132,2017-03-20,2
G_-132,2017-04-03,1
G_-132,2017-04-17,1
G_-132,2017-04-24,1
G_-132,2017-05-01,4
G_-133,2015-03-30,3
G_-133,2015-06-29,1
G_-133,2015-08-31,2
G_-133,2015-09-07,1
G_-133,2015-12-28,1
G_-133,2016-05-30,1
G_-133,2016-06-06,1
G_-133,2016-06-13,1
G_-133,2016-06-27,1
G_-133,2016-09-05,1
G_-133,2016-09-12,2
G_-133,2016-10-24,2
G_-133,2016-12-12,1
G_-133,2017-01-16,2
G_-133,2017-01-23,1
G_-133,2017-02-27,1
G_-133,2017-04-10,1
G_-133,2017-04-24,5
G_-133,2017-05-08,1
G_-134,2015-03-23,1
G_-134,2015-04-27,1
G_-134,2015-07-20,1
G_-134,2016-04-04,1
G_-134,2016-04-11,1
G_-134,2016-05-23,2
G_-134,2016-06-27,2
G_-134,2016-07-04,1
G_-134,2016-07-11,1
G_-134,2016-07-18,1
G_-134,2016-09-19,1
G_-134,2016-10-31,1
G_-134,2017-03-13,1
G_-134,2017-04-03,1
G_-134,2017-04-10,1
G_-134,2017-04-17,1
G_-134,2017-04-24,1
G_-134,2017-05-01,1
G_-135,2015-03-23,2
G_-135,2015-03-30,2
G_-135,2015-04-06,8
G_-135,2015-04-13,6
G_-135,2015-04-20,8
G_-135,2015-04-27,6
G_-135,2015-05-04,2
G_-135,2015-05-11,5
G_-135,2015-05-18,6
G_-135,2015-05-25,1
G_-135,2015-06-01,2
G_-135,2015-06-08,3
G_-135,2015-06-15,5
G_-135,2015-06-22,9
G_-135,2015-06-29,3
G_-135,2015-07-06,5
G_-135,2015-07-13,3
G_-135,2015-07-20,2
G_-135,2015-07-27,3
G_-135,2015-08-03,6
G_-135,2015-08-10,3
G_-135,2015-08-17,2
G_-135,2015-08-24,7
G_-135,2015-08-31,3
G_-135,2015-09-07,1
G_-135,2015-09-14,1
G_-135,2015-09-21,1
G_-135,2015-09-28,8
G_-135,2015-10-05,4
G_-135,2015-10-12,2
G_-135,2015-10-19,5
G_-135,2015-10-26,7
G_-135,2015-11-02,8
G_-135,2015-11-09,6
G_-135,2015-11-16,2
G_-135,2015-11-23,1
G_-135,2015-11-30,2
G_-135,2015-12-07,2
G_-135,2015-12-14,3
G_-135,2015-12-21,3
G_-135,2015-12-28,2
G_-135,2016-01-04,2
G_-135,2016-01-11,7
G_-135,2016-01-18,4
G_-135,2016-01-25,2
G_-135,2016-02-01,1
G_-135,2016-02-08,2
G_-135,2016-02-15,3
G_-135,2016-02-22,4
G_-135,2016-03-07,4
G_-135,2016-03-14,3
G_-135,2016-03-21,3
G_-135,2016-03-28,4
G_-135,2016-04-04,2
G_-135,2016-04-11,2
G_-135,2016-04-18,5
G_-135,2016-04-25,4
G_-135,2016-05-02,1
G_-135,2016-05-16,2
G_-135,2016-05-23,3
G_-135,2016-05-30,2
G_-135,2016-06-06,3
G_-135,2016-06-13,2
G_-135,2016-06-20,3
G_-135,2016-06-27,3
G_-135,2016-07-04,1
G_-135,2016-07-11,2
G_-135,2016-07-18,4
G_-135,2016-07-25,4
G_-135,2016-08-01,4
G_-135,2016-08-08,3
G_-135,2016-08-15,6
G_-135,2016-08-22,2
G_-135,2016-08-29,5
G_-135,2016-09-05,2
G_-135,2016-09-12,2
G_-135,2016-09-19,2
G_-135,2016-09-26,4
G_-135,2016-10-10,1
G_-135,2016-10-24,5
G_-135,2016-10-31,4
G_-135,2016-11-07,1
G_-135,2016-11-14,3
G_-135,2016-11-21,2
G_-135,2016-11-28,2
G_-135,2016-12-12,1
G_-135,2016-12-19,1
G_-135,2016-12-26,3
G_-135,2017-01-02,1
G_-135,2017-01-09,1
G_-135,2017-01-16,4
G_-135,2017-01-23,6
G_-135,2017-01-30,2
G_-135,2017-02-06,4
G_-135,2017-02-13,4
G_-135,2017-02-27,3
G_-135,2017-03-06,1
G_-135,2017-03-13,2
G_-135,2017-03-20,5
G_-135,2017-03-27,4
G_-135,2017-04-03,2
G_-135,2017-04-10,1
G_-135,2017-04-17,5
G_-135,2017-04-24,6
G_-135,2017-05-01,6
G_-135,2017-05-08,3
G_-135,2017-05-15,2
G_-135,2017-05-29,1
G_-135,2017-06-12,1
G_-136,2015-05-04,1
G_-136,2015-06-15,1
G_-136,2015-06-22,1
G_-136,2015-07-13,1
G_-136,2015-07-20,1
G_-136,2015-08-10,1
G_-136,2015-08-17,1
G_-136,2015-10-12,2
G_-136,2015-12-14,1
G_-136,2016-01-25,1
G_-136,2016-02-01,1
G_-136,2016-03-14,1
G_-136,2016-08-08,1
G_-136,2016-08-29,1
G_-136,2016-12-26,1
G_-136,2017-01-16,1
G_-136,2017-03-06,1
G_-136,2017-04-17,2
G_-136,2017-05-01,1
G_-137,2015-03-30,1
G_-137,2015-04-06,1
G_-137,2015-04-20,1
G_-137,2015-05-04,2
G_-137,2015-06-01,1
G_-137,2015-06-08,2
G_-137,2015-06-22,1
G_-137,2015-07-13,2
G_-137,2015-07-27,1
G_-137,2015-08-24,1
G_-137,2015-08-31,1
G_-137,2015-09-07,1
G_-137,2015-09-21,1
G_-137,2015-10-26,1
G_-137,2015-11-16,1
G_-137,2015-11-23,1
G_-137,2015-12-28,1
G_-137,2016-01-11,2
G_-137,2016-02-08,2
G_-137,2016-02-15,1
G_-137,2016-02-29,2
G_-137,2016-03-21,1
G_-137,2016-03-28,1
G_-137,2016-04-25,2
G_-137,2016-05-09,1
G_-137,2016-05-30,1
G_-137,2016-07-04,1
G_-137,2016-07-11,1
G_-137,2016-07-25,1
G_-137,2016-09-19,1
G_-137,2016-10-03,1
G_-137,2016-10-10,1
G_-137,2016-10-31,3
G_-137,2016-11-14,2
G_-137,2016-11-21,2
G_-137,2016-11-28,1
G_-137,2016-12-05,2
G_-137,2017-01-23,1
G_-137,2017-01-30,1
G_-137,2017-02-20,1
G_-137,2017-02-27,1
G_-137,2017-03-06,1
G_-137,2017-03-20,4
G_-137,2017-03-27,1
G_-137,2017-04-10,2
G_-137,2017-04-17,2
G_-137,2017-04-24,4
G_-137,2017-05-01,1
G_-137,2017-05-22,1
G_-137,2017-05-29,2
G_-137,2017-06-05,1
G_-138,2015-04-13,1
G_-138,2015-04-27,1
G_-138,2015-05-04,1
G_-138,2015-06-15,1
G_-138,2015-06-29,3
G_-138,2015-07-06,1
G_-138,2015-07-13,1
G_-138,2015-07-20,1
G_-138,2015-08-31,1
G_-138,2015-09-07,1
G_-138,2015-09-14,1
G_-138,2015-09-21,2
G_-138,2015-10-19,2
G_-138,2015-11-23,1
G_-138,2015-12-07,1
G_-138,2015-12-14,2
G_-138,2015-12-21,1
G_-138,2016-01-04,1
G_-138,2016-01-11,1
G_-138,2016-01-25,2
G_-138,2016-02-15,1
G_-138,2016-02-22,1
G_-138,2016-03-14,1
G_-138,2016-03-21,1
G_-138,2016-04-11,2
G_-138,2016-05-02,1
G_-138,2016-07-04,1
G_-138,2016-07-11,2
G_-138,2016-07-25,1
G_-138,2016-08-29,1
G_-138,2016-10-03,2
G_-138,2016-10-10,1
G_-138,2016-11-14,2
G_-138,2016-12-26,1
G_-138,2017-01-09,2
G_-138,2017-01-16,1
G_-138,2017-01-23,1
G_-138,2017-01-30,1
G_-138,2017-02-06,3
G_-138,2017-02-13,2
G_-138,2017-02-20,2
G_-138,2017-02-27,1
G_-138,2017-03-20,1
G_-138,2017-04-03,2
G_-138,2017-04-17,1
G_-138,2017-04-24,2
G_-138,2017-05-01,3
G_-138,2017-05-08,1
G_-138,2017-05-15,2
G_-139,2015-06-01,1
G_-139,2015-07-06,1
G_-139,2015-07-20,1
G_-139,2015-08-03,1
G_-139,2015-08-31,1
G_-139,2015-09-14,1
G_-139,2015-11-09,1
G_-139,2016-02-29,1
G_-139,2016-03-07,1
G_-139,2016-04-11,1
G_-139,2016-05-09,1
G_-139,2016-06-06,1
G_-139,2016-07-25,1
G_-139,2016-08-08,1
G_-139,2016-08-15,1
G_-139,2017-01-09,1
G_-139,2017-02-27,1
G_-139,2017-03-20,1
G_-139,2017-04-03,1
G_-14,2015-05-18,1
G_-14,2015-08-24,1
G_-14,2015-11-16,1
G_-14,2015-12-28,1
G_-14,2016-07-18,1
G_-14,2017-01-02,1
G_-14,2017-01-30,1
G_-14,2017-02-20,1
G_-14,2017-03-06,1
G_-14,2017-05-15,1
G_-140,2015-05-11,1
G_-140,2015-05-25,2
G_-140,2015-06-01,1
G_-140,2015-08-17,2
G_-140,2015-10-26,1
G_-140,2015-11-23,1
G_-140,2015-12-28,1
G_-140,2016-01-18,1
G_-140,2016-02-01,1
G_-140,2016-02-22,1
G_-140,2016-02-29,1
G_-140,2016-03-21,1
G_-140,2016-06-27,2
G_-140,2016-07-25,1
G_-140,2016-08-29,1
G_-140,2016-10-17,1
G_-140,2016-10-24,1
G_-140,2016-11-07,2
G_-140,2016-12-05,1
G_-140,2016-12-26,1
G_-140,2017-01-16,1
G_-140,2017-02-27,1
G_-140,2017-03-13,1
G_-140,2017-04-24,1
G_-141,2015-06-08,1
G_-141,2015-07-06,1
G_-141,2015-08-17,1
G_-141,2015-10-26,1
G_-141,2015-11-02,1
G_-141,2015-11-09,1
G_-141,2016-02-08,1
G_-141,2016-04-25,1
G_-141,2016-05-30,1
G_-141,2016-07-25,1
G_-141,2017-01-30,1
G_-141,2017-02-27,1
G_-141,2017-03-06,1
G_-142,2015-03-16,1
G_-142,2015-03-23,1
G_-142,2015-04-06,3
G_-142,2015-04-13,2
G_-142,2015-04-20,4
G_-142,2015-04-27,1
G_-142,2015-05-04,1
G_-142,2015-05-11,3
G_-142,2015-05-18,2
G_-142,2015-05-25,3
G_-142,2015-06-01,5
G_-142,2015-06-08,3
G_-142,2015-06-15,1
G_-142,2015-06-22,4
G_-142,2015-06-29,3
G_-142,2015-07-06,1
G_-142,2015-07-13,4
G_-142,2015-07-20,2
G_-142,2015-07-27,1
G_-142,2015-08-03,3
G_-142,2015-08-10,1
G_-142,2015-08-17,5
G_-142,2015-08-24,2
G_-142,2015-08-31,3
G_-142,2015-09-14,4
G_-142,2015-09-21,1
G_-142,2015-09-28,1
G_-142,2015-10-05,1
G_-142,2015-10-12,3
G_-142,2015-10-19,1
G_-142,2015-10-26,6
G_-142,2015-11-02,2
G_-142,2015-11-23,1
G_-142,2015-11-30,1
G_-142,2015-12-07,2
G_-142,2015-12-21,1
G_-142,2015-12-28,2
G_-142,2016-01-11,4
G_-142,2016-01-18,2
G_-142,2016-01-25,4
G_-142,2016-02-01,1
G_-142,2016-02-08,3
G_-142,2016-02-22,2
G_-142,2016-02-29,1
G_-142,2016-03-07,1
G_-142,2016-03-14,3
G_-142,2016-03-21,1
G_-142,2016-03-28,1
G_-142,2016-04-11,1
G_-142,2016-04-18,3
G_-142,2016-05-02,3
G_-142,2016-05-09,1
G_-142,2016-05-16,3
G_-142,2016-05-23,2
G_-142,2016-05-30,2
G_-142,2016-06-06,1
G_-142,2016-06-13,1
G_-142,2016-06-20,3
G_-142,2016-06-27,2
G_-142,2016-07-04,1
G_-142,2016-07-25,1
G_-142,2016-08-08,3
G_-142,2016-08-15,3
G_-142,2016-08-22,2
G_-142,2016-09-05,2
G_-142,2016-09-12,2
G_-142,2016-09-19,1
G_-142,2016-09-26,3
G_-142,2016-10-03,3
G_-142,2016-10-10,3
G_-142,2016-10-17,2
G_-142,2016-10-24,1
G_-142,2016-10-31,1
G_-142,2016-11-14,3
G_-142,2016-11-28,3
G_-142,2016-12-12,1
G_-142,2016-12-19,6
G_-142,2017-01-09,2
G_-142,2017-01-16,5
G_-142,2017-01-23,4
G_-142,2017-01-30,2
G_-142,2017-02-06,4
G_-142,2017-02-13,1
G_-142,2017-02-27,1
G_-142,2017-03-13,2
G_-142,2017-03-20,1
G_-142,2017-03-27,2
G_-142,2017-04-03,3
G_-142,2017-04-10,7
G_-142,2017-04-17,4
G_-142,2017-04-24,2
G_-142,2017-05-01,3
G_-142,2017-05-08,3
G_-142,2017-05-15,2
G_-142,2017-05-22,1
G_-142,2017-06-12,1
G_-142,2017-06-19,1
G_-143,2015-09-21,1
G_-143,2015-12-07,1
G_-143,2016-06-13,1
G_-143,2016-06-20,1
G_-143,2016-08-29,1
G_-143,2016-10-03,1
G_-143,2016-10-10,1
G_-143,2016-12-05,1
G_-143,2017-04-03,1
G_-143,2017-04-24,3
G_-143,2017-05-08,3
G_-144,2015-03-16,1
G_-144,2015-03-23,1
G_-144,2015-04-13,2
G_-144,2015-04-20,1
G_-144,2015-06-15,1
G_-144,2015-06-29,1
G_-144,2015-07-06,3
G_-144,2015-07-13,2
G_-144,2015-07-20,2
G_-144,2015-07-27,1
G_-144,2015-08-03,1
G_-144,2015-08-10,3
G_-144,2015-09-14,2
G_-144,2015-09-21,1
G_-144,2015-10-12,1
G_-144,2015-10-19,1
G_-144,2015-11-09,1
G_-144,2015-11-16,1
G_-144,2015-11-30,3
G_-144,2016-02-01,1
G_-144,2016-02-15,1
G_-144,2016-02-29,1
G_-144,2016-03-21,1
G_-144,2016-03-28,2
G_-144,2016-05-02,1
G_-144,2016-05-23,1
G_-144,2016-05-30,1
G_-144,2016-06-06,2
G_-144,2016-07-18,1
G_-144,2016-08-22,2
G_-144,2016-09-05,1
G_-144,2016-09-12,1
G_-144,2016-09-19,1
G_-144,2016-10-03,1
G_-144,2016-10-10,2
G_-144,2016-10-17,2
G_-144,2016-10-24,1
G_-144,2016-11-07,1
G_-144,2016-11-14,1
G_-144,2016-11-21,1
G_-144,2016-12-05,1
G_-144,2016-12-12,1
G_-144,2016-12-26,2
G_-144,2017-01-23,1
G_-144,2017-01-30,1
G_-144,2017-02-06,2
G_-144,2017-02-20,2
G_-144,2017-02-27,1
G_-144,2017-03-13,1
G_-144,2017-03-27,2
G_-144,2017-04-17,2
G_-144,2017-04-24,1
G_-144,2017-05-01,1
G_-144,2017-05-08,2
G_-145,2015-04-13,1
G_-145,2015-05-04,1
G_-145,2015-06-08,1
G_-145,2015-07-06,1
G_-145,2015-07-13,1
G_-145,2015-08-03,1
G_-145,2015-08-17,1
G_-145,2015-10-05,2
G_-145,2015-10-19,1
G_-145,2016-01-18,1
G_-145,2016-02-15,1
G_-145,2016-02-22,1
G_-145,2016-02-29,2
G_-145,2016-03-14,1
G_-145,2016-03-21,1
G_-145,2016-03-28,1
G_-145,2016-05-09,2
G_-145,2016-05-16,1
G_-145,2016-06-06,2
G_-145,2016-06-27,1
G_-145,2016-07-11,2
G_-145,2016-07-25,1
G_-145,2016-09-19,1
G_-145,2016-10-10,1
G_-145,2016-10-17,1
G_-145,2016-11-14,1
G_-145,2016-11-28,1
G_-145,2016-12-19,1
G_-145,2017-03-20,1
G_-145,2017-04-03,1
G_-145,2017-04-10,2
G_-145,2017-04-17,1
G_-145,2017-05-01,1
G_-146,2015-03-16,1
G_-146,2015-07-20,1
G_-146,2015-08-24,1
G_-146,2015-09-07,1
G_-146,2015-09-28,1
G_-146,2015-10-26,1
G_-146,2015-12-21,1
G_-146,2016-03-28,1
G_-146,2016-04-04,1
G_-146,2016-04-25,1
G_-146,2016-05-02,1
G_-146,2016-06-13,1
G_-146,2016-06-27,1
G_-146,2016-07-25,1
G_-146,2016-08-29,1
G_-146,2016-10-17,1
G_-146,2016-12-05,1
G_-146,2017-01-09,1
G_-146,2017-02-06,1
G_-146,2017-03-20,1
G_-146,2017-03-27,1
G_-146,2017-04-17,1
G_-146,2017-05-08,1
G_-147,2015-04-13,1
G_-147,2015-06-01,1
G_-147,2015-06-08,1
G_-147,2015-07-27,1
G_-147,2015-10-26,1
G_-147,2015-12-28,1
G_-147,2016-01-11,1
G_-147,2016-05-09,1
G_-147,2016-11-21,1
G_-147,2017-01-02,1
G_-147,2017-01-30,1
G_-147,2017-04-24,1
G_-147,2017-05-01,1
G_-148,2015-03-16,1
G_-148,2015-03-23,1
G_-148,2015-04-27,1
G_-148,2015-05-18,2
G_-148,2015-06-22,2
G_-148,2015-06-29,1
G_-148,2015-07-13,1
G_-148,2015-09-28,1
G_-148,2015-10-19,1
G_-148,2016-01-11,1
G_-148,2016-01-18,1
G_-148,2016-01-25,1
G_-148,2016-02-01,1
G_-148,2016-02-15,1
G_-148,2016-02-29,1
G_-148,2016-03-07,1
G_-148,2016-05-09,1
G_-148,2016-05-16,1
G_-148,2016-05-23,1
G_-148,2016-07-04,1
G_-148,2016-07-11,1
G_-148,2016-09-05,1
G_-148,2016-09-19,1
G_-148,2016-11-21,1
G_-148,2017-04-17,1
G_-148,2017-04-24,1
G_-148,2017-05-22,1
G_-149,2015-03-23,2
G_-149,2015-04-27,1
G_-149,2015-06-15,1
G_-149,2015-07-13,1
G_-149,2015-07-27,1
G_-149,2015-11-02,1
G_-149,2015-11-30,1
G_-149,2015-12-07,1
G_-149,2015-12-28,1
G_-149,2016-02-15,1
G_-149,2016-02-29,1
G_-149,2016-05-16,1
G_-149,2016-05-30,1
G_-149,2016-06-13,1
G_-149,2016-07-04,1
G_-149,2016-07-18,1
G_-149,2016-08-22,1
G_-149,2016-09-19,1
G_-149,2016-09-26,1
G_-149,2016-10-03,3
G_-149,2016-10-10,1
G_-149,2016-10-17,3
G_-149,2016-10-24,1
G_-149,2016-10-31,1
G_-149,2016-11-07,1
G_-149,2017-01-16,1
G_-149,2017-01-30,1
G_-149,2017-02-20,1
G_-149,2017-02-27,1
G_-149,2017-03-27,1
G_-149,2017-04-17,1
G_-149,2017-04-24,9
G_-149,2017-05-01,3
G_-149,2017-05-08,1
G_-149,2017-05-22,1
G_-15,2015-05-11,1
G_-15,2015-06-29,1
G_-15,2015-08-17,1
G_-15,2015-11-02,2
G_-15,2015-11-09,1
G_-15,2015-11-16,1
G_-15,2015-11-30,1
G_-15,2016-01-25,1
G_-15,2016-02-08,1
G_-15,2016-05-02,2
G_-15,2016-05-09,1
G_-15,2016-05-30,1
G_-15,2016-06-27,1
G_-15,2016-07-11,1
G_-15,2016-08-08,1
G_-15,2016-10-10,1
G_-15,2016-12-26,2
G_-15,2017-01-16,1
G_-15,2017-01-23,1
G_-15,2017-02-06,1
G_-15,2017-02-27,1
G_-15,2017-03-06,2
G_-15,2017-04-17,1
G_-15,2017-07-10,1
G_-150,2015-04-20,1
G_-150,2015-05-11,1
G_-150,2015-06-15,1
G_-150,2015-06-29,1
G_-150,2015-08-10,1
G_-150,2015-08-17,1
G_-150,2015-09-07,1
G_-150,2015-09-21,1
G_-150,2015-11-16,1
G_-150,2015-11-23,1
G_-150,2015-11-30,1
G_-150,2016-06-20,1
G_-150,2017-01-09,1
G_-150,2017-02-06,1
G_-150,2017-03-13,2
G_-150,2017-04-10,1
G_-150,2017-04-24,3
G_-150,2017-05-29,1
G_-151,2015-03-30,1
G_-151,2015-04-27,1
G_-151,2015-07-27,2
G_-151,2015-08-10,1
G_-151,2015-09-14,1
G_-151,2015-09-28,2
G_-151,2015-10-12,1
G_-151,2015-10-26,1
G_-151,2015-11-09,1
G_-151,2015-12-14,1
G_-151,2016-01-25,1
G_-151,2016-02-08,1
G_-151,2016-02-22,1
G_-151,2016-02-29,2
G_-151,2016-03-14,1
G_-151,2016-03-21,1
G_-151,2016-04-11,1
G_-151,2016-04-25,1
G_-151,2016-06-20,1
G_-151,2016-07-25,1
G_-151,2016-08-08,1
G_-151,2016-08-22,2
G_-151,2016-09-05,1
G_-151,2016-10-24,1
G_-151,2016-12-05,1
G_-151,2016-12-26,1
G_-151,2017-01-23,1
G_-151,2017-01-30,1
G_-151,2017-02-13,1
G_-151,2017-03-06,1
G_-151,2017-04-03,1
G_-151,2017-04-10,1
G_-151,2017-05-01,1
G_-152,2015-03-23,1
G_-152,2015-06-08,1
G_-152,2015-06-22,1
G_-152,2015-08-10,1
G_-152,2015-09-07,1
G_-152,2015-09-28,1
G_-152,2015-11-09,1
G_-152,2015-12-28,2
G_-152,2016-01-04,2
G_-152,2016-02-29,1
G_-152,2016-05-23,1
G_-152,2016-06-06,1
G_-152,2016-06-20,5
G_-152,2016-06-27,1
G_-152,2016-07-25,3
G_-152,2016-08-01,1
G_-152,2016-08-15,2
G_-152,2016-08-22,1
G_-152,2016-10-03,1
G_-152,2016-10-24,1
G_-152,2016-12-19,1
G_-152,2016-12-26,1
G_-152,2017-01-09,1
G_-152,2017-02-13,1
G_-152,2017-02-27,1
G_-152,2017-03-20,1
G_-152,2017-04-10,1
G_-152,2017-04-17,1
G_-152,2017-04-24,2
G_-152,2017-05-15,1
G_-152,2017-05-22,1
G_-152,2017-06-26,1
G_-153,2015-03-16,1
G_-153,2015-03-30,1
G_-153,2015-05-18,1
G_-153,2015-06-15,1
G_-153,2015-07-13,1
G_-153,2015-09-07,1
G_-153,2015-09-14,1
G_-153,2015-12-28,1
G_-153,2016-01-04,1
G_-153,2016-02-22,1
G_-153,2016-03-21,3
G_-153,2016-03-28,1
G_-153,2016-04-04,2
G_-153,2016-04-25,1
G_-153,2016-05-09,1
G_-153,2016-05-16,3
G_-153,2016-06-27,1
G_-153,2016-07-11,1
G_-153,2016-08-08,1
G_-153,2016-08-29,1
G_-153,2016-09-12,1
G_-153,2016-09-19,2
G_-153,2016-11-07,1
G_-153,2016-12-12,1
G_-153,2017-03-13,1
G_-153,2017-03-27,5
G_-153,2017-04-03,2
G_-153,2017-04-10,1
G_-153,2017-04-17,1
G_-153,2017-05-01,2
G_-154,2015-11-30,1
G_-154,2015-12-14,2
G_-154,2016-01-25,1
G_-154,2016-04-04,1
G_-154,2016-04-11,2
G_-154,2016-07-04,1
G_-154,2016-07-18,1
G_-154,2016-08-08,1
G_-154,2016-09-12,1
G_-154,2016-09-19,1
G_-154,2016-10-31,1
G_-154,2017-02-06,1
G_-154,2017-02-20,2
G_-154,2017-02-27,1
G_-154,2017-03-13,1
G_-154,2017-04-17,2
G_-154,2017-05-01,1
G_-154,2017-06-12,1
G_-155,2015-03-30,2
G_-155,2015-04-06,1
G_-155,2015-04-13,2
G_-155,2015-05-18,2
G_-155,2015-05-25,1
G_-155,2015-06-08,2
G_-155,2015-07-06,1
G_-155,2015-07-20,1
G_-155,2015-07-27,1
G_-155,2015-08-03,1
G_-155,2015-09-28,1
G_-155,2015-10-12,1
G_-155,2015-11-02,1
G_-155,2015-12-07,1
G_-155,2016-01-18,1
G_-155,2016-03-28,1
G_-155,2016-04-11,2
G_-155,2016-04-18,1
G_-155,2016-04-25,1
G_-155,2016-05-02,1
G_-155,2016-05-09,1
G_-155,2016-05-30,1
G_-155,2016-06-06,3
G_-155,2016-06-13,1
G_-155,2016-07-25,1
G_-155,2016-08-08,1
G_-155,2016-08-29,1
G_-155,2016-09-12,1
G_-155,2016-09-26,1
G_-155,2016-10-10,1
G_-155,2016-10-31,3
G_-155,2016-11-14,1
G_-155,2016-11-21,1
G_-155,2017-01-16,1
G_-155,2017-01-30,4
G_-155,2017-02-06,1
G_-155,2017-02-27,1
G_-155,2017-03-06,2
G_-155,2017-03-20,1
G_-155,2017-04-03,1
G_-155,2017-04-10,1
G_-155,2017-04-17,1
G_-155,2017-05-01,2
G_-155,2017-05-08,3
G_-155,2017-05-15,1
G_-155,2017-06-05,1
G_-156,2015-05-11,1
G_-156,2015-06-01,1
G_-156,2015-06-08,1
G_-156,2015-06-15,1
G_-156,2015-08-03,1
G_-156,2015-09-28,1
G_-156,2015-10-19,1
G_-156,2015-12-21,1
G_-156,2016-01-25,1
G_-156,2016-04-11,1
G_-156,2016-06-13,1
G_-156,2016-06-20,1
G_-156,2016-08-22,1
G_-156,2016-08-29,1
G_-156,2016-09-05,1
G_-156,2016-11-14,1
G_-156,2017-01-02,2
G_-156,2017-03-06,1
G_-156,2017-03-13,1
G_-156,2017-04-10,2
G_-156,2017-05-15,1
G_-156,2017-05-29,1
G_-157,2015-03-23,1
G_-157,2015-03-30,1
G_-157,2015-04-06,1
G_-157,2015-04-20,1
G_-157,2015-04-27,2
G_-157,2015-05-04,3
G_-157,2015-05-18,3
G_-157,2015-06-01,1
G_-157,2015-06-22,1
G_-157,2015-07-06,3
G_-157,2015-07-13,1
G_-157,2015-07-20,1
G_-157,2015-08-03,2
G_-157,2015-08-10,1
G_-157,2015-08-31,1
G_-157,2015-09-07,1
G_-157,2015-09-21,2
G_-157,2015-09-28,1
G_-157,2015-11-09,1
G_-157,2015-11-30,1
G_-157,2015-12-14,1
G_-157,2015-12-28,3
G_-157,2016-01-04,2
G_-157,2016-01-11,2
G_-157,2016-01-18,1
G_-157,2016-01-25,1
G_-157,2016-02-08,1
G_-157,2016-03-07,1
G_-157,2016-03-21,1
G_-157,2016-04-25,1
G_-157,2016-05-09,1
G_-157,2016-06-20,3
G_-157,2016-07-18,1
G_-157,2016-07-25,1
G_-157,2016-08-08,2
G_-157,2016-08-15,2
G_-157,2016-08-22,2
G_-157,2016-09-05,1
G_-157,2016-09-26,1
G_-157,2016-10-10,2
G_-157,2016-10-24,1
G_-157,2016-10-31,2
G_-157,2016-11-07,2
G_-157,2016-11-14,1
G_-157,2016-12-19,3
G_-157,2016-12-26,1
G_-157,2017-01-23,1
G_-157,2017-01-30,1
G_-157,2017-02-06,2
G_-157,2017-02-13,1
G_-157,2017-02-27,1
G_-157,2017-03-06,2
G_-157,2017-03-13,3
G_-157,2017-03-20,1
G_-157,2017-03-27,2
G_-157,2017-04-03,1
G_-157,2017-04-10,2
G_-157,2017-04-17,3
G_-157,2017-05-01,2
G_-157,2017-05-08,5
G_-158,2015-03-30,1
G_-158,2015-04-13,2
G_-158,2015-05-11,2
G_-158,2015-05-25,2
G_-158,2015-06-08,1
G_-158,2015-06-15,1
G_-158,2015-06-29,1
G_-158,2015-07-06,2
G_-158,2015-07-13,1
G_-158,2015-07-27,1
G_-158,2015-08-10,2
G_-158,2015-08-24,1
G_-158,2015-08-31,2
G_-158,2015-09-07,1
G_-158,2015-09-14,1
G_-158,2015-10-19,1
G_-158,2015-11-02,1
G_-158,2015-11-09,1
G_-158,2015-12-14,1
G_-158,2016-01-11,1
G_-158,2016-01-18,2
G_-158,2016-01-25,1
G_-158,2016-02-08,2
G_-158,2016-02-22,1
G_-158,2016-02-29,3
G_-158,2016-03-07,1
G_-158,2016-03-14,1
G_-158,2016-03-21,1
G_-158,2016-03-28,1
G_-158,2016-04-04,1
G_-158,2016-04-11,1
G_-158,2016-05-09,2
G_-158,2016-05-16,2
G_-158,2016-05-30,1
G_-158,2016-06-13,1
G_-158,2016-07-04,3
G_-158,2016-07-18,1
G_-158,2016-08-08,2
G_-158,2016-08-15,1
G_-158,2016-08-29,1
G_-158,2016-09-19,1
G_-158,2016-10-03,3
G_-158,2016-10-10,1
G_-158,2016-10-17,1
G_-158,2016-10-24,1
G_-158,2016-10-31,1
G_-158,2016-12-12,1
G_-158,2016-12-26,1
G_-158,2017-01-09,3
G_-158,2017-01-16,2
G_-158,2017-02-06,1
G_-158,2017-02-20,1
G_-158,2017-03-06,1
G_-158,2017-03-13,1
G_-158,2017-03-20,1
G_-158,2017-03-27,1
G_-158,2017-04-24,1
G_-158,2017-05-08,1
G_-158,2017-05-15,2
G_-159,2015-08-10,1
G_-159,2015-11-16,1
G_-159,2016-02-29,1
G_-159,2016-04-11,1
G_-159,2016-06-27,1
G_-159,2016-07-04,1
G_-159,2016-07-11,2
G_-159,2016-09-19,1
G_-159,2016-10-03,1
G_-159,2016-11-14,1
G_-159,2016-11-28,1
G_-159,2017-02-13,1
G_-159,2017-04-17,1
G_-159,2017-07-17,1
G_-16,2015-04-27,1
G_-16,2015-05-04,1
G_-16,2015-07-20,1
G_-16,2015-08-24,1
G_-16,2015-08-31,1
G_-16,2015-09-21,1
G_-16,2015-10-26,1
G_-16,2015-11-09,1
G_-16,2015-11-23,1
G_-16,2016-02-22,1
G_-16,2016-05-02,1
G_-16,2016-09-05,1
G_-16,2016-09-12,1
G_-16,2016-10-03,1
G_-16,2016-10-24,3
G_-16,2017-01-02,1
G_-16,2017-01-16,1
G_-16,2017-02-06,2
G_-16,2017-02-13,1
G_-16,2017-02-27,1
G_-16,2017-04-10,1
G_-16,2017-05-01,1
G_-160,2015-04-06,1
G_-160,2015-04-20,1
G_-160,2015-04-27,1
G_-160,2015-05-25,1
G_-160,2015-06-15,1
G_-160,2015-06-29,1
G_-160,2015-08-03,1
G_-160,2015-08-10,1
G_-160,2015-08-17,1
G_-160,2015-11-02,1
G_-160,2015-12-28,2
G_-160,2016-02-15,1
G_-160,2016-03-21,2
G_-160,2016-04-11,1
G_-160,2016-07-25,1
G_-160,2016-09-05,1
G_-160,2016-10-10,1
G_-160,2016-11-14,1
G_-160,2016-12-05,1
G_-160,2016-12-19,1
G_-160,2017-02-20,1
G_-160,2017-03-06,1
G_-160,2017-03-13,1
G_-160,2017-04-03,2
G_-160,2017-04-24,2
G_-160,2017-05-08,1
G_-161,2015-04-20,1
G_-161,2015-04-27,2
G_-161,2015-05-18,1
G_-161,2015-06-22,1
G_-161,2015-07-20,1
G_-161,2015-08-10,1
G_-161,2015-09-21,1
G_-161,2015-12-07,1
G_-161,2016-01-25,1
G_-161,2016-04-04,1
G_-161,2016-04-18,1
G_-161,2016-09-19,1
G_-161,2016-10-10,1
G_-161,2016-10-17,1
G_-161,2016-10-24,1
G_-161,2016-11-14,1
G_-161,2016-12-05,1
G_-161,2017-04-10,1
G_-161,2017-04-17,1
G_-162,2015-03-30,1
G_-162,2015-04-13,1
G_-162,2015-04-27,1
G_-162,2015-06-08,1
G_-162,2015-06-15,2
G_-162,2015-07-06,1
G_-162,2015-07-13,1
G_-162,2015-07-20,1
G_-162,2015-07-27,1
G_-162,2015-08-03,1
G_-162,2015-09-07,1
G_-162,2015-09-14,1
G_-162,2015-09-21,2
G_-162,2015-11-02,2
G_-162,2015-11-16,1
G_-162,2015-12-07,1
G_-162,2016-03-21,1
G_-162,2016-03-28,2
G_-162,2016-04-11,2
G_-162,2016-04-18,3
G_-162,2016-05-09,1
G_-162,2016-05-30,1
G_-162,2016-06-13,2
G_-162,2016-06-20,2
G_-162,2016-07-18,2
G_-162,2016-08-01,2
G_-162,2016-12-12,1
G_-162,2016-12-26,2
G_-162,2017-01-09,2
G_-162,2017-03-20,1
G_-162,2017-04-03,1
G_-162,2017-04-24,2
G_-162,2017-05-01,1
G_-162,2017-05-22,1
G_-163,2015-04-06,1
G_-163,2015-04-13,3
G_-163,2015-04-20,1
G_-163,2015-05-18,2
G_-163,2015-07-13,1
G_-163,2015-07-20,1
G_-163,2015-08-24,1
G_-163,2015-09-07,1
G_-163,2015-09-21,1
G_-163,2015-10-19,1
G_-163,2015-11-02,1
G_-163,2016-02-01,1
G_-163,2016-02-08,1
G_-163,2016-02-15,1
G_-163,2016-02-22,1
G_-163,2016-02-29,1
G_-163,2016-04-04,3
G_-163,2016-04-11,1
G_-163,2016-05-02,2
G_-163,2016-05-16,3
G_-163,2016-05-23,1
G_-163,2016-06-06,1
G_-163,2016-06-13,2
G_-163,2016-08-29,1
G_-163,2016-09-26,1
G_-163,2016-10-24,1
G_-163,2016-12-12,2
G_-163,2017-01-09,1
G_-163,2017-01-23,4
G_-163,2017-02-20,1
G_-163,2017-03-13,1
G_-163,2017-05-01,1
G_-163,2017-05-22,1
G_-163,2017-06-26,1
G_-164,2015-03-23,1
G_-164,2015-04-06,1
G_-164,2015-04-20,2
G_-164,2015-05-04,4
G_-164,2015-06-15,1
G_-164,2015-06-22,3
G_-164,2015-06-29,2
G_-164,2015-07-27,2
G_-164,2015-08-03,2
G_-164,2015-08-17,1
G_-164,2015-08-24,1
G_-164,2015-08-31,1
G_-164,2015-09-07,2
G_-164,2015-09-14,1
G_-164,2015-09-28,2
G_-164,2015-10-05,2
G_-164,2015-10-19,1
G_-164,2015-11-02,1
G_-164,2015-11-16,1
G_-164,2015-11-30,1
G_-164,2015-12-21,1
G_-164,2015-12-28,1
G_-164,2016-01-04,1
G_-164,2016-01-18,2
G_-164,2016-02-01,2
G_-164,2016-02-08,1
G_-164,2016-02-15,2
G_-164,2016-02-29,2
G_-164,2016-03-07,1
G_-164,2016-03-14,1
G_-164,2016-03-21,2
G_-164,2016-04-04,2
G_-164,2016-04-11,2
G_-164,2016-04-18,2
G_-164,2016-04-25,1
G_-164,2016-05-09,1
G_-164,2016-05-16,1
G_-164,2016-05-30,1
G_-164,2016-06-06,1
G_-164,2016-06-13,1
G_-164,2016-06-20,1
G_-164,2016-06-27,1
G_-164,2016-07-04,1
G_-164,2016-07-18,2
G_-164,2016-07-25,2
G_-164,2016-08-01,1
G_-164,2016-08-08,3
G_-164,2016-08-15,1
G_-164,2016-08-22,1
G_-164,2016-09-12,2
G_-164,2016-09-26,1
G_-164,2016-10-10,3
G_-164,2016-10-17,1
G_-164,2016-10-24,1
G_-164,2016-10-31,1
G_-164,2016-11-14,2
G_-164,2016-11-21,3
G_-164,2016-12-12,3
G_-164,2017-01-02,3
G_-164,2017-01-09,2
G_-164,2017-01-16,4
G_-164,2017-01-23,1
G_-164,2017-01-30,2
G_-164,2017-02-06,3
G_-164,2017-02-13,1
G_-164,2017-02-20,2
G_-164,2017-02-27,1
G_-164,2017-03-06,3
G_-164,2017-03-13,4
G_-164,2017-03-27,2
G_-164,2017-04-03,3
G_-164,2017-04-10,2
G_-164,2017-04-17,2
G_-164,2017-04-24,6
G_-164,2017-05-01,4
G_-164,2017-05-08,3
G_-164,2017-05-15,2
G_-164,2017-06-05,1
G_-165,2015-03-23,1
G_-165,2015-03-30,1
G_-165,2015-04-13,1
G_-165,2015-04-20,1
G_-165,2015-05-11,3
G_-165,2015-05-18,1
G_-165,2015-05-25,1
G_-165,2015-07-20,1
G_-165,2015-07-27,1
G_-165,2015-08-03,1
G_-165,2015-08-31,1
G_-165,2015-09-14,2
G_-165,2015-10-05,2
G_-165,2015-10-12,1
G_-165,2015-10-26,1
G_-165,2015-11-30,1
G_-165,2016-01-04,1
G_-165,2016-01-18,2
G_-165,2016-02-01,1
G_-165,2016-02-15,2
G_-165,2016-02-22,1
G_-165,2016-03-07,1
G_-165,2016-04-18,1
G_-165,2016-05-30,1
G_-165,2016-07-04,1
G_-165,2016-07-11,1
G_-165,2016-07-25,1
G_-165,2016-08-01,1
G_-165,2016-08-15,1
G_-165,2016-09-05,2
G_-165,2016-09-26,1
G_-165,2016-10-03,1
G_-165,2016-10-24,1
G_-165,2016-11-07,1
G_-165,2016-12-26,1
G_-165,2017-02-13,1
G_-165,2017-02-27,2
G_-165,2017-03-20,1
G_-165,2017-03-27,2
G_-165,2017-04-24,2
G_-165,2017-05-01,2
G_-165,2017-05-08,1
G_-165,2017-05-15,1
G_-165,2017-05-29,1
G_-166,2015-03-23,1
G_-166,2015-04-06,1
G_-166,2015-04-13,1
G_-166,2015-05-04,1
G_-166,2015-05-18,1
G_-166,2015-06-08,1
G_-166,2015-06-29,1
G_-166,2015-07-13,1
G_-166,2015-07-20,2
G_-166,2015-08-03,1
G_-166,2015-08-10,1
G_-166,2015-08-31,2
G_-166,2015-09-14,2
G_-166,2015-10-05,1
G_-166,2015-10-12,1
G_-166,2015-10-26,1
G_-166,2015-11-30,1
G_-166,2015-12-07,1
G_-166,2015-12-14,2
G_-166,2016-01-04,2
G_-166,2016-01-11,3
G_-166,2016-01-18,1
G_-166,2016-02-01,2
G_-166,2016-02-08,1
G_-166,2016-02-29,1
G_-166,2016-03-07,2
G_-166,2016-03-21,1
G_-166,2016-04-25,1
G_-166,2016-05-30,1
G_-166,2016-06-20,1
G_-166,2016-07-04,2
G_-166,2016-07-11,1
G_-166,2016-07-25,1
G_-166,2016-08-01,3
G_-166,2016-08-22,1
G_-166,2016-10-24,2
G_-166,2016-10-31,1
G_-166,2016-11-28,2
G_-166,2016-12-12,1
G_-166,2016-12-26,1
G_-166,2017-01-23,1
G_-166,2017-02-06,1
G_-166,2017-03-06,1
G_-166,2017-03-13,1
G_-166,2017-03-27,1
G_-166,2017-04-17,1
G_-166,2017-04-24,3
G_-166,2017-05-01,1
G_-166,2017-05-08,1
G_-167,2015-03-30,1
G_-167,2015-04-13,2
G_-167,2015-04-20,1
G_-167,2015-05-25,1
G_-167,2015-06-01,1
G_-167,2015-07-06,1
G_-167,2015-07-13,1
G_-167,2015-07-20,2
G_-167,2015-07-27,3
G_-167,2015-08-03,1
G_-167,2015-08-17,2
G_-167,2015-08-24,1
G_-167,2015-09-21,2
G_-167,2015-10-05,1
G_-167,2015-10-19,2
G_-167,2015-11-16,1
G_-167,2015-11-30,1
G_-167,2015-12-07,2
G_-167,2016-01-18,1
G_-167,2016-02-08,1
G_-167,2016-02-15,1
G_-167,2016-03-07,1
G_-167,2016-04-04,1
G_-167,2016-04-11,1
G_-167,2016-04-18,1
G_-167,2016-05-16,1
G_-167,2016-06-27,1
G_-167,2016-07-04,1
G_-167,2016-07-11,1
G_-167,2016-07-18,1
G_-167,2016-07-25,1
G_-167,2016-08-01,2
G_-167,2016-08-08,2
G_-167,2016-08-15,1
G_-167,2016-08-29,2
G_-167,2016-09-12,2
G_-167,2016-09-19,2
G_-167,2016-09-26,1
G_-167,2016-10-03,1
G_-167,2016-10-17,2
G_-167,2016-11-14,1
G_-167,2016-12-12,1
G_-167,2016-12-19,1
G_-167,2017-01-09,1
G_-167,2017-01-23,1
G_-167,2017-01-30,2
G_-167,2017-02-13,1
G_-167,2017-03-06,1
G_-167,2017-03-13,1
G_-167,2017-03-20,1
G_-167,2017-04-03,2
G_-167,2017-04-10,1
G_-167,2017-04-17,3
G_-167,2017-04-24,1
G_-167,2017-05-01,3
G_-167,2017-05-08,1
G_-167,2017-05-22,1
G_-168,2015-04-13,1
G_-168,2015-05-18,1
G_-168,2015-05-25,1
G_-168,2015-06-01,1
G_-168,2015-06-15,1
G_-168,2015-07-06,2
G_-168,2015-07-20,1
G_-168,2015-08-24,2
G_-168,2015-09-07,1
G_-168,2015-09-21,1
G_-168,2015-09-28,2
G_-168,2015-10-19,1
G_-168,2015-10-26,1
G_-168,2015-11-02,1
G_-168,2015-11-23,1
G_-168,2015-11-30,2
G_-168,2015-12-07,2
G_-168,2015-12-14,1
G_-168,2015-12-21,1
G_-168,2016-01-04,2
G_-168,2016-01-11,1
G_-168,2016-01-25,1
G_-168,2016-02-15,3
G_-168,2016-04-04,1
G_-168,2016-04-18,1
G_-168,2016-05-09,2
G_-168,2016-05-30,1
G_-168,2016-06-06,1
G_-168,2016-06-13,1
G_-168,2016-06-20,1
G_-168,2016-07-18,1
G_-168,2016-08-01,1
G_-168,2016-08-08,1
G_-168,2016-08-22,1
G_-168,2016-10-31,2
G_-168,2016-11-07,3
G_-168,2016-11-14,1
G_-168,2016-12-05,1
G_-168,2016-12-19,1
G_-168,2017-01-09,1
G_-168,2017-01-23,1
G_-168,2017-01-30,2
G_-168,2017-02-06,1
G_-168,2017-03-13,1
G_-168,2017-03-27,2
G_-168,2017-04-03,2
G_-168,2017-04-10,1
G_-168,2017-04-17,1
G_-168,2017-04-24,2
G_-168,2017-05-01,1
G_-168,2017-05-08,1
G_-168,2017-05-22,1
G_-17,2015-03-16,2
G_-17,2015-03-23,9
G_-17,2015-03-30,9
G_-17,2015-04-06,8
G_-17,2015-04-13,8
G_-17,2015-04-20,7
G_-17,2015-04-27,11
G_-17,2015-05-04,9
G_-17,2015-05-11,7
G_-17,2015-05-18,7
G_-17,2015-05-25,10
G_-17,2015-06-01,6
G_-17,2015-06-08,8
G_-17,2015-06-15,9
G_-17,2015-06-22,6
G_-17,2015-06-29,7
G_-17,2015-07-06,5
G_-17,2015-07-13,9
G_-17,2015-07-20,6
G_-17,2015-07-27,8
G_-17,2015-08-03,12
G_-17,2015-08-10,10
G_-17,2015-08-17,9
G_-17,2015-08-24,6
G_-17,2015-08-31,10
G_-17,2015-09-07,4
G_-17,2015-09-14,4
G_-17,2015-09-21,8
G_-17,2015-09-28,8
G_-17,2015-10-05,9
G_-17,2015-10-12,11
G_-17,2015-10-19,8
G_-17,2015-10-26,2
G_-17,2015-11-02,6
G_-17,2015-11-09,10
G_-17,2015-11-16,8
G_-17,2015-11-23,10
G_-17,2015-11-30,7
G_-17,2015-12-07,8
G_-17,2015-12-14,10
G_-17,2015-12-21,2
G_-17,2015-12-28,7
G_-17,2016-01-04,3
G_-17,2016-01-11,11
G_-17,2016-01-18,5
G_-17,2016-01-25,6
G_-17,2016-02-01,7
G_-17,2016-02-08,4
G_-17,2016-02-15,10
G_-17,2016-02-22,9
G_-17,2016-02-29,10
G_-17,2016-03-07,4
G_-17,2016-03-14,7
G_-17,2016-03-21,5
G_-17,2016-03-28,9
G_-17,2016-04-04,10
G_-17,2016-04-11,7
G_-17,2016-04-18,5
G_-17,2016-04-25,8
G_-17,2016-05-02,9
G_-17,2016-05-09,10
G_-17,2016-05-16,6
G_-17,2016-05-23,8
G_-17,2016-05-30,3
G_-17,2016-06-06,10
G_-17,2016-06-13,10
G_-17,2016-06-20,6
G_-17,2016-06-27,5
G_-17,2016-07-04,7
G_-17,2016-07-11,2
G_-17,2016-07-18,7
G_-17,2016-07-25,2
G_-17,2016-08-01,9
G_-17,2016-08-08,6
G_-17,2016-08-15,4
G_-17,2016-08-22,6
G_-17,2016-08-29,2
G_-17,2016-09-05,2
G_-17,2016-09-12,9
G_-17,2016-09-19,12
G_-17,2016-09-26,9
G_-17,2016-10-03,8
G_-17,2016-10-10,11
G_-17,2016-10-17,9
G_-17,2016-10-24,9
G_-17,2016-10-31,7
G_-17,2016-11-07,2
G_-17,2016-11-14,3
G_-17,2016-11-21,5
G_-17,2016-11-28,1
G_-17,2016-12-05,5
G_-17,2016-12-12,7
G_-17,2016-12-19,9
G_-17,2016-12-26,4
G_-17,2017-01-02,4
G_-17,2017-01-09,5
G_-17,2017-01-16,11
G_-17,2017-01-23,6
G_-17,2017-01-30,10
G_-17,2017-02-06,6
G_-17,2017-02-13,5
G_-17,2017-02-20,7
G_-17,2017-02-27,5
G_-17,2017-03-06,5
G_-17,2017-03-13,9
G_-17,2017-03-20,8
G_-17,2017-03-27,10
G_-17,2017-04-03,5
G_-17,2017-04-10,12
G_-17,2017-04-17,8
G_-17,2017-04-24,9
G_-17,2017-05-01,4
G_-17,2017-05-08,7
G_-17,2017-05-15,1
G_-17,2017-05-22,1
G_-18,2015-03-23,1
G_-18,2015-03-30,2
G_-18,2015-04-20,1
G_-18,2015-05-04,1
G_-18,2015-06-01,1
G_-18,2015-07-20,2
G_-18,2015-07-27,1
G_-18,2015-08-17,2
G_-18,2015-09-07,1
G_-18,2015-10-05,1
G_-18,2015-10-26,2
G_-18,2015-11-16,1
G_-18,2015-12-28,1
G_-18,2016-01-11,1
G_-18,2016-01-18,1
G_-18,2016-02-15,2
G_-18,2016-02-22,2
G_-18,2016-03-07,1
G_-18,2016-03-14,3
G_-18,2016-03-28,1
G_-18,2016-04-25,1
G_-18,2016-05-16,1
G_-18,2016-05-23,1
G_-18,2016-05-30,1
G_-18,2016-06-20,1
G_-18,2016-07-18,1
G_-18,2016-08-15,1
G_-18,2016-09-19,1
G_-18,2016-09-26,1
G_-18,2016-10-03,1
G_-18,2016-10-10,1
G_-18,2016-11-07,2
G_-18,2016-11-14,1
G_-18,2017-01-09,1
G_-18,2017-01-16,1
G_-18,2017-01-23,1
G_-18,2017-02-20,1
G_-18,2017-03-27,1
G_-18,2017-04-03,1
G_-18,2017-05-01,3
G_-18,2017-05-08,1
G_-18,2017-06-12,1
G_-19,2015-04-06,1
G_-19,2015-04-13,1
G_-19,2015-04-20,1
G_-19,2015-06-29,1
G_-19,2015-11-09,1
G_-19,2016-01-04,1
G_-19,2016-01-25,1
G_-19,2016-03-28,1
G_-19,2016-04-25,1
G_-19,2016-05-30,1
G_-19,2016-09-05,1
G_-19,2016-09-26,1
G_-19,2016-11-21,1
G_-19,2016-11-28,1
G_-19,2016-12-12,1
G_-19,2017-02-06,1
G_-19,2017-02-27,1
G_-19,2017-03-06,1
G_-19,2017-04-03,1
G_-19,2017-04-24,1
